# Blender 4.1.1
# www.blender.org
mtllib RomeHelmet.mtl
o Helmet_LowPoly
v 0.580205 0.408327 -0.005984
v 0.600018 0.370748 0.114227
v 0.588861 0.393129 0.074947
v 0.582142 0.405836 0.033366
v 0.612513 0.345198 0.146822
v 0.632069 0.432373 -0.007016
v 0.651883 0.394795 0.113196
v 0.640725 0.417175 0.073915
v 0.634007 0.429883 0.032335
v 0.664377 0.369244 0.145790
v 0.592979 0.375517 -0.128524
v 0.584141 0.396326 -0.087815
v 0.579857 0.407384 -0.045449
v 0.603536 0.351280 -0.162765
v 0.644844 0.399563 -0.129555
v 0.636006 0.420373 -0.088847
v 0.631721 0.431431 -0.046480
v 0.655400 0.375326 -0.163796
v 0.587438 0.392703 -0.006501
v 0.605652 0.358154 0.103915
v 0.595264 0.378998 0.067463
v 0.589178 0.390510 0.029858
v 0.617787 0.333336 0.135501
v 0.639303 0.416749 -0.007533
v 0.657517 0.382200 0.102883
v 0.647128 0.403044 0.066432
v 0.641043 0.414556 0.028826
v 0.669652 0.357382 0.134469
v 0.599187 0.362534 -0.119057
v 0.590951 0.381919 -0.081275
v 0.587067 0.391940 -0.042958
v 0.609444 0.338988 -0.152243
v 0.651052 0.386580 -0.120089
v 0.642815 0.405966 -0.082307
v 0.638931 0.415987 -0.043989
v 0.661309 0.363034 -0.153274
v 0.533665 -0.399570 0.635963
v -0.041859 -0.534338 0.641554
v 0.046777 -0.624682 0.675566
v -0.216911 -0.651092 0.592237
v -0.172994 -0.828698 0.617144
v -0.163718 -1.030177 0.632337
v 0.533665 -0.399570 -0.635963
v -0.041859 -0.534338 -0.641553
v 0.046777 -0.624682 -0.675566
v -0.216911 -0.651092 -0.592237
v -0.172994 -0.828698 -0.617144
v -0.163718 -1.030177 -0.632337
v -0.063854 0.331004 0.032077
v -0.218149 0.288390 0.016183
v 0.098433 0.336842 0.046569
v 0.264446 0.308015 0.059271
v 0.427816 0.245617 0.069696
v 0.580870 0.151095 0.077442
v 0.711838 0.022967 0.082176
v 0.818702 -0.134943 0.084149
v 0.555082 0.133045 0.198447
v 0.404578 0.229351 0.178598
v 0.684227 0.005774 0.210618
v 0.788548 -0.143222 0.215867
v -0.223440 0.284682 0.041511
v -0.074548 0.323515 0.082200
v 0.082907 0.325971 0.119335
v 0.244686 0.294179 0.151885
v 0.054191 0.305864 0.187515
v -0.094328 0.309665 0.129163
v 0.208137 0.268588 0.238662
v 0.361599 0.199263 0.280636
v 0.507846 0.099955 0.311790
v 0.637162 -0.025590 0.330806
v 0.745798 -0.163004 0.339189
v -0.233229 0.277820 0.065243
v 0.571559 -0.072038 0.435542
v 0.441087 0.052899 0.412735
v 0.684105 -0.201509 0.443040
v -0.247140 0.268069 0.086468
v -0.122433 0.289986 0.171162
v 0.013389 0.277294 0.248489
v 0.156206 0.232225 0.316267
v 0.300530 0.156511 0.371890
v -0.037931 0.241358 0.299914
v -0.157783 0.265234 0.206584
v 0.090888 0.186489 0.381718
v 0.223719 0.102736 0.448852
v 0.355821 -0.006690 0.498387
v 0.484027 -0.133379 0.527132
v 0.607509 -0.257818 0.537774
v -0.264639 0.255803 0.104370
v 0.385005 -0.210499 0.599502
v 0.255909 -0.076383 0.565080
v 0.549417 -0.354041 0.613305
v -0.285054 0.241494 0.118261
v -0.199020 0.236359 0.234067
v -0.097797 0.199439 0.339813
v 0.014692 0.133135 0.432500
v 0.134118 0.040006 0.508566
v -0.069453 0.074216 0.466661
v -0.163909 0.153146 0.366653
v 0.035169 -0.029268 0.548735
v 0.145951 -0.153350 0.609722
v 0.270346 -0.292136 0.646722
v 0.440591 -0.436238 0.660854
v -0.307599 0.225691 0.127608
v -0.244559 0.204473 0.252555
v 0.282573 -0.504780 0.686002
v 0.142042 -0.375527 0.668912
v -0.331409 0.209002 0.132050
v -0.292650 0.170799 0.261337
v -0.233727 0.104259 0.379403
v -0.158313 0.011994 0.482888
v -0.069325 -0.102425 0.567817
v 0.029872 -0.234725 0.630760
v 0.005672 -0.571742 0.659125
v -0.175347 -0.176654 0.565077
v -0.248473 -0.051138 0.480559
v -0.087545 -0.317983 0.625473
v 0.010957 -0.472557 0.656049
v 0.112221 -0.590074 0.682081
v -0.355568 0.192068 0.131418
v -0.341445 0.136632 0.260077
v -0.304565 0.054657 0.377573
v -0.379148 0.175539 0.125736
v -0.389069 0.103286 0.248821
v -0.373704 0.006245 0.361232
v -0.336398 -0.112705 0.459762
v -0.278427 -0.248823 0.540623
v -0.202398 -0.392661 0.596735
v -0.113781 -0.527000 0.617943
v -0.200770 -0.733790 0.602446
v -0.370514 -0.313295 0.495215
v -0.417913 -0.169787 0.421342
v -0.301575 -0.462274 0.549815
v -0.207122 -0.600662 0.592335
v -0.401243 0.160052 0.115221
v -0.433447 0.072182 0.228320
v -0.438322 -0.039022 0.331222
v -0.235099 -0.875422 0.534211
v -0.470156 0.046083 0.202981
v -0.421004 0.146201 0.100279
v -0.494130 -0.078351 0.291101
v -0.491469 -0.221339 0.367291
v -0.460297 -0.376156 0.428557
v -0.400761 -0.537671 0.474193
v -0.309364 -0.700400 0.510475
v -0.482903 -0.594756 0.376448
v -0.536071 -0.429209 0.346190
v -0.399457 -0.759675 0.394685
v -0.319404 -0.928268 0.408318
v -0.437671 0.134518 0.081483
v -0.503110 0.023015 0.168021
v -0.542612 -0.112290 0.238404
v -0.554243 -0.265293 0.298878
v -0.531460 0.003450 0.122507
v -0.450604 0.125453 0.059556
v -0.581930 -0.139641 0.174250
v -0.602682 -0.299179 0.218892
v -0.590406 -0.467253 0.253401
v -0.538389 -0.632213 0.272621
v -0.459893 -0.795550 0.281673
v -0.381199 -0.964444 0.292088
v -0.577057 -0.659456 0.163108
v -0.627618 -0.493308 0.151663
v -0.498418 -0.823261 0.168328
v -0.426747 -0.995111 0.175661
v -0.459305 0.119354 0.035340
v -0.550371 -0.009697 0.071994
v -0.608206 -0.157986 0.103488
v -0.635240 -0.321967 0.130674
v -0.620694 -0.166707 0.028582
v -0.559195 -0.015843 0.019695
v -0.650852 -0.332895 0.036264
v -0.645552 -0.505867 0.042203
v -0.595937 -0.672694 0.045443
v -0.519349 -0.838023 0.046991
v -0.457424 -1.015735 0.049345
v -0.463441 0.116455 0.009766
v -0.215350 -1.064232 0.560398
v -0.294708 -1.109663 0.447381
v -0.366271 -1.147930 0.328784
v -0.422567 -1.180465 0.199022
v -0.460667 -1.203057 0.056049
v -0.158048 -0.929527 0.628066
v -0.279467 -1.245803 0.625389
v -0.371411 -1.292964 0.551925
v -0.456488 -1.337848 0.406533
v -0.516322 -1.376185 0.244659
v -0.546205 -1.396197 0.068768
v -0.190869 -1.123209 0.629977
v -0.062656 0.331842 -0.019277
v -0.217561 0.288803 -0.009766
v 0.100172 0.338060 -0.027986
v 0.266660 0.309565 -0.035620
v 0.430419 0.247439 -0.041885
v 0.583762 0.153120 -0.046540
v 0.715145 0.024839 -0.049384
v 0.823275 -0.134404 -0.050565
v 0.563621 0.139022 -0.168733
v 0.412286 0.234747 -0.151855
v 0.693122 0.011497 -0.179071
v 0.797337 -0.140098 -0.183482
v -0.221697 0.285904 -0.035340
v -0.071001 0.325999 -0.069891
v 0.088057 0.329577 -0.101467
v 0.251241 0.298769 -0.129142
v 0.062555 0.311720 -0.171047
v -0.088567 0.313699 -0.117819
v 0.218782 0.276041 -0.217702
v 0.374117 0.208027 -0.255990
v 0.521554 0.109570 -0.284433
v 0.650597 -0.016463 -0.301898
v 0.757817 -0.156750 -0.309667
v -0.230399 0.279804 -0.059556
v 0.589871 -0.058927 -0.410947
v 0.459537 0.065912 -0.388868
v 0.701583 -0.189884 -0.418949
v -0.243331 0.270739 -0.081483
v -0.114680 0.295415 -0.161220
v 0.024645 0.285175 -0.234055
v 0.170532 0.242256 -0.297895
v 0.317376 0.168304 -0.350288
v -0.024216 0.250962 -0.288068
v -0.148336 0.271848 -0.198425
v 0.108343 0.198711 -0.366641
v 0.244246 0.117107 -0.431124
v 0.378752 0.009264 -0.478552
v 0.507769 -0.116680 -0.505374
v 0.626602 -0.241645 -0.514504
v -0.259999 0.259056 -0.100279
v 0.410217 -0.189886 -0.583803
v 0.281960 -0.058167 -0.550414
v 0.561018 -0.325393 -0.597169
v -0.279759 0.245205 -0.115221
v -0.188242 0.243906 -0.228004
v -0.082150 0.210395 -0.331010
v 0.034607 0.147080 -0.421296
v 0.157537 0.056402 -0.495392
v -0.047844 0.089347 -0.459762
v -0.146932 0.165034 -0.361233
v 0.060580 -0.011478 -0.540623
v 0.174186 -0.133584 -0.600708
v 0.301177 -0.272055 -0.637211
v 0.478077 -0.421300 -0.651290
v -0.301854 0.229718 -0.125736
v -0.232865 0.212661 -0.248821
v 0.323453 -0.486047 -0.682220
v 0.174588 -0.354018 -0.666117
v -0.325434 0.213190 -0.131418
v -0.280488 0.179315 -0.260077
v -0.216070 0.116622 -0.377573
v -0.135840 0.027730 -0.480559
v -0.042899 -0.083924 -0.565077
v 0.059210 -0.214096 -0.627845
v 0.005672 -0.571742 -0.659125
v -0.148921 -0.158153 -0.567817
v -0.226001 -0.035402 -0.482888
v -0.058282 -0.297379 -0.629281
v 0.044087 -0.444939 -0.662799
v 0.155578 -0.567466 -0.685526
v -0.349593 0.196256 -0.132050
v -0.329283 0.145148 -0.261337
v -0.286909 0.067020 -0.379403
v -0.373403 0.179566 -0.127608
v -0.377374 0.111475 -0.252555
v -0.356726 0.018133 -0.366653
v -0.314846 -0.097613 -0.466661
v -0.253329 -0.231250 -0.548735
v -0.174450 -0.375149 -0.605731
v -0.084225 -0.524510 -0.627312
v -0.200770 -0.733790 -0.602446
v -0.348502 -0.297884 -0.508527
v -0.398297 -0.156049 -0.432509
v -0.278264 -0.444475 -0.563494
v -0.190839 -0.573474 -0.595934
v -0.395948 0.163763 -0.118261
v -0.422860 0.079618 -0.234135
v -0.422803 -0.028139 -0.339858
v -0.210678 -0.857381 -0.567194
v -0.461733 0.052104 -0.209736
v -0.416363 0.149454 -0.104370
v -0.481093 -0.069144 -0.302019
v -0.473886 -0.209013 -0.382168
v -0.437813 -0.360414 -0.447088
v -0.375356 -0.518878 -0.496170
v -0.280289 -0.679934 -0.539971
v -0.465878 -0.583461 -0.401764
v -0.519653 -0.417713 -0.367819
v -0.379607 -0.748689 -0.423739
v -0.300652 -0.917947 -0.438742
v -0.433862 0.137188 -0.086468
v -0.494944 0.028651 -0.178053
v -0.531056 -0.104252 -0.252948
v -0.539808 -0.255195 -0.317242
v -0.525208 0.007783 -0.134496
v -0.447774 0.127437 -0.065243
v -0.573287 -0.133615 -0.191010
v -0.592018 -0.291716 -0.239754
v -0.578313 -0.458785 -0.277496
v -0.525965 -0.623567 -0.298919
v -0.447464 -0.787107 -0.309457
v -0.367520 -0.955657 -0.320612
v -0.569156 -0.653899 -0.191242
v -0.620070 -0.488023 -0.177869
v -0.490246 -0.817423 -0.197293
v -0.416619 -0.988264 -0.205474
v -0.457563 0.120575 -0.041511
v -0.546578 -0.007058 -0.084902
v -0.602902 -0.154283 -0.121662
v -0.628648 -0.317354 -0.153384
v -0.618898 -0.165453 -0.047551
v -0.557942 -0.014969 -0.032812
v -0.648593 -0.331314 -0.060289
v -0.642949 -0.504043 -0.070135
v -0.593189 -0.670771 -0.075504
v -0.516105 -0.835753 -0.078052
v -0.451882 -1.012027 -0.081888
v -0.462853 0.116867 -0.016183
v -0.337639 0.237215 0.002403
v -0.293782 0.260575 0.020764
v -0.338424 0.236664 0.006163
v -0.194783 -1.050878 -0.589097
v -0.275440 -1.099501 -0.475572
v -0.349439 -1.138602 -0.359538
v -0.410214 -1.173175 -0.232533
v -0.453632 -1.198900 -0.092980
v -0.158048 -0.929527 -0.628066
v -0.259192 -1.230078 -0.627466
v -0.347183 -1.281395 -0.580922
v -0.437760 -1.326993 -0.445143
v -0.503708 -1.367724 -0.286148
v -0.541999 -1.393465 -0.114110
v -0.190869 -1.123209 -0.629977
v -0.152911 0.307110 0.023255
v 0.016428 0.338269 0.039513
v 0.181371 0.326721 0.053176
v 0.346859 0.280889 0.064795
v 0.506361 0.202410 0.073924
v 0.649705 0.091393 0.080208
v 0.767165 -0.053719 0.083375
v 0.481716 0.185160 0.189434
v 0.623017 0.072977 0.205541
v 0.738369 -0.067197 0.213772
v -0.160501 0.301791 0.059581
v 0.003255 0.329045 0.101255
v 0.163643 0.314307 0.136266
v 0.325256 0.265765 0.166040
v -0.021110 0.311985 0.159104
v 0.130854 0.291347 0.214119
v 0.285300 0.237790 0.260904
v 0.436193 0.153292 0.297659
v 0.575245 0.039671 0.322870
v 0.693151 -0.093643 0.335802
v -0.174538 0.291955 0.093618
v 0.508372 -0.007979 0.426460
v 0.629389 -0.136737 0.440431
v -0.291135 0.262429 0.008095
v -0.194482 0.277979 0.124057
v -0.055730 0.287744 0.210840
v 0.084263 0.258724 0.283743
v 0.228527 0.198041 0.345742
v 0.371555 0.108004 0.394393
v -0.099275 0.257253 0.254473
v 0.025662 0.217690 0.342463
v 0.157120 0.148044 0.417293
v 0.290092 0.050990 0.476042
v 0.420556 -0.069232 0.515460
v 0.546147 -0.196147 0.533816
v -0.219567 0.260400 0.149728
v 0.317393 -0.141784 0.585222
v 0.464136 -0.281707 0.608296
v -0.248829 0.239895 0.169645
v -0.150071 0.221685 0.288327
v -0.042698 0.169822 0.388023
v 0.073821 0.089721 0.472807
v 0.195007 -0.015541 0.539421
v -0.118189 0.116961 0.418671
v -0.018168 0.025313 0.510152
v 0.090050 -0.089014 0.582029
v 0.203787 -0.221519 0.631464
v 0.351258 -0.363943 0.655628
v -0.281143 0.217250 0.183043
v -0.206167 0.182407 0.311101
v 0.209753 -0.441446 0.679035
v -0.315268 0.193337 0.189407
v -0.265406 0.140927 0.321919
v -0.197911 0.061138 0.433230
v -0.115311 -0.042705 0.527892
v -0.020783 -0.166616 0.602248
v 0.082985 -0.305578 0.653001
v -0.213877 -0.111718 0.525346
v -0.133193 -0.245441 0.599062
v -0.038929 -0.394794 0.643247
v 0.061943 -0.533020 0.669189
v -0.349892 0.169074 0.188492
v -0.325512 0.098840 0.320366
v -0.278799 0.004498 0.431140
v -0.383685 0.145393 0.180333
v -0.384175 0.057763 0.306502
v -0.357737 -0.050777 0.412482
v -0.309856 -0.178922 0.502611
v -0.242476 -0.321230 0.572928
v -0.158900 -0.460465 0.610295
v -0.397270 -0.240129 0.460501
v -0.338644 -0.388576 0.525120
v -0.258270 -0.531766 0.570412
v -0.415348 0.123205 0.165244
v -0.438932 0.019396 0.281131
v -0.431492 -0.102433 0.378108
v -0.443664 0.103362 0.143805
v -0.485345 -0.013440 0.248329
v -0.496326 -0.147972 0.330881
v -0.479254 -0.297540 0.399966
v -0.434846 -0.456668 0.452980
v -0.356869 -0.618287 0.493339
v -0.268034 -0.785661 0.523651
v -0.514055 -0.512069 0.363242
v -0.443337 -0.677227 0.386776
v -0.356315 -0.842697 0.400977
v -0.467545 0.086627 0.116840
v -0.526268 -0.042085 0.204289
v -0.551971 -0.186930 0.270034
v -0.549204 -0.346518 0.324538
v -0.486073 0.073643 0.085384
v -0.560312 -0.065681 0.149146
v -0.596095 -0.217727 0.197572
v -0.601303 -0.382995 0.237836
v -0.568862 -0.550266 0.264785
v -0.501355 -0.713748 0.277907
v -0.417229 -0.878524 0.285368
v -0.607274 -0.577180 0.158510
v -0.539567 -0.741003 0.166092
v -0.458244 -0.907673 0.170917
v -0.498537 0.064909 0.050647
v -0.583024 -0.081508 0.088206
v -0.625661 -0.238401 0.117689
v -0.636484 -0.407629 0.142212
v -0.593739 -0.088981 0.024269
v -0.639786 -0.248278 0.032593
v -0.653403 -0.419476 0.039528
v -0.625843 -0.590183 0.044141
v -0.558784 -0.754516 0.046298
v -0.483342 -0.925262 0.047857
v -0.504457 0.060761 0.013964
v -0.360949 -1.054658 0.305362
v -0.412260 -1.086112 0.184478
v -0.448146 -1.108457 0.051927
v -0.215036 -0.969448 0.544086
v -0.295331 -1.017874 0.420927
v -0.496783 -1.299212 0.061913
v -0.402498 -1.242594 0.364218
v -0.240332 -1.156305 0.589062
v -0.461335 -1.277588 0.220011
v -0.324293 -1.201439 0.493776
v -0.152060 0.307706 -0.013964
v 0.017904 0.339303 -0.023746
v 0.183357 0.328111 -0.031957
v 0.349279 0.282583 -0.038940
v 0.509122 0.204342 -0.044426
v 0.652731 0.093455 -0.048202
v 0.771024 -0.052405 -0.050102
v 0.489889 0.190881 -0.161069
v 0.631801 0.079063 -0.174763
v 0.747247 -0.062560 -0.181730
v -0.157980 0.303558 -0.050647
v 0.007625 0.332105 -0.086093
v 0.169524 0.318425 -0.115862
v 0.332422 0.270782 -0.141178
v -0.014014 0.316954 -0.145132
v 0.140404 0.298035 -0.195314
v 0.296937 0.245938 -0.237991
v 0.449446 0.162571 -0.271521
v 0.589005 0.049317 -0.294592
v 0.705958 -0.085746 -0.306519
v -0.170444 0.294824 -0.085384
v 0.526929 0.005280 -0.402032
v 0.647313 -0.124237 -0.415999
v -0.188972 0.281840 -0.116840
v -0.046180 0.294431 -0.198593
v 0.097115 0.267723 -0.267261
v 0.244188 0.209006 -0.325658
v 0.389390 0.120501 -0.371497
v -0.087638 0.265401 -0.244422
v 0.041322 0.228655 -0.328937
v 0.176202 0.161405 -0.400811
v 0.311880 0.066230 -0.457221
v 0.444412 -0.052753 -0.494627
v 0.568075 -0.179603 -0.511262
v -0.212853 0.265105 -0.143805
v 0.344150 -0.122775 -0.569988
v 0.483513 -0.257596 -0.592092
v -0.241169 0.245262 -0.165244
v -0.136795 0.230981 -0.280859
v -0.024831 0.182333 -0.377972
v 0.095592 0.104964 -0.460560
v 0.219851 0.001848 -0.525445
v -0.098802 0.130536 -0.412482
v 0.005455 0.041853 -0.502611
v 0.117003 -0.070146 -0.573424
v 0.233102 -0.201139 -0.622122
v 0.385233 -0.345954 -0.646291
v -0.272832 0.223074 -0.180333
v -0.191761 0.192493 -0.306502
v 0.245965 -0.420988 -0.675864
v -0.306625 0.199394 -0.188492
v -0.250424 0.151417 -0.320366
v -0.177749 0.075256 -0.431140
v -0.090744 -0.025504 -0.525346
v 0.007244 -0.146985 -0.599358
v 0.113507 -0.284150 -0.650208
v -0.189309 -0.094517 -0.527892
v -0.105176 -0.225813 -0.602063
v -0.008456 -0.372100 -0.648709
v 0.099247 -0.508374 -0.674703
v -0.341249 0.175131 -0.189407
v -0.310531 0.109330 -0.321919
v -0.258638 0.018615 -0.433230
v -0.375374 0.151217 -0.183043
v -0.369770 0.067850 -0.311101
v -0.338358 -0.037207 -0.418671
v -0.286405 -0.162502 -0.510152
v -0.215920 -0.302896 -0.581530
v -0.129722 -0.447393 -0.619557
v -0.376299 -0.225445 -0.472795
v -0.315745 -0.372360 -0.539169
v -0.236249 -0.510620 -0.581203
v -0.407688 0.128573 -0.169645
v -0.425820 0.028598 -0.288386
v -0.413741 -0.089994 -0.388052
v -0.436950 0.108067 -0.149728
v -0.474585 -0.005801 -0.257181
v -0.481063 -0.137240 -0.343814
v -0.459173 -0.283477 -0.416704
v -0.410436 -0.439454 -0.473253
v -0.330620 -0.597922 -0.517824
v -0.241952 -0.765617 -0.554968
v -0.497503 -0.500559 -0.386643
v -0.424779 -0.666078 -0.414063
v -0.336688 -0.832018 -0.431246
v -0.462035 0.090488 -0.124057
v -0.516343 -0.035207 -0.216653
v -0.538920 -0.177822 -0.286584
v -0.533536 -0.335549 -0.344541
v -0.481979 0.076512 -0.093618
v -0.552823 -0.060473 -0.163593
v -0.586390 -0.210946 -0.216477
v -0.589808 -0.374946 -0.260442
v -0.556488 -0.541609 -0.290089
v -0.488975 -0.705233 -0.305048
v -0.404451 -0.869952 -0.313564
v -0.599470 -0.571712 -0.185862
v -0.531653 -0.735386 -0.194736
v -0.449286 -0.901328 -0.200148
v -0.496016 0.066676 -0.059581
v -0.578452 -0.078320 -0.103827
v -0.619683 -0.234221 -0.138234
v -0.629355 -0.402637 -0.166842
v -0.592206 -0.087911 -0.040398
v -0.637748 -0.246853 -0.054202
v -0.650950 -0.417759 -0.065700
v -0.623144 -0.588294 -0.073346
v -0.555956 -0.752539 -0.076919
v -0.479106 -0.922313 -0.079455
v -0.503606 0.061358 -0.023255
v -0.345727 -1.045676 -0.334453
v -0.400861 -1.079037 -0.215599
v -0.441437 -1.104285 -0.086148
v -0.192550 -0.953937 -0.577345
v -0.276878 -1.007798 -0.450251
v -0.490762 -1.295613 -0.102719
v -0.384550 -1.232601 -0.398380
v -0.220394 -1.143529 -0.606237
v -0.448659 -1.269805 -0.257156
v -0.302915 -1.190715 -0.521984
v -0.326500 0.195641 0.000000
v 0.529408 -0.405702 0.617409
v -0.035994 -0.534165 0.622433
v 0.050450 -0.627406 0.656096
v -0.205412 -0.650508 0.575883
v -0.157743 -0.826623 0.604373
v -0.146994 -1.033188 0.621790
v 0.529408 -0.405702 -0.617409
v -0.035994 -0.534165 -0.622433
v 0.050449 -0.627406 -0.656095
v -0.205412 -0.650508 -0.575883
v -0.157743 -0.826623 -0.604372
v -0.146994 -1.033188 -0.621790
v 0.696427 0.010534 0.079359
v 0.801914 -0.145409 0.081213
v 0.669835 -0.006362 0.203865
v 0.772546 -0.153737 0.210091
v 0.624702 -0.037491 0.320651
v 0.731658 -0.173994 0.330285
v 0.561693 -0.082709 0.421802
v 0.672984 -0.211288 0.429598
v 0.476707 -0.142850 0.511109
v 0.598588 -0.267562 0.522758
v 0.380603 -0.218043 0.581510
v 0.544107 -0.361417 0.595490
v 0.268341 -0.297406 0.627533
v 0.437823 -0.440925 0.641609
v 0.282297 -0.507134 0.666143
v 0.142937 -0.378402 0.649140
v 0.010590 -0.573634 0.639832
v 0.015571 -0.472736 0.636590
v 0.115124 -0.591892 0.662377
v -0.108208 -0.525168 0.598822
v -0.186627 -0.731550 0.588483
v -0.200120 -0.601599 0.573624
v -0.219994 -0.872240 0.521493
v -0.296576 -0.696160 0.495694
v -0.384904 -0.752846 0.382787
v -0.303429 -0.923606 0.397224
v -0.443952 -0.787598 0.272583
v -0.364146 -0.959707 0.282773
v -0.481307 -0.814857 0.162280
v -0.408496 -0.990651 0.168806
v -0.501215 -0.829805 0.045083
v -0.438023 -1.011878 0.046395
v -0.198611 -1.068928 0.550511
v -0.277999 -1.115946 0.438363
v -0.348761 -1.154210 0.321439
v -0.404153 -1.186272 0.193804
v -0.441494 -1.208206 0.053624
v -0.141560 -0.929435 0.616747
v -0.268524 -1.256540 0.612544
v -0.356944 -1.305127 0.545385
v -0.440600 -1.349232 0.402292
v -0.499518 -1.386670 0.241884
v -0.528582 -1.405612 0.067903
v -0.176393 -1.128887 0.617400
v 0.699629 0.012336 -0.047666
v 0.806393 -0.144959 -0.048667
v 0.678389 -0.000697 -0.173219
v 0.781059 -0.150518 -0.178337
v 0.637554 -0.028470 -0.292638
v 0.743043 -0.167705 -0.301811
v 0.579381 -0.069978 -0.397992
v 0.689857 -0.199984 -0.406279
v 0.499741 -0.126450 -0.489879
v 0.616880 -0.251455 -0.500038
v 0.405154 -0.197931 -0.566207
v 0.555157 -0.333315 -0.579765
v 0.298639 -0.277850 -0.618238
v 0.474959 -0.426258 -0.632167
v 0.322460 -0.489018 -0.662467
v 0.174612 -0.357608 -0.646442
v 0.010590 -0.573634 -0.639832
v 0.047931 -0.445543 -0.643182
v 0.157764 -0.568925 -0.665700
v -0.078163 -0.522729 -0.608336
v -0.186627 -0.731550 -0.588483
v -0.185144 -0.573762 -0.576764
v -0.195552 -0.854709 -0.554384
v -0.267828 -0.676674 -0.524671
v -0.365499 -0.742325 -0.411072
v -0.284948 -0.913507 -0.427180
v -0.431840 -0.779378 -0.299653
v -0.350771 -0.950867 -0.310787
v -0.473434 -0.809070 -0.190394
v -0.398647 -0.983725 -0.197962
v -0.498167 -0.827456 -0.074990
v -0.432787 -1.008022 -0.077494
v -0.178041 -1.054922 -0.578929
v -0.258798 -1.105569 -0.466285
v -0.332165 -1.144964 -0.351719
v -0.391992 -1.179106 -0.226806
v -0.434681 -1.204220 -0.089440
v -0.141560 -0.929435 -0.616747
v -0.249581 -1.238998 -0.612365
v -0.333161 -1.293601 -0.573545
v -0.422176 -1.338618 -0.440450
v -0.487114 -1.378428 -0.282976
v -0.524553 -1.403143 -0.112716
v -0.176393 -1.128887 -0.617400
v 0.144568 0.211381 0.042496
v 0.397377 0.106676 0.058010
v 0.635927 0.077164 0.077432
v 0.750688 -0.064684 0.080500
v 0.610179 0.059284 0.198636
v 0.722828 -0.078092 0.207464
v 0.130247 0.201450 0.108915
v 0.377907 0.093168 0.148705
v 0.103753 0.183062 0.171191
v 0.341862 0.068136 0.233805
v 0.564143 0.026700 0.312453
v 0.679582 -0.104779 0.326219
v 0.499580 -0.019614 0.412773
v 0.618666 -0.146693 0.426797
v 0.066092 0.156894 0.226938
v 0.290578 0.032476 0.310056
v 0.018704 0.123922 0.274004
v 0.225986 -0.012502 0.374492
v 0.414144 -0.079276 0.499397
v 0.537928 -0.205542 0.518190
v 0.313613 -0.149928 0.567350
v 0.459091 -0.289150 0.590431
v -0.036592 0.085388 0.310557
v 0.150555 -0.065107 0.424575
v 0.067191 -0.123327 0.458311
v 0.202543 -0.227677 0.612477
v 0.348779 -0.368663 0.636351
v -0.097663 0.042760 0.335165
v 0.209928 -0.443750 0.659169
v -0.162146 -0.002325 0.346861
v -0.020869 -0.184913 0.474349
v 0.084628 -0.309534 0.633465
v -0.110197 -0.247469 0.472047
v -0.034412 -0.395511 0.623777
v 0.065865 -0.534074 0.649606
v -0.227543 -0.048127 0.345181
v -0.291325 -0.092871 0.330194
v -0.197072 -0.308381 0.451504
v -0.153103 -0.459386 0.591183
v -0.275996 -0.363567 0.413458
v -0.249406 -0.531025 0.552499
v -0.350864 -0.134730 0.302740
v -0.401181 -0.170507 0.267373
v -0.350422 -0.415798 0.358532
v -0.344573 -0.614597 0.478002
v -0.254151 -0.781566 0.509849
v -0.428566 -0.670925 0.374856
v -0.341290 -0.836250 0.389458
v -0.445485 -0.201730 0.219909
v -0.413236 -0.460203 0.290886
v -0.482313 -0.227466 0.160526
v -0.460042 -0.493150 0.213012
v -0.485195 -0.706400 0.268695
v -0.401041 -0.871194 0.276190
v -0.522319 -0.732748 0.160232
v -0.440798 -0.900376 0.164406
v -0.506873 -0.244738 0.094907
v -0.491572 -0.515425 0.127327
v -0.518448 -0.252883 0.026105
v -0.506717 -0.526123 0.035391
v -0.540783 -0.745962 0.044628
v -0.464656 -0.918562 0.045421
v -0.343096 -1.054648 0.296346
v -0.393365 -1.086250 0.177925
v -0.428380 -1.108748 0.048885
v -0.198573 -0.968931 0.532741
v -0.278414 -1.017354 0.410272
v -0.478731 -1.307693 0.060423
v -0.386218 -1.252980 0.359011
v -0.225697 -1.165554 0.579048
v -0.444125 -1.287115 0.216399
v -0.309106 -1.212390 0.486744
v 0.146171 0.212493 -0.025537
v 0.399557 0.108187 -0.034859
v 0.638848 0.079156 -0.046528
v 0.754449 -0.063451 -0.048299
v 0.618654 0.065211 -0.168822
v 0.731383 -0.073411 -0.176199
v 0.134998 0.204746 -0.092601
v 0.384368 0.097651 -0.126423
v 0.111471 0.188420 -0.156144
v 0.352365 0.075433 -0.213236
v 0.577390 0.036134 -0.285037
v 0.691761 -0.096891 -0.297904
v 0.517554 -0.006749 -0.389093
v 0.635963 -0.134543 -0.403156
v 0.076483 0.164118 -0.213735
v 0.304732 0.042323 -0.291990
v 0.031370 0.132740 -0.263157
v 0.243256 -0.000470 -0.359637
v 0.437374 -0.063198 -0.479091
v 0.559069 -0.189154 -0.496174
v 0.339727 -0.131427 -0.552507
v 0.477917 -0.265482 -0.574585
v -0.022138 0.095466 -0.302489
v 0.170277 -0.051346 -0.413519
v 0.088604 -0.108365 -0.451495
v 0.231212 -0.207784 -0.603353
v 0.382397 -0.351040 -0.627158
v -0.081979 0.053714 -0.330194
v 0.245332 -0.423980 -0.656099
v -0.145839 0.009083 -0.345181
v 0.001401 -0.169330 -0.472046
v 0.114342 -0.288764 -0.630765
v -0.087936 -0.231872 -0.474350
v -0.004431 -0.373569 -0.629173
v 0.102304 -0.509235 -0.654956
v -0.211246 -0.036706 -0.346860
v -0.275667 -0.081880 -0.335165
v -0.175872 -0.293514 -0.458314
v -0.124208 -0.446584 -0.600349
v -0.257021 -0.350328 -0.424595
v -0.228609 -0.509879 -0.562735
v -0.336592 -0.124677 -0.310602
v -0.389570 -0.162208 -0.276869
v -0.332245 -0.402969 -0.373663
v -0.318824 -0.595065 -0.501928
v -0.228074 -0.762292 -0.540956
v -0.410589 -0.660191 -0.401257
v -0.321976 -0.826044 -0.419086
v -0.434720 -0.194220 -0.233264
v -0.399182 -0.450299 -0.308819
v -0.474216 -0.221784 -0.176078
v -0.449721 -0.485871 -0.233304
v -0.473103 -0.698169 -0.295140
v -0.388577 -0.862722 -0.303778
v -0.514670 -0.727298 -0.187940
v -0.432159 -0.893976 -0.192893
v -0.442111 0.052181 -0.017359
v -0.501930 -0.241260 -0.111726
v -0.485189 -0.510914 -0.149380
v -0.424899 0.064252 -0.070799
v -0.312340 0.143183 -0.143736
v -0.436088 0.056405 -0.044943
v -0.516792 -0.251718 -0.043456
v -0.214377 0.211881 0.113461
v -0.339660 0.124026 -0.138849
v -0.371144 0.101947 0.125563
v -0.160563 0.249618 -0.010892
v -0.263639 0.177335 0.138849
v -0.504539 -0.524513 -0.058826
v -0.237781 0.195468 0.128627
v -0.161188 0.249179 0.017359
v -0.284610 0.162629 -0.143099
v -0.175393 0.239218 -0.065068
v -0.165359 0.246254 -0.038724
v -0.290959 0.158177 0.143736
v -0.427906 0.062143 0.065068
v -0.257535 0.181616 -0.136963
v -0.437940 0.055106 0.038724
v -0.538075 -0.744013 -0.074167
v -0.393854 0.086022 0.109338
v -0.167211 0.244956 0.044943
v -0.190280 0.228779 -0.088911
v -0.413020 0.072582 0.088911
v -0.460697 -0.915452 -0.075706
v -0.178401 0.237109 0.070799
v -0.209445 0.215339 -0.109338
v -0.365518 0.105892 -0.128627
v -0.318689 0.138732 0.143099
v -0.345764 0.119745 0.136963
v -0.194326 0.225941 0.093935
v -0.388922 0.089480 -0.113461
v -0.442737 0.051743 0.010892
v -0.232155 0.199414 -0.125563
v -0.408973 0.075420 -0.093935
v -0.328144 -1.045567 -0.324924
v -0.382184 -1.079155 -0.208446
v -0.421941 -1.104545 -0.081698
v -0.176084 -0.953616 -0.565997
v -0.260138 -1.007164 -0.439325
v -0.472914 -1.304358 -0.100486
v -0.368544 -1.243197 -0.392763
v -0.205851 -1.151551 -0.595094
v -0.431658 -1.279542 -0.253136
v -0.287919 -1.201586 -0.514438
v 0.548436 -0.439004 0.635911
v 0.068774 -0.662405 0.685179
v 0.808210 -0.744059 0.584487
v 0.156771 -1.077373 0.616271
v 0.105326 -0.941557 0.657892
v 0.769503 -0.607165 0.619687
v 0.633143 -0.526279 0.633818
v 0.092062 -0.755558 0.677201
v 0.906384 -1.021904 0.429847
v 0.357576 -1.287716 0.460808
v 0.236183 -1.187893 0.554652
v 0.818629 -0.896071 0.522694
v 1.012785 -1.136922 0.314637
v 0.532416 -1.347889 0.344278
v 0.993520 -1.238958 0.234116
v 0.706597 -1.350815 0.267749
v 0.548436 -0.439004 -0.635911
v 0.068774 -0.662405 -0.685179
v 0.808210 -0.744059 -0.584487
v 0.156771 -1.077373 -0.616271
v 0.105326 -0.941557 -0.657892
v 0.769503 -0.607165 -0.619687
v 0.633143 -0.526279 -0.633818
v 0.092062 -0.755558 -0.677201
v 0.906384 -1.021904 -0.429847
v 0.357576 -1.287716 -0.460808
v 0.236183 -1.187893 -0.554652
v 0.818629 -0.896071 -0.522694
v 1.012785 -1.136922 -0.314637
v 0.532416 -1.347889 -0.344278
v 0.993520 -1.238958 -0.234116
v 0.706597 -1.350815 -0.267749
v 0.126226 -1.017177 0.639692
v 0.583299 -0.484637 0.635653
v 0.096788 -0.845256 0.669889
v 0.801182 -0.669371 0.605115
v 0.704427 -0.563132 0.628903
v 0.082307 -0.698476 0.681826
v 0.289906 -1.240556 0.512369
v 0.808241 -0.821947 0.557203
v 0.192868 -1.133392 0.588545
v 0.852504 -0.961851 0.480410
v 0.440711 -1.324919 0.401496
v 0.968782 -1.079951 0.372103
v 0.623802 -1.354469 0.299089
v 1.016494 -1.191829 0.266204
v 0.126226 -1.017177 -0.639692
v 0.583299 -0.484637 -0.635653
v 0.096788 -0.845256 -0.669889
v 0.801182 -0.669371 -0.605115
v 0.704427 -0.563132 -0.628903
v 0.082307 -0.698476 -0.681826
v 0.289906 -1.240556 -0.512369
v 0.808241 -0.821947 -0.557203
v 0.192868 -1.133392 -0.588545
v 0.852504 -0.961851 -0.480410
v 0.440711 -1.324919 -0.401496
v 0.968782 -1.079951 -0.372103
v 0.623801 -1.354469 -0.299089
v 1.016494 -1.191829 -0.266204
v 0.544223 -0.442032 0.616596
v 0.069039 -0.660748 0.665249
v 0.803126 -0.738513 0.565956
v 0.153705 -1.070790 0.597637
v 0.104519 -0.938002 0.638227
v 0.765621 -0.605944 0.600106
v 0.629696 -0.529806 0.614436
v 0.092855 -0.753932 0.657283
v 0.898636 -1.014200 0.413096
v 0.352539 -1.276523 0.445018
v 0.232125 -1.179347 0.537031
v 0.811918 -0.888831 0.505300
v 1.004403 -1.126333 0.299886
v 0.527208 -1.334200 0.330658
v 0.983697 -1.225996 0.222476
v 0.701779 -1.334851 0.256708
v 0.544223 -0.442032 -0.616596
v 0.069039 -0.660748 -0.665249
v 0.803126 -0.738513 -0.565956
v 0.153705 -1.070790 -0.597637
v 0.104519 -0.938002 -0.638227
v 0.765621 -0.605944 -0.600106
v 0.629696 -0.529806 -0.614436
v 0.092855 -0.753932 -0.657283
v 0.898636 -1.014200 -0.413096
v 0.352539 -1.276523 -0.445018
v 0.232125 -1.179347 -0.537031
v 0.811918 -0.888831 -0.505300
v 1.004403 -1.126333 -0.299886
v 0.527208 -1.334200 -0.330658
v 0.983697 -1.225996 -0.222476
v 0.701779 -1.334850 -0.256708
v 0.124033 -1.011762 0.620564
v 0.579233 -0.487961 0.616355
v 0.097136 -0.843169 0.650002
v 0.796619 -0.665634 0.586005
v 0.701167 -0.564854 0.609245
v 0.082902 -0.696775 0.661907
v 0.285357 -1.230735 0.495550
v 0.802461 -0.815180 0.539292
v 0.189296 -1.125956 0.570326
v 0.845053 -0.954601 0.463325
v 0.435444 -1.312430 0.386789
v 0.960873 -1.071113 0.355998
v 0.618705 -1.339558 0.286772
v 1.007406 -1.179604 0.253245
v 0.124033 -1.011762 -0.620564
v 0.579233 -0.487961 -0.616355
v 0.097136 -0.843169 -0.650002
v 0.796619 -0.665634 -0.586005
v 0.701167 -0.564854 -0.609245
v 0.082902 -0.696775 -0.661907
v 0.285357 -1.230735 -0.495550
v 0.802460 -0.815180 -0.539292
v 0.189296 -1.125956 -0.570326
v 0.845053 -0.954601 -0.463325
v 0.435444 -1.312430 -0.386789
v 0.960874 -1.071113 -0.355998
v 0.618705 -1.339558 -0.286772
v 1.007406 -1.179604 -0.253245
v 0.455125 -0.476268 0.660843
v 0.299717 -0.543179 0.686590
v 0.133107 -0.627472 0.688305
v 0.696387 -0.793506 0.600017
v 0.519015 -0.877844 0.619267
v 0.270168 -1.013423 0.619987
v 0.634479 -0.668783 0.642287
v 0.440695 -0.761528 0.666333
v 0.207924 -0.885344 0.663757
v 0.168436 -0.720248 0.682996
v 0.357732 -0.633632 0.685297
v 0.527328 -0.564024 0.659161
v 0.830971 -1.048115 0.451910
v 0.687369 -1.110134 0.474449
v 0.460809 -1.230517 0.468392
v 0.744987 -0.924923 0.538672
v 0.597462 -0.992774 0.558440
v 0.350349 -1.124951 0.558742
v 0.928504 -1.177078 0.332613
v 0.792250 -1.239225 0.348889
v 0.611933 -1.315167 0.347284
v 0.953313 -1.279432 0.223392
v 0.868988 -1.321402 0.233177
v 0.758215 -1.345472 0.253523
v 0.236321 -0.954956 0.644509
v 0.480821 -0.821365 0.645517
v 0.671372 -0.729130 0.624025
v 0.581529 -0.613752 0.653573
v 0.397724 -0.695753 0.679153
v 0.186312 -0.800131 0.676116
v 0.150875 -0.665708 0.686479
v 0.326103 -0.584334 0.687040
v 0.486650 -0.518905 0.660951
v 0.400194 -1.178753 0.518538
v 0.639835 -1.049501 0.521596
v 0.782696 -0.986259 0.499766
v 0.718266 -0.859926 0.571678
v 0.557555 -0.935280 0.590348
v 0.307765 -1.069650 0.591829
v 0.533799 -1.278384 0.407937
v 0.740901 -1.177211 0.413845
v 0.884943 -1.113843 0.393758
v 0.687216 -1.335347 0.296398
v 0.833773 -1.285334 0.289077
v 0.948306 -1.231313 0.276011
v 0.451554 -0.478991 0.641356
v 0.298598 -0.544237 0.666654
v 0.133442 -0.626391 0.668339
v 0.691335 -0.787841 0.581513
v 0.514710 -0.871686 0.600733
v 0.266980 -1.006795 0.601389
v 0.630514 -0.666965 0.622769
v 0.437819 -0.758233 0.646820
v 0.206937 -0.881695 0.644118
v 0.169012 -0.718665 0.663068
v 0.356175 -0.633362 0.665364
v 0.523852 -0.566165 0.639585
v 0.823680 -1.040085 0.435109
v 0.681744 -1.100577 0.457808
v 0.455818 -1.219493 0.452469
v 0.738708 -0.918067 0.520965
v 0.592602 -0.985518 0.540449
v 0.346301 -1.116571 0.541040
v 0.920578 -1.166338 0.317721
v 0.786299 -1.227150 0.334101
v 0.606800 -1.301633 0.333486
v 0.944118 -1.266576 0.211140
v 0.862300 -1.307565 0.220383
v 0.753288 -1.330007 0.241842
v 0.233944 -0.949410 0.625441
v 0.476964 -0.816105 0.626612
v 0.666723 -0.724882 0.605043
v 0.578095 -0.614424 0.633884
v 0.395718 -0.694301 0.659311
v 0.186442 -0.797959 0.656235
v 0.151401 -0.664398 0.666530
v 0.324837 -0.584983 0.667095
v 0.483029 -0.521540 0.641461
v 0.395667 -1.169102 0.501616
v 0.634550 -1.041181 0.504196
v 0.775761 -0.978986 0.482476
v 0.712714 -0.853509 0.553568
v 0.553032 -0.928716 0.572007
v 0.304154 -1.062302 0.573582
v 0.528631 -1.266099 0.393026
v 0.735155 -1.166477 0.397980
v 0.877458 -1.104711 0.377617
v 0.682132 -1.320531 0.283965
v 0.827412 -1.271937 0.275662
v 0.939647 -1.218964 0.262878
v 0.492616 -0.461174 -0.651261
v 0.339585 -0.525110 -0.682444
v 0.175664 -0.604784 -0.689716
v 0.740874 -0.773697 -0.593935
v 0.565495 -0.854548 -0.615651
v 0.342061 -0.973199 -0.621738
v 0.687667 -0.644408 -0.633565
v 0.488011 -0.737967 -0.662478
v 0.273464 -0.849682 -0.666782
v 0.218359 -0.697216 -0.685972
v 0.400797 -0.614694 -0.681224
v 0.569610 -0.548675 -0.649411
v 0.861652 -1.037141 -0.443419
v 0.728402 -1.090596 -0.471104
v 0.526298 -1.194577 -0.472488
v 0.775132 -0.912857 -0.532415
v 0.640735 -0.971414 -0.554746
v 0.422541 -1.085423 -0.560703
v 0.962143 -1.161121 -0.325777
v 0.827883 -1.223469 -0.346735
v 0.662753 -1.294139 -0.348865
v 0.970315 -1.265110 -0.224961
v 0.892580 -1.312576 -0.229714
v 0.788984 -1.341028 -0.246726
v 0.306297 -0.915717 -0.646915
v 0.528358 -0.797336 -0.641808
v 0.722598 -0.705447 -0.616683
v 0.630200 -0.593532 -0.644075
v 0.443188 -0.674424 -0.675170
v 0.244086 -0.771150 -0.679350
v 0.196069 -0.644262 -0.688784
v 0.367346 -0.566326 -0.682919
v 0.525460 -0.504899 -0.651223
v 0.470002 -1.139972 -0.521739
v 0.682010 -1.028971 -0.517920
v 0.811363 -0.975895 -0.492252
v 0.754556 -0.844423 -0.565986
v 0.602399 -0.912976 -0.586716
v 0.380475 -1.029595 -0.593318
v 0.593028 -1.248931 -0.411475
v 0.780004 -1.159171 -0.411222
v 0.918627 -1.100094 -0.385495
v 0.727812 -1.322663 -0.294707
v 0.863959 -1.272780 -0.286539
v 0.975696 -1.215890 -0.272019
v 0.488667 -0.464099 -0.631875
v 0.337830 -0.526645 -0.662584
v 0.175907 -0.604254 -0.669726
v 0.735782 -0.768053 -0.575436
v 0.560864 -0.848604 -0.597126
v 0.338703 -0.966573 -0.603169
v 0.683744 -0.642989 -0.614007
v 0.484638 -0.735043 -0.642985
v 0.272138 -0.845899 -0.647189
v 0.218599 -0.695768 -0.666028
v 0.398597 -0.614962 -0.661352
v 0.566041 -0.551507 -0.629940
v 0.854093 -1.029338 -0.426628
v 0.722357 -1.081473 -0.454367
v 0.521323 -1.183852 -0.456357
v 0.768616 -0.905840 -0.514857
v 0.635473 -0.964420 -0.536765
v 0.418457 -1.077274 -0.542901
v 0.953943 -1.150510 -0.310939
v 0.821426 -1.211792 -0.331841
v 0.657607 -1.280946 -0.334744
v 0.960767 -1.252255 -0.212980
v 0.885236 -1.299079 -0.216917
v 0.783834 -1.325960 -0.234628
v 0.303653 -0.910062 -0.627915
v 0.524119 -0.792362 -0.622908
v 0.717971 -0.701427 -0.597646
v 0.626814 -0.594868 -0.624413
v 0.440596 -0.673447 -0.655366
v 0.243849 -0.768922 -0.659477
v 0.196394 -0.643378 -0.668808
v 0.365421 -0.567494 -0.663050
v 0.521541 -0.507898 -0.631843
v 0.465461 -1.130588 -0.504672
v 0.676295 -1.021015 -0.500485
v 0.804147 -0.968670 -0.475055
v 0.748861 -0.837829 -0.547984
v 0.597525 -0.906606 -0.568395
v 0.376776 -1.022380 -0.575036
v 0.587898 -1.236990 -0.396275
v 0.773823 -1.148884 -0.395226
v 0.910892 -1.091199 -0.369338
v 0.722620 -1.308177 -0.281935
v 0.856994 -1.259733 -0.273080
v 0.966730 -1.203575 -0.259061
v -0.298678 0.257142 0.032635
v -0.305637 0.252265 0.043252
v -0.314390 0.246129 0.052206
v -0.324601 0.238972 0.059155
v -0.335879 0.231067 0.063830
v -0.347788 0.222719 0.066052
v -0.359873 0.214248 0.065736
v -0.371668 0.205981 0.062894
v -0.382720 0.198234 0.057634
v -0.392604 0.191306 0.050160
v -0.400941 0.185462 0.040758
v -0.407410 0.180927 0.029790
v -0.411763 0.177877 0.017677
v -0.413832 0.176426 0.004885
v -0.290841 0.262636 -0.004885
v -0.292910 0.261186 -0.017677
v -0.297262 0.258135 -0.029790
v -0.303732 0.253600 -0.040758
v -0.312069 0.247757 -0.050160
v -0.321953 0.240828 -0.057634
v -0.333005 0.233081 -0.062894
v -0.344800 0.224814 -0.065736
v -0.356884 0.216343 -0.066052
v -0.368794 0.207995 -0.063830
v -0.380071 0.200090 -0.059155
v -0.390283 0.192933 -0.052206
v -0.399036 0.186797 -0.043252
v -0.405995 0.181920 -0.032635
v -0.410891 0.178488 -0.020764
v -0.413537 0.176633 -0.008095
v -0.339878 0.235646 0.009686
v -0.341943 0.234198 0.012837
v -0.344541 0.232377 0.015495
v -0.347572 0.230253 0.017557
v -0.350919 0.227907 0.018945
v -0.354454 0.225429 0.019604
v -0.358040 0.222915 0.019511
v -0.361541 0.220461 0.018667
v -0.364821 0.218162 0.017106
v -0.367755 0.216105 0.014888
v -0.370230 0.214371 0.012097
v -0.372150 0.213025 0.008842
v -0.373441 0.212120 0.005247
v -0.374056 0.211689 0.001450
v -0.337552 0.237276 -0.001450
v -0.338166 0.236846 -0.005247
v -0.339458 0.235940 -0.008842
v -0.341378 0.234594 -0.012097
v -0.343852 0.232860 -0.014888
v -0.346786 0.230804 -0.017106
v -0.350066 0.228504 -0.018667
v -0.353567 0.226051 -0.019511
v -0.357153 0.223536 -0.019604
v -0.360688 0.221059 -0.018945
v -0.364035 0.218713 -0.017557
v -0.367066 0.216588 -0.015495
v -0.369664 0.214767 -0.012837
v -0.371729 0.213320 -0.009686
v -0.373183 0.212301 -0.006163
v -0.373968 0.211750 -0.002403
v -0.356405 0.225342 0.000000
v 0.436923 -0.181397 0.604793
v 0.315889 -0.234703 0.652518
v 0.182037 -0.292005 0.682782
v 0.036716 -0.349782 0.685593
v -0.104660 -0.410325 0.659812
v -0.209698 -0.454744 0.624622
v -0.241858 -0.112533 0.565138
v -0.161340 -0.052390 0.597091
v -0.060653 0.042482 0.623858
v 0.043676 0.158437 0.625645
v 0.152711 0.263323 0.601186
v 0.259915 0.354664 0.550837
v 0.358927 0.435580 0.470278
v 0.440487 0.499386 0.370007
v 0.496139 0.545375 0.255843
v 0.525756 0.574169 0.128049
v 0.532824 0.584008 0.000000
v 0.566260 -0.129116 0.524517
v 0.670803 -0.098020 0.416085
v 0.747768 -0.075020 0.284776
v 0.792371 -0.061401 0.133725
v 0.808568 -0.056341 0.000000
v -0.496615 -0.367736 0.438059
v -0.484021 -0.238562 0.425729
v -0.398000 -0.150178 0.467633
v -0.428346 -0.461505 0.497354
v 0.436923 -0.181397 -0.604793
v 0.315889 -0.234703 -0.652518
v 0.182037 -0.292004 -0.682782
v 0.036717 -0.349782 -0.685593
v -0.104660 -0.410325 -0.659812
v -0.209698 -0.454744 -0.624622
v -0.241858 -0.112533 -0.565138
v -0.161340 -0.052390 -0.597091
v -0.060653 0.042482 -0.623858
v 0.043676 0.158437 -0.625645
v 0.152711 0.263323 -0.601186
v 0.259915 0.354664 -0.550837
v 0.358927 0.435580 -0.470277
v 0.440487 0.499386 -0.370007
v 0.496139 0.545375 -0.255843
v 0.525756 0.574169 -0.128049
v 0.566260 -0.129116 -0.524517
v 0.670803 -0.098020 -0.416085
v 0.747768 -0.075020 -0.284776
v 0.792371 -0.061401 -0.133724
v -0.496615 -0.367736 -0.438059
v -0.484021 -0.238562 -0.425730
v -0.398000 -0.150178 -0.467633
v -0.428346 -0.461505 -0.497354
v -0.494881 -0.269985 0.423659
v -0.500752 -0.302785 0.425051
v -0.501295 -0.335771 0.429938
v -0.447568 -0.185233 0.440965
v -0.289008 -0.474268 0.586049
v -0.280754 -0.131428 0.542400
v -0.374844 -0.477584 0.534449
v -0.343367 -0.136922 0.501159
v -0.470772 -0.423238 0.463683
v -0.494881 -0.269985 -0.423659
v -0.500752 -0.302785 -0.425051
v -0.501295 -0.335771 -0.429938
v -0.447568 -0.185233 -0.440965
v -0.289008 -0.474268 -0.586049
v -0.280754 -0.131428 -0.542400
v -0.374844 -0.477584 -0.534449
v -0.343366 -0.136922 -0.501159
v -0.470772 -0.423238 -0.463683
v 0.426121 -0.187715 0.577528
v 0.309470 -0.239794 0.623659
v 0.180250 -0.296322 0.653148
v 0.041329 -0.353280 0.656157
v -0.095366 -0.413819 0.631503
v -0.196835 -0.458213 0.597743
v -0.227695 -0.115753 0.538888
v -0.149999 -0.055379 0.569479
v -0.053995 0.039606 0.594748
v 0.043569 0.154662 0.595884
v 0.146907 0.258431 0.572163
v 0.248271 0.348097 0.523980
v 0.342101 0.427165 0.446909
v 0.419028 0.489676 0.351426
v 0.470840 0.534560 0.243885
v 0.498565 0.562703 0.122645
v 0.505265 0.572155 0.000000
v 0.550076 -0.137339 0.500632
v 0.649261 -0.107754 0.397614
v 0.722491 -0.085829 0.272767
v 0.765338 -0.072806 0.127469
v 0.781009 -0.068194 0.000000
v -0.480403 -0.371696 0.413130
v -0.467809 -0.242522 0.400800
v -0.381784 -0.154137 0.442706
v -0.412144 -0.465463 0.472418
v 0.426121 -0.187715 -0.577528
v 0.309470 -0.239794 -0.623659
v 0.180250 -0.296322 -0.653148
v 0.041329 -0.353280 -0.656157
v -0.095366 -0.413819 -0.631503
v -0.196835 -0.458213 -0.597743
v -0.227695 -0.115753 -0.538888
v -0.149999 -0.055379 -0.569479
v -0.053995 0.039606 -0.594748
v 0.043570 0.154662 -0.595884
v 0.146907 0.258431 -0.572163
v 0.248271 0.348097 -0.523980
v 0.342101 0.427165 -0.446909
v 0.419028 0.489676 -0.351426
v 0.470840 0.534560 -0.243885
v 0.498565 0.562703 -0.122645
v 0.550076 -0.137339 -0.500632
v 0.649261 -0.107754 -0.397614
v 0.722491 -0.085829 -0.272766
v 0.765338 -0.072806 -0.127469
v -0.480403 -0.371696 -0.413130
v -0.467809 -0.242522 -0.400800
v -0.381784 -0.154137 -0.442706
v -0.412143 -0.465463 -0.472418
v -0.478669 -0.273945 0.398729
v -0.484539 -0.306745 0.400122
v -0.485082 -0.339731 0.405009
v -0.431355 -0.189194 0.416036
v -0.274163 -0.477911 0.560235
v -0.264255 -0.134964 0.517595
v -0.358845 -0.481503 0.509376
v -0.327089 -0.140848 0.476266
v -0.454560 -0.427198 0.438754
v -0.478668 -0.273945 -0.398729
v -0.484539 -0.306745 -0.400122
v -0.485082 -0.339731 -0.405009
v -0.431355 -0.189194 -0.416036
v -0.274163 -0.477911 -0.560235
v -0.264255 -0.134964 -0.517595
v -0.358845 -0.481503 -0.509376
v -0.327089 -0.140847 -0.476266
v -0.454559 -0.427198 -0.438754
v -1.060656 -0.775189 0.126505
v -0.780564 -0.618384 0.109541
v -0.675489 0.163386 0.108359
v -0.349250 0.463542 0.108359
v -0.545633 0.189157 0.088777
v -0.402197 0.313891 0.088777
v -0.453296 0.109609 0.086389
v -0.337922 0.206852 0.086389
v -1.060656 -0.775189 -0.113728
v -0.780564 -0.618384 -0.096763
v -0.675489 0.163386 -0.095582
v -0.349250 0.463542 -0.095582
v -0.545633 0.189157 -0.076000
v -0.402197 0.313891 -0.076000
v -0.453296 0.109609 -0.073611
v -0.337922 0.206852 -0.073611
v -1.048414 -0.830002 0.179585
v -1.048414 -0.830002 -0.166807
v -0.970292 -0.577954 0.122733
v -0.970292 -0.577954 -0.109956
v 0.431825 0.615109 0.109541
v 0.431825 0.615109 -0.096763
v 0.562724 0.858246 0.131505
v 0.562724 0.858246 -0.118728
v 0.609928 0.839016 0.179691
v 0.609927 0.839016 -0.166914
v 0.404723 0.843477 0.127728
v 0.404723 0.843477 -0.114951
v -0.205389 0.863140 0.187170
v -0.401581 0.784327 0.187117
v -0.581793 0.674938 0.187115
v -0.741157 0.548299 0.187115
v -0.869739 0.401963 0.187115
v -0.971039 0.236586 0.187115
v -1.048206 0.042423 0.187115
v -1.086933 -0.168444 0.187115
v -1.089753 -0.390458 0.187115
v -1.072739 -0.609987 0.187115
v -0.720484 0.106882 0.110563
v -0.802779 -0.312236 0.111090
v -0.285176 0.513729 0.110563
v -0.798212 -0.154289 0.111090
v -0.145857 0.578706 0.111090
v -0.774188 -0.021798 0.111090
v -0.795942 -0.448723 0.111090
v -0.610254 0.186670 0.096563
v -0.475548 0.251450 0.091053
v -0.385702 0.388464 0.096563
v -0.397360 0.160222 0.083055
v -0.379318 0.254155 0.083606
v -0.494153 0.156887 0.083606
v -0.205389 0.863140 -0.174393
v -0.401581 0.784327 -0.174340
v -0.581793 0.674938 -0.174338
v -0.741157 0.548299 -0.174338
v -0.869739 0.401963 -0.174338
v -0.971039 0.236586 -0.174338
v -1.048206 0.042423 -0.174338
v -1.086933 -0.168444 -0.174338
v -1.089753 -0.390458 -0.174338
v -1.072739 -0.609987 -0.174338
v -0.720484 0.106882 -0.097786
v -0.802779 -0.312236 -0.098313
v -0.285176 0.513730 -0.097786
v -0.798212 -0.154289 -0.098313
v -0.145857 0.578706 -0.098313
v -0.774188 -0.021798 -0.098313
v -0.795942 -0.448723 -0.098313
v -0.610254 0.186670 -0.083786
v -0.475548 0.251450 -0.078276
v -0.385702 0.388464 -0.083786
v -0.397360 0.160222 -0.070278
v -0.379318 0.254155 -0.070829
v -0.494153 0.156887 -0.070829
v -0.206333 0.867796 -0.121559
v -0.403357 0.788492 0.131837
v -0.584189 0.678583 0.131728
v -0.743994 0.551349 0.131728
v -0.872862 0.404344 0.131728
v -0.974491 0.238375 0.131728
v -1.051974 0.043343 0.131728
v -1.090837 -0.168670 0.131728
v -1.093775 -0.390392 0.131728
v -1.081003 -0.581541 0.131728
v -0.403357 0.788492 -0.119059
v -0.584189 0.678583 -0.118951
v -0.743994 0.551349 -0.118951
v -0.872862 0.404344 -0.118951
v -0.974491 0.238375 -0.118951
v -1.051974 0.043343 -0.118951
v -1.090837 -0.168670 -0.118951
v -1.093775 -0.390392 -0.118951
v -1.081003 -0.581541 -0.118951
v -0.369877 0.710658 0.125425
v -0.536470 0.606804 0.125319
v -0.679243 0.483704 0.125319
v -0.791736 0.344805 0.125319
v -0.883902 0.192594 0.125319
v -0.951288 0.021433 0.125319
v -0.981678 -0.164883 0.125319
v -0.983661 -0.363050 0.125319
v -0.980347 -0.459979 0.125319
v -0.369877 0.710658 -0.112648
v -0.536470 0.606804 -0.112541
v -0.679243 0.483704 -0.112541
v -0.791736 0.344805 -0.112541
v -0.883902 0.192594 -0.112541
v -0.951288 0.021433 -0.112541
v -0.981678 -0.164882 -0.112541
v -0.983661 -0.363050 -0.112541
v -0.980347 -0.459979 -0.112541
v 0.000766 0.622677 0.111090
v -0.002754 0.906589 0.187224
v -0.002754 0.906589 -0.174446
v 0.000766 0.622677 -0.098313
v 0.219931 0.920776 0.187226
v 0.219931 0.920776 -0.174449
v 0.158707 0.643091 0.111090
v 0.158707 0.643091 -0.098313
v 0.295845 0.641722 -0.098313
v 0.295845 0.641722 0.111090
v 0.436975 0.890818 -0.174449
v 0.436975 0.890818 0.187226
v -0.189120 0.785641 -0.115094
v -0.002832 0.911177 0.136836
v -0.002832 0.911177 -0.124059
v 0.219716 0.925356 0.136945
v 0.219716 0.925356 -0.124167
v 0.412486 0.903031 -0.124167
v 0.412486 0.903031 0.136945
v -0.189120 0.785641 0.127872
v -0.206333 0.867796 0.134336
v -0.001822 0.826426 0.130318
v -0.001822 0.826426 -0.117541
v 0.194979 0.843429 0.130424
v 0.194979 0.843429 -0.117647
v 0.305008 0.856417 -0.117647
v 0.305008 0.856417 0.130424
v -0.430291 0.408762 0.106445
v -0.532942 0.322506 0.102044
v -0.620744 0.227213 0.106445
v -0.437038 0.205673 0.086964
v -0.430291 0.408762 -0.093667
v -0.532942 0.322506 -0.089266
v -0.620744 0.227213 -0.093667
v -0.437038 0.205673 -0.074186
v 0.192538 -0.929693 0.636767
v 0.221140 -0.991612 0.614470
v 0.670900 -0.688336 0.613528
v 0.698646 -0.749239 0.592788
v 0.569545 -0.586845 0.634468
v 0.626133 -0.634560 0.626110
v 0.157271 -0.766590 0.660812
v 0.171926 -0.852041 0.649620
v 0.178730 -0.681437 0.668005
v 0.149204 -0.698105 0.664850
v 0.252494 -0.649205 0.672902
v 0.342003 -0.610260 0.668184
v 0.439241 -0.571120 0.656129
v 0.517649 -0.546645 0.641162
v 0.340941 -1.155402 0.520503
v 0.396952 -1.206687 0.473823
v 0.768338 -0.945552 0.500844
v 0.811204 -1.006626 0.458061
v 0.718025 -0.814900 0.566516
v 0.738312 -0.881584 0.535990
v 0.255522 -1.047475 0.588437
v 0.294812 -1.102088 0.557685
v 0.466259 -1.254543 0.421128
v 0.546712 -1.295200 0.363640
v 0.863824 -1.069134 0.407168
v 0.913654 -1.131000 0.346372
v 0.235971 -0.897214 0.610552
v 0.190650 -0.925396 0.619598
v 0.265491 -0.956911 0.585681
v 0.218001 -0.985296 0.595095
v 0.381012 -0.889661 0.567703
v 0.344273 -0.832489 0.588295
v 0.454444 -0.779184 0.590483
v 0.492941 -0.836125 0.576541
v 0.601649 -0.787653 0.579532
v 0.567213 -0.730314 0.593864
v 0.667326 -0.685218 0.597623
v 0.694787 -0.744900 0.577492
v 0.567608 -0.586201 0.624420
v 0.623751 -0.633232 0.613976
v 0.372308 -0.656572 0.629250
v 0.413078 -0.717909 0.605836
v 0.524094 -0.671931 0.606458
v 0.476604 -0.616470 0.624504
v 0.192230 -0.743290 0.639478
v 0.156511 -0.764085 0.645208
v 0.211484 -0.823826 0.625531
v 0.171057 -0.849406 0.634504
v 0.308352 -0.767223 0.605865
v 0.276150 -0.699591 0.633490
v 0.384859 -1.117967 0.494816
v 0.338001 -1.149722 0.508411
v 0.439109 -1.170746 0.452568
v 0.393875 -1.200584 0.462607
v 0.543714 -1.099859 0.436824
v 0.497399 -1.047078 0.479334
v 0.605756 -0.998642 0.489339
v 0.649704 -1.054925 0.446534
v 0.741737 -1.017575 0.444792
v 0.699606 -0.961281 0.486896
v 0.763127 -0.939694 0.485706
v 0.806636 -1.001435 0.445432
v 0.714671 -0.810763 0.554115
v 0.733815 -0.876211 0.521310
v 0.531664 -0.894337 0.556003
v 0.569752 -0.950644 0.527581
v 0.665086 -0.905458 0.522735
v 0.633992 -0.847530 0.555862
v 0.302547 -1.012672 0.563137
v 0.252793 -1.042338 0.574329
v 0.341355 -1.066186 0.533053
v 0.292428 -1.097672 0.546748
v 0.457226 -0.999693 0.517323
v 0.418704 -0.945326 0.543423
v 0.506683 -1.223425 0.404267
v 0.464091 -1.250279 0.413578
v 0.584918 -1.271264 0.350243
v 0.544561 -1.291103 0.356105
v 0.668670 -1.230506 0.338551
v 0.599268 -1.159191 0.383785
v 0.697780 -1.112730 0.388910
v 0.756052 -1.190374 0.331432
v 0.841953 -1.150294 0.327939
v 0.790000 -1.074803 0.387055
v 0.857414 -1.061496 0.391039
v 0.905895 -1.124721 0.333517
v 0.919873 -1.147057 0.308046
v 0.859953 -1.180560 0.314978
v 0.779323 -1.219183 0.323463
v 0.698230 -1.256429 0.330211
v 0.581939 -1.302409 0.333479
v 0.620565 -1.289501 0.332588
v 0.518855 -0.547679 0.629817
v 0.439194 -0.573711 0.641497
v 0.342369 -0.612375 0.653593
v 0.253201 -0.650916 0.661668
v 0.147582 -0.699398 0.651229
v 0.179063 -0.683056 0.655876
v 0.926908 -1.156472 0.324429
v 0.865540 -1.189008 0.329443
v 0.783938 -1.227627 0.337089
v 0.701190 -1.262500 0.340198
v 0.583707 -1.305785 0.340031
v 0.622478 -1.293207 0.339579
v 0.192538 -0.929693 -0.636767
v 0.221141 -0.991612 -0.614470
v 0.670900 -0.688336 -0.613528
v 0.698646 -0.749239 -0.592788
v 0.569545 -0.586845 -0.634468
v 0.626133 -0.634560 -0.626110
v 0.157271 -0.766590 -0.660812
v 0.171926 -0.852041 -0.649620
v 0.178730 -0.681437 -0.668005
v 0.149204 -0.698105 -0.664850
v 0.252494 -0.649205 -0.672902
v 0.342003 -0.610260 -0.668184
v 0.439241 -0.571120 -0.656129
v 0.517649 -0.546645 -0.641162
v 0.340941 -1.155402 -0.520503
v 0.396952 -1.206687 -0.473823
v 0.768338 -0.945552 -0.500844
v 0.811204 -1.006626 -0.458060
v 0.718025 -0.814900 -0.566516
v 0.738312 -0.881584 -0.535990
v 0.255523 -1.047475 -0.588437
v 0.294812 -1.102088 -0.557685
v 0.466260 -1.254543 -0.421128
v 0.546712 -1.295200 -0.363640
v 0.863824 -1.069134 -0.407168
v 0.913653 -1.131000 -0.346372
v 0.235972 -0.897214 -0.610552
v 0.190650 -0.925396 -0.619598
v 0.265491 -0.956911 -0.585681
v 0.218001 -0.985296 -0.595095
v 0.381013 -0.889661 -0.567703
v 0.344273 -0.832489 -0.588295
v 0.454444 -0.779184 -0.590483
v 0.492941 -0.836125 -0.576541
v 0.601649 -0.787653 -0.579532
v 0.567213 -0.730314 -0.593864
v 0.667326 -0.685218 -0.597623
v 0.694787 -0.744900 -0.577492
v 0.567608 -0.586201 -0.624420
v 0.623751 -0.633232 -0.613976
v 0.372308 -0.656572 -0.629250
v 0.413079 -0.717909 -0.605836
v 0.524094 -0.671931 -0.606458
v 0.476605 -0.616470 -0.624504
v 0.192230 -0.743290 -0.639478
v 0.156511 -0.764085 -0.645208
v 0.211484 -0.823826 -0.625531
v 0.171057 -0.849406 -0.634504
v 0.308352 -0.767223 -0.605865
v 0.276150 -0.699591 -0.633490
v 0.384859 -1.117967 -0.494816
v 0.338001 -1.149722 -0.508411
v 0.439109 -1.170746 -0.452568
v 0.393876 -1.200584 -0.462607
v 0.543714 -1.099859 -0.436824
v 0.497399 -1.047078 -0.479334
v 0.605756 -0.998642 -0.489339
v 0.649704 -1.054925 -0.446534
v 0.741737 -1.017575 -0.444792
v 0.699606 -0.961281 -0.486896
v 0.763127 -0.939694 -0.485706
v 0.806636 -1.001435 -0.445432
v 0.714672 -0.810763 -0.554115
v 0.733815 -0.876211 -0.521310
v 0.531664 -0.894337 -0.556003
v 0.569752 -0.950644 -0.527581
v 0.665087 -0.905458 -0.522735
v 0.633993 -0.847530 -0.555862
v 0.302547 -1.012672 -0.563138
v 0.252793 -1.042337 -0.574329
v 0.341355 -1.066186 -0.533053
v 0.292428 -1.097672 -0.546748
v 0.457226 -0.999693 -0.517323
v 0.418704 -0.945326 -0.543423
v 0.506684 -1.223424 -0.404267
v 0.464091 -1.250279 -0.413578
v 0.584918 -1.271264 -0.350243
v 0.544561 -1.291103 -0.356105
v 0.668671 -1.230506 -0.338551
v 0.599268 -1.159191 -0.383785
v 0.697780 -1.112730 -0.388909
v 0.756052 -1.190373 -0.331432
v 0.841953 -1.150294 -0.327939
v 0.790000 -1.074803 -0.387055
v 0.857414 -1.061495 -0.391039
v 0.905895 -1.124721 -0.333517
v 0.919873 -1.147057 -0.308046
v 0.859953 -1.180560 -0.314978
v 0.779323 -1.219183 -0.323463
v 0.698230 -1.256428 -0.330211
v 0.581939 -1.302409 -0.333479
v 0.620565 -1.289501 -0.332588
v 0.518855 -0.547679 -0.629817
v 0.439195 -0.573711 -0.641497
v 0.342369 -0.612375 -0.653593
v 0.253201 -0.650916 -0.661668
v 0.147582 -0.699398 -0.651229
v 0.179063 -0.683056 -0.655876
v 0.926908 -1.156472 -0.324429
v 0.865540 -1.189008 -0.329443
v 0.783938 -1.227627 -0.337089
v 0.701190 -1.262500 -0.340198
v 0.583707 -1.305785 -0.340031
v 0.622478 -1.293206 -0.339579
v 0.367842 -0.492278 0.650786
v 0.538051 -0.421628 0.608848
v 0.373066 -0.502188 0.655291
v 0.543274 -0.431538 0.613354
v 0.377124 -0.505507 0.666169
v 0.547332 -0.434857 0.624231
v 0.377638 -0.500290 0.677046
v 0.547847 -0.429641 0.635109
v 0.374309 -0.489594 0.681552
v 0.544517 -0.418944 0.639614
v 0.369085 -0.479683 0.677046
v 0.539293 -0.409034 0.635109
v 0.365027 -0.476365 0.666169
v 0.535236 -0.405715 0.624231
v 0.364513 -0.481581 0.655291
v 0.534721 -0.410932 0.613354
v 0.360881 -0.495167 0.652501
v 0.545011 -0.418739 0.607133
v 0.366105 -0.505077 0.657006
v 0.550235 -0.428649 0.611639
v 0.370163 -0.508396 0.667884
v 0.554293 -0.431968 0.622516
v 0.370677 -0.503179 0.678761
v 0.554808 -0.426751 0.633394
v 0.367348 -0.492483 0.683267
v 0.551478 -0.416055 0.637899
v 0.362124 -0.482573 0.678761
v 0.546254 -0.406145 0.633394
v 0.358066 -0.479254 0.667884
v 0.542197 -0.402826 0.622516
v 0.357552 -0.484471 0.657006
v 0.541682 -0.408043 0.611639
v 0.060106 -0.641436 0.657368
v 0.228225 -0.555309 0.663608
v 0.065017 -0.651371 0.662162
v 0.233137 -0.565244 0.668402
v 0.066714 -0.655495 0.673384
v 0.234833 -0.569368 0.679623
v 0.064201 -0.651393 0.684459
v 0.232320 -0.565265 0.690698
v 0.058952 -0.641467 0.688900
v 0.227071 -0.555340 0.695139
v 0.054040 -0.631533 0.684106
v 0.222159 -0.545405 0.690345
v 0.052344 -0.627409 0.672885
v 0.220463 -0.541281 0.679124
v 0.054856 -0.631511 0.661810
v 0.222976 -0.545384 0.668049
v 0.052576 -0.645294 0.657089
v 0.235756 -0.551451 0.663887
v 0.057487 -0.655229 0.661883
v 0.240667 -0.561386 0.668681
v 0.059183 -0.659353 0.673104
v 0.242363 -0.565510 0.679902
v 0.056671 -0.655251 0.684179
v 0.239851 -0.561408 0.690977
v 0.051421 -0.645325 0.688621
v 0.234601 -0.551482 0.695419
v 0.046510 -0.635391 0.683827
v 0.229690 -0.541548 0.690625
v 0.044813 -0.631267 0.672605
v 0.227993 -0.537424 0.679403
v 0.047326 -0.635369 0.661530
v 0.230506 -0.541526 0.668328
v 0.371558 -0.490736 0.639725
v 0.367241 -0.492527 0.644074
v 0.530280 -0.424853 0.600617
v 0.535910 -0.422517 0.602516
v 0.380057 -0.506860 0.647056
v 0.374679 -0.506639 0.650490
v 0.538780 -0.440978 0.607948
v 0.543349 -0.436628 0.608931
v 0.386659 -0.512260 0.664754
v 0.380457 -0.511365 0.665979
v 0.545382 -0.446378 0.625646
v 0.549127 -0.441354 0.624421
v 0.387496 -0.503772 0.682452
v 0.381190 -0.503937 0.681469
v 0.546219 -0.437890 0.643344
v 0.549860 -0.433926 0.639910
v 0.382079 -0.486368 0.689783
v 0.376449 -0.488705 0.687884
v 0.540802 -0.420486 0.650675
v 0.545118 -0.418695 0.646326
v 0.373580 -0.470244 0.682452
v 0.369011 -0.474593 0.681469
v 0.532303 -0.404362 0.643344
v 0.537680 -0.404583 0.639910
v 0.366978 -0.464844 0.664754
v 0.363233 -0.469868 0.665979
v 0.525701 -0.398962 0.625646
v 0.531902 -0.399857 0.624421
v 0.366140 -0.473332 0.647056
v 0.362500 -0.477296 0.650490
v 0.524863 -0.407450 0.607948
v 0.531169 -0.407285 0.608931
v 0.066140 -0.638521 0.647693
v 0.061111 -0.641041 0.650712
v 0.222915 -0.558205 0.653511
v 0.227710 -0.555692 0.656895
v 0.074131 -0.654685 0.655493
v 0.068104 -0.655187 0.657539
v 0.230906 -0.574369 0.661311
v 0.234704 -0.569838 0.663722
v 0.076891 -0.661395 0.673750
v 0.070520 -0.661059 0.673518
v 0.233666 -0.581079 0.679569
v 0.237119 -0.575711 0.679700
v 0.072803 -0.654720 0.691770
v 0.066942 -0.655218 0.689288
v 0.229578 -0.574405 0.697588
v 0.233541 -0.569869 0.695471
v 0.064262 -0.638571 0.698996
v 0.059467 -0.641084 0.695613
v 0.221037 -0.558255 0.704815
v 0.226066 -0.555736 0.701795
v 0.056271 -0.622407 0.691196
v 0.052473 -0.626938 0.688786
v 0.213045 -0.542092 0.697015
v 0.219072 -0.541589 0.694969
v 0.053511 -0.615697 0.672939
v 0.050057 -0.621066 0.672807
v 0.210285 -0.535382 0.678757
v 0.216657 -0.535717 0.678990
v 0.057599 -0.622372 0.654919
v 0.053635 -0.626907 0.657037
v 0.214374 -0.542056 0.660737
v 0.220235 -0.541558 0.663220
v 0.241911 -0.548819 0.653900
v 0.236763 -0.551094 0.657559
v 0.249772 -0.564722 0.661551
v 0.243624 -0.564973 0.664253
v 0.252505 -0.571330 0.679494
v 0.245996 -0.570735 0.679926
v 0.248492 -0.564780 0.697220
v 0.242488 -0.565006 0.695398
v 0.240084 -0.548909 0.704344
v 0.235153 -0.551142 0.701605
v 0.232222 -0.533008 0.696692
v 0.228291 -0.537264 0.694911
v 0.229512 -0.526390 0.678747
v 0.225923 -0.531500 0.679237
v 0.233526 -0.532939 0.661023
v 0.229431 -0.537229 0.663765
v 0.353129 -0.498597 0.643799
v 0.358819 -0.496051 0.646466
v 0.361481 -0.514447 0.651028
v 0.366116 -0.509894 0.652762
v 0.367955 -0.519747 0.668443
v 0.371781 -0.514529 0.667959
v 0.368777 -0.511384 0.685840
v 0.372500 -0.507239 0.683153
v 0.363458 -0.494260 0.693032
v 0.367850 -0.492296 0.689445
v 0.355094 -0.478414 0.685805
v 0.360552 -0.478454 0.683148
v 0.348594 -0.473125 0.668392
v 0.354883 -0.473820 0.667952
v 0.347783 -0.481484 0.650992
v 0.354166 -0.481109 0.652757
v 0.367842 -0.492278 -0.650786
v 0.538051 -0.421628 -0.608848
v 0.373066 -0.502188 -0.655291
v 0.543274 -0.431538 -0.613354
v 0.377124 -0.505507 -0.666169
v 0.547332 -0.434857 -0.624231
v 0.377638 -0.500290 -0.677046
v 0.547847 -0.429641 -0.635109
v 0.374309 -0.489594 -0.681552
v 0.544517 -0.418944 -0.639614
v 0.369085 -0.479683 -0.677046
v 0.539293 -0.409034 -0.635109
v 0.365027 -0.476365 -0.666169
v 0.535236 -0.405715 -0.624231
v 0.364513 -0.481581 -0.655291
v 0.534721 -0.410932 -0.613354
v 0.360881 -0.495167 -0.652501
v 0.545011 -0.418739 -0.607133
v 0.366105 -0.505077 -0.657006
v 0.550235 -0.428649 -0.611639
v 0.370163 -0.508396 -0.667884
v 0.554293 -0.431968 -0.622516
v 0.370678 -0.503179 -0.678761
v 0.554808 -0.426751 -0.633394
v 0.367348 -0.492483 -0.683267
v 0.551478 -0.416055 -0.637899
v 0.362124 -0.482573 -0.678761
v 0.546254 -0.406145 -0.633394
v 0.358067 -0.479254 -0.667884
v 0.542197 -0.402826 -0.622516
v 0.357552 -0.484471 -0.657006
v 0.541682 -0.408043 -0.611639
v 0.060106 -0.641436 -0.657368
v 0.228225 -0.555309 -0.663608
v 0.065017 -0.651371 -0.662162
v 0.233137 -0.565244 -0.668402
v 0.066714 -0.655495 -0.673384
v 0.234833 -0.569368 -0.679623
v 0.064201 -0.651393 -0.684459
v 0.232320 -0.565265 -0.690698
v 0.058952 -0.641467 -0.688900
v 0.227071 -0.555340 -0.695139
v 0.054040 -0.631533 -0.684106
v 0.222159 -0.545405 -0.690345
v 0.052344 -0.627409 -0.672885
v 0.220463 -0.541281 -0.679124
v 0.054856 -0.631511 -0.661810
v 0.222976 -0.545384 -0.668049
v 0.052576 -0.645294 -0.657089
v 0.235756 -0.551451 -0.663887
v 0.057487 -0.655229 -0.661883
v 0.240667 -0.561386 -0.668681
v 0.059183 -0.659353 -0.673104
v 0.242363 -0.565510 -0.679902
v 0.056671 -0.655250 -0.684179
v 0.239851 -0.561408 -0.690977
v 0.051421 -0.645325 -0.688621
v 0.234601 -0.551482 -0.695419
v 0.046510 -0.635391 -0.683827
v 0.229690 -0.541548 -0.690625
v 0.044813 -0.631267 -0.672606
v 0.227993 -0.537424 -0.679404
v 0.047326 -0.635369 -0.661530
v 0.230506 -0.541526 -0.668329
v 0.371558 -0.490736 -0.639725
v 0.367241 -0.492527 -0.644074
v 0.530280 -0.424853 -0.600617
v 0.535910 -0.422517 -0.602516
v 0.380057 -0.506860 -0.647056
v 0.374679 -0.506639 -0.650490
v 0.538780 -0.440978 -0.607948
v 0.543349 -0.436628 -0.608932
v 0.386659 -0.512260 -0.664754
v 0.380457 -0.511365 -0.665979
v 0.545382 -0.446378 -0.625646
v 0.549127 -0.441354 -0.624421
v 0.387496 -0.503772 -0.682452
v 0.381190 -0.503937 -0.681469
v 0.546219 -0.437890 -0.643344
v 0.549860 -0.433926 -0.639910
v 0.382079 -0.486368 -0.689783
v 0.376449 -0.488705 -0.687885
v 0.540802 -0.420486 -0.650675
v 0.545118 -0.418695 -0.646326
v 0.373580 -0.470244 -0.682452
v 0.369011 -0.474593 -0.681469
v 0.532303 -0.404362 -0.643344
v 0.537680 -0.404583 -0.639910
v 0.366978 -0.464844 -0.664754
v 0.363233 -0.469868 -0.665979
v 0.525701 -0.398962 -0.625646
v 0.531902 -0.399857 -0.624421
v 0.366140 -0.473332 -0.647056
v 0.362500 -0.477296 -0.650490
v 0.524863 -0.407450 -0.607948
v 0.531169 -0.407285 -0.608932
v 0.066140 -0.638521 -0.647693
v 0.061111 -0.641041 -0.650712
v 0.222915 -0.558205 -0.653511
v 0.227710 -0.555692 -0.656895
v 0.074131 -0.654685 -0.655493
v 0.068104 -0.655187 -0.657539
v 0.230906 -0.574369 -0.661311
v 0.234704 -0.569838 -0.663722
v 0.076891 -0.661395 -0.673751
v 0.070520 -0.661059 -0.673517
v 0.233666 -0.581079 -0.679569
v 0.237119 -0.575711 -0.679700
v 0.072803 -0.654720 -0.691770
v 0.066942 -0.655218 -0.689288
v 0.229578 -0.574405 -0.697588
v 0.233541 -0.569869 -0.695471
v 0.064262 -0.638571 -0.698997
v 0.059467 -0.641084 -0.695613
v 0.221037 -0.558255 -0.704815
v 0.226066 -0.555736 -0.701795
v 0.056271 -0.622407 -0.691196
v 0.052473 -0.626938 -0.688786
v 0.213045 -0.542092 -0.697014
v 0.219072 -0.541589 -0.694969
v 0.053511 -0.615697 -0.672939
v 0.050057 -0.621066 -0.672807
v 0.210285 -0.535382 -0.678757
v 0.216657 -0.535717 -0.678990
v 0.057599 -0.622372 -0.654920
v 0.053635 -0.626907 -0.657037
v 0.214374 -0.542056 -0.660738
v 0.220235 -0.541558 -0.663219
v 0.241911 -0.548819 -0.653900
v 0.236763 -0.551094 -0.657559
v 0.249772 -0.564722 -0.661551
v 0.243624 -0.564973 -0.664253
v 0.252505 -0.571330 -0.679494
v 0.245996 -0.570735 -0.679926
v 0.248492 -0.564780 -0.697220
v 0.242488 -0.565006 -0.695398
v 0.240084 -0.548909 -0.704344
v 0.235153 -0.551142 -0.701605
v 0.232222 -0.533008 -0.696692
v 0.228291 -0.537264 -0.694911
v 0.229512 -0.526390 -0.678747
v 0.225923 -0.531500 -0.679237
v 0.233526 -0.532939 -0.661023
v 0.229431 -0.537229 -0.663765
v 0.353129 -0.498597 -0.643799
v 0.358819 -0.496051 -0.646466
v 0.361481 -0.514447 -0.651028
v 0.366116 -0.509894 -0.652762
v 0.367955 -0.519747 -0.668443
v 0.371781 -0.514529 -0.667959
v 0.368777 -0.511384 -0.685840
v 0.372500 -0.507239 -0.683153
v 0.363458 -0.494260 -0.693032
v 0.367850 -0.492296 -0.689445
v 0.355095 -0.478414 -0.685805
v 0.360552 -0.478454 -0.683148
v 0.348594 -0.473125 -0.668392
v 0.354883 -0.473820 -0.667952
v 0.347783 -0.481484 -0.650992
v 0.354165 -0.481109 -0.652758
v 0.916630 -1.252672 0.256472
v 0.895306 -1.269103 0.252182
v 0.870514 -1.271783 0.263195
v 0.908259 -1.219475 0.293418
v 0.883467 -1.222155 0.304431
v 0.862143 -1.238586 0.300141
v 0.921996 -1.232116 0.273553
v 0.856778 -1.259142 0.283060
v 0.904585 -1.232305 0.234339
v 0.883261 -1.248735 0.230048
v 0.858469 -1.251415 0.241061
v 0.896214 -1.199107 0.271284
v 0.871422 -1.201787 0.282297
v 0.850098 -1.218218 0.278007
v 0.909951 -1.211748 0.251419
v 0.844733 -1.238775 0.260927
v 0.892624 -1.229212 0.243925
v 0.880662 -1.238429 0.241518
v 0.866755 -1.239933 0.247696
v 0.887928 -1.210590 0.264650
v 0.874021 -1.212094 0.270828
v 0.862059 -1.221311 0.268421
v 0.895634 -1.217681 0.253506
v 0.859049 -1.232842 0.258839
v 0.882381 -1.210479 0.223667
v 0.868753 -1.217339 0.220371
v 0.854846 -1.218842 0.226548
v 0.876019 -1.189500 0.243502
v 0.862112 -1.191003 0.249680
v 0.851732 -1.202464 0.248535
v 0.885307 -1.198835 0.233620
v 0.848806 -1.214109 0.238581
v 0.916630 -1.252672 -0.256472
v 0.895306 -1.269103 -0.252182
v 0.870514 -1.271783 -0.263195
v 0.908259 -1.219475 -0.293418
v 0.883467 -1.222155 -0.304431
v 0.862143 -1.238586 -0.300141
v 0.921996 -1.232116 -0.273553
v 0.856778 -1.259142 -0.283060
v 0.904585 -1.232305 -0.234339
v 0.883261 -1.248735 -0.230048
v 0.858469 -1.251415 -0.241061
v 0.896214 -1.199107 -0.271284
v 0.871422 -1.201787 -0.282297
v 0.850098 -1.218218 -0.278007
v 0.909951 -1.211748 -0.251419
v 0.844733 -1.238775 -0.260927
v 0.892624 -1.229212 -0.243925
v 0.880662 -1.238429 -0.241518
v 0.866755 -1.239933 -0.247696
v 0.887928 -1.210590 -0.264650
v 0.874021 -1.212094 -0.270828
v 0.862059 -1.221311 -0.268421
v 0.895634 -1.217681 -0.253506
v 0.859049 -1.232842 -0.258839
v 0.882381 -1.210479 -0.223667
v 0.868753 -1.217339 -0.220371
v 0.854846 -1.218842 -0.226548
v 0.876019 -1.189500 -0.243502
v 0.862112 -1.191003 -0.249680
v 0.851732 -1.202464 -0.248535
v 0.885307 -1.198835 -0.233620
v 0.848806 -1.214109 -0.238581
v -0.363584 -0.371245 0.553896
v -0.342237 -0.364456 0.566970
v -0.324073 -0.348678 0.576656
v -0.311857 -0.326313 0.581479
v -0.307448 -0.300766 0.580705
v -0.311518 -0.275926 0.574453
v -0.323448 -0.255574 0.563673
v -0.341420 -0.242810 0.550007
v -0.362700 -0.239576 0.535536
v -0.384047 -0.246365 0.522462
v -0.402211 -0.262143 0.512776
v -0.414427 -0.284508 0.507953
v -0.418836 -0.310055 0.508727
v -0.414766 -0.334895 0.514979
v -0.402836 -0.355247 0.525759
v -0.384864 -0.368011 0.539425
v -0.409363 -0.308578 0.519777
v -0.324684 -0.281648 0.571638
v -0.405885 -0.288420 0.519166
v -0.321473 -0.301248 0.576571
v -0.396245 -0.270773 0.522972
v -0.324951 -0.321406 0.577182
v -0.381913 -0.258323 0.530615
v -0.334591 -0.339053 0.573376
v -0.382557 -0.354308 0.543999
v -0.365069 -0.252967 0.540930
v -0.348923 -0.351503 0.565733
v -0.396739 -0.344236 0.533216
v -0.348279 -0.255518 0.552349
v -0.365767 -0.356859 0.555417
v -0.406152 -0.328178 0.524710
v -0.334097 -0.265590 0.563132
v -0.369146 -0.304098 0.553838
v -0.368089 -0.321075 0.554394
v -0.362668 -0.319351 0.557714
v -0.358054 -0.315343 0.560175
v -0.354951 -0.309663 0.561400
v -0.353831 -0.303174 0.561203
v -0.354865 -0.296865 0.559615
v -0.357895 -0.291696 0.556877
v -0.362460 -0.288454 0.553406
v -0.367865 -0.287632 0.549731
v -0.373287 -0.289357 0.546410
v -0.377900 -0.293364 0.543950
v -0.381003 -0.299045 0.542725
v -0.382123 -0.305533 0.542921
v -0.381089 -0.311842 0.544509
v -0.378059 -0.317012 0.547247
v -0.373494 -0.320254 0.550718
v -0.365260 -0.370879 0.556442
v -0.343913 -0.364090 0.569516
v -0.325749 -0.348312 0.579202
v -0.313532 -0.325947 0.584025
v -0.309124 -0.300400 0.583252
v -0.313194 -0.275560 0.576999
v -0.325124 -0.255208 0.566219
v -0.343096 -0.242444 0.552553
v -0.364376 -0.239210 0.538082
v -0.385723 -0.245999 0.525008
v -0.403887 -0.261776 0.515323
v -0.416103 -0.284141 0.510499
v -0.420512 -0.309689 0.511273
v -0.416442 -0.334529 0.517525
v -0.404512 -0.354880 0.528305
v -0.386540 -0.367645 0.541971
v -0.363738 -0.384586 0.555855
v -0.338060 -0.376420 0.571581
v -0.316211 -0.357442 0.583232
v -0.301517 -0.330540 0.589034
v -0.296214 -0.299810 0.588103
v -0.301110 -0.269931 0.580582
v -0.315459 -0.245451 0.567616
v -0.337078 -0.230097 0.551178
v -0.362674 -0.226207 0.533771
v -0.388351 -0.234373 0.518045
v -0.410200 -0.253352 0.506394
v -0.424895 -0.280253 0.500592
v -0.430198 -0.310983 0.501523
v -0.425302 -0.340862 0.509044
v -0.410952 -0.365342 0.522010
v -0.389334 -0.380696 0.538448
v -0.347773 -0.389425 0.531774
v -0.321658 -0.381120 0.547767
v -0.299437 -0.361819 0.559616
v -0.284493 -0.334459 0.565517
v -0.279100 -0.303206 0.564570
v -0.284079 -0.272819 0.556921
v -0.298673 -0.247922 0.543734
v -0.320659 -0.232307 0.527016
v -0.346691 -0.228351 0.509313
v -0.372805 -0.236656 0.493320
v -0.395026 -0.255957 0.481471
v -0.409971 -0.283317 0.475570
v -0.415364 -0.314570 0.476517
v -0.410385 -0.344957 0.484166
v -0.395791 -0.369854 0.497353
v -0.373805 -0.385469 0.514071
v -0.341880 -0.238953 0.552842
v -0.339249 -0.232251 0.552982
v -0.406722 -0.357661 0.527241
v -0.410727 -0.363108 0.524761
v -0.342743 -0.367384 0.570750
v -0.340200 -0.373827 0.572724
v -0.364347 -0.235539 0.537563
v -0.364015 -0.228487 0.536140
v -0.387746 -0.371137 0.541669
v -0.389810 -0.377964 0.540666
v -0.323565 -0.350726 0.580976
v -0.319059 -0.355464 0.583996
v -0.386884 -0.242706 0.523760
v -0.388859 -0.236388 0.520924
v -0.310668 -0.327114 0.586069
v -0.304842 -0.329435 0.589610
v -0.406061 -0.259364 0.513534
v -0.409999 -0.254751 0.509651
v -0.306013 -0.300142 0.585252
v -0.299711 -0.299702 0.588710
v -0.418959 -0.282977 0.508442
v -0.424217 -0.280780 0.504038
v -0.310310 -0.273916 0.578651
v -0.304448 -0.270792 0.581433
v -0.423614 -0.309949 0.509259
v -0.429348 -0.310513 0.504938
v -0.322905 -0.252430 0.567270
v -0.318332 -0.247106 0.568887
v -0.419316 -0.336174 0.515860
v -0.424611 -0.339422 0.512215
v -0.365280 -0.374551 0.556947
v -0.365044 -0.381728 0.557508
v -0.408547 -0.366852 0.517023
v -0.334636 -0.378084 0.567286
v -0.359594 -0.225772 0.528948
v -0.386626 -0.382420 0.533691
v -0.312482 -0.358841 0.579100
v -0.385630 -0.234052 0.513002
v -0.297582 -0.331563 0.584983
v -0.407784 -0.253296 0.501189
v -0.292205 -0.300404 0.584039
v -0.422684 -0.280574 0.495306
v -0.297169 -0.270107 0.576413
v -0.428061 -0.311733 0.496249
v -0.311719 -0.245285 0.563265
v -0.423097 -0.342030 0.503875
v -0.360672 -0.386364 0.551341
v -0.333640 -0.229717 0.546598
v -0.363584 -0.371245 -0.553896
v -0.342237 -0.364456 -0.566970
v -0.324073 -0.348678 -0.576656
v -0.311857 -0.326313 -0.581479
v -0.307448 -0.300766 -0.580706
v -0.311518 -0.275926 -0.574453
v -0.323448 -0.255574 -0.563673
v -0.341420 -0.242810 -0.550007
v -0.362700 -0.239576 -0.535536
v -0.384047 -0.246365 -0.522462
v -0.402211 -0.262143 -0.512776
v -0.414427 -0.284508 -0.507953
v -0.418836 -0.310055 -0.508727
v -0.414766 -0.334895 -0.514979
v -0.402836 -0.355247 -0.525759
v -0.384864 -0.368011 -0.539425
v -0.409363 -0.308578 -0.519777
v -0.324684 -0.281648 -0.571638
v -0.405885 -0.288420 -0.519166
v -0.321473 -0.301248 -0.576571
v -0.396245 -0.270773 -0.522972
v -0.324951 -0.321406 -0.577182
v -0.381913 -0.258323 -0.530615
v -0.334591 -0.339053 -0.573376
v -0.382557 -0.354308 -0.543999
v -0.365069 -0.252967 -0.540931
v -0.348923 -0.351503 -0.565733
v -0.396739 -0.344236 -0.533216
v -0.348279 -0.255518 -0.552349
v -0.365767 -0.356859 -0.555418
v -0.406151 -0.328178 -0.524710
v -0.334097 -0.265590 -0.563132
v -0.369146 -0.304098 -0.553838
v -0.368089 -0.321075 -0.554394
v -0.362668 -0.319351 -0.557715
v -0.358054 -0.315343 -0.560175
v -0.354951 -0.309663 -0.561400
v -0.353831 -0.303174 -0.561203
v -0.354865 -0.296865 -0.559615
v -0.357895 -0.291696 -0.556877
v -0.362460 -0.288454 -0.553406
v -0.367865 -0.287632 -0.549731
v -0.373287 -0.289357 -0.546410
v -0.377900 -0.293364 -0.543950
v -0.381003 -0.299045 -0.542725
v -0.382123 -0.305533 -0.542921
v -0.381089 -0.311842 -0.544510
v -0.378059 -0.317012 -0.547247
v -0.373494 -0.320254 -0.550718
v -0.365260 -0.370879 -0.556442
v -0.343913 -0.364090 -0.569516
v -0.325749 -0.348312 -0.579202
v -0.313532 -0.325947 -0.584025
v -0.309124 -0.300400 -0.583252
v -0.313194 -0.275560 -0.576999
v -0.325124 -0.255208 -0.566219
v -0.343096 -0.242444 -0.552554
v -0.364376 -0.239210 -0.538082
v -0.385723 -0.245999 -0.525009
v -0.403887 -0.261776 -0.515323
v -0.416103 -0.284141 -0.510500
v -0.420512 -0.309689 -0.511273
v -0.416442 -0.334529 -0.517526
v -0.404512 -0.354880 -0.528305
v -0.386540 -0.367645 -0.541971
v -0.363738 -0.384586 -0.555856
v -0.338060 -0.376420 -0.571581
v -0.316211 -0.357442 -0.583232
v -0.301517 -0.330540 -0.589034
v -0.296214 -0.299810 -0.588103
v -0.301110 -0.269931 -0.580582
v -0.315459 -0.245451 -0.567616
v -0.337078 -0.230097 -0.551178
v -0.362674 -0.226207 -0.533771
v -0.388351 -0.234373 -0.518045
v -0.410200 -0.253352 -0.506394
v -0.424895 -0.280253 -0.500593
v -0.430198 -0.310983 -0.501523
v -0.425302 -0.340862 -0.509044
v -0.410952 -0.365342 -0.522011
v -0.389334 -0.380696 -0.538449
v -0.347773 -0.389425 -0.531774
v -0.321658 -0.381120 -0.547767
v -0.299437 -0.361819 -0.559616
v -0.284493 -0.334459 -0.565517
v -0.279099 -0.303206 -0.564571
v -0.284079 -0.272819 -0.556922
v -0.298673 -0.247922 -0.543734
v -0.320659 -0.232307 -0.527017
v -0.346691 -0.228351 -0.509313
v -0.372805 -0.236656 -0.493320
v -0.395026 -0.255957 -0.481471
v -0.409971 -0.283317 -0.475571
v -0.415364 -0.314570 -0.476517
v -0.410385 -0.344957 -0.484166
v -0.395791 -0.369854 -0.497353
v -0.373805 -0.385469 -0.514071
v -0.341880 -0.238953 -0.552842
v -0.339249 -0.232251 -0.552982
v -0.406721 -0.357661 -0.527241
v -0.410727 -0.363108 -0.524761
v -0.342743 -0.367384 -0.570750
v -0.340200 -0.373827 -0.572724
v -0.364347 -0.235539 -0.537563
v -0.364015 -0.228487 -0.536140
v -0.387746 -0.371137 -0.541669
v -0.389810 -0.377964 -0.540666
v -0.323565 -0.350726 -0.580976
v -0.319059 -0.355464 -0.583996
v -0.386884 -0.242706 -0.523760
v -0.388859 -0.236388 -0.520924
v -0.310667 -0.327114 -0.586069
v -0.304842 -0.329435 -0.589610
v -0.406061 -0.259364 -0.513534
v -0.409999 -0.254751 -0.509652
v -0.306013 -0.300142 -0.585252
v -0.299711 -0.299702 -0.588710
v -0.418959 -0.282977 -0.508442
v -0.424217 -0.280780 -0.504038
v -0.310310 -0.273916 -0.578651
v -0.304448 -0.270792 -0.581433
v -0.423614 -0.309949 -0.509259
v -0.429348 -0.310513 -0.504938
v -0.322905 -0.252430 -0.567270
v -0.318332 -0.247106 -0.568887
v -0.419316 -0.336174 -0.515860
v -0.424611 -0.339422 -0.512215
v -0.365280 -0.374551 -0.556948
v -0.365044 -0.381728 -0.557508
v -0.408547 -0.366852 -0.517023
v -0.334636 -0.378084 -0.567287
v -0.359594 -0.225772 -0.528948
v -0.386626 -0.382420 -0.533691
v -0.312482 -0.358840 -0.579100
v -0.385630 -0.234052 -0.513002
v -0.297582 -0.331563 -0.584983
v -0.407784 -0.253296 -0.501189
v -0.292205 -0.300403 -0.584039
v -0.422684 -0.280574 -0.495306
v -0.297169 -0.270107 -0.576413
v -0.428061 -0.311733 -0.496249
v -0.311719 -0.245285 -0.563266
v -0.423097 -0.342030 -0.503875
v -0.360672 -0.386364 -0.551341
v -0.333640 -0.229717 -0.546598
v 0.890637 -1.322694 -0.008591
v 0.891064 -1.320141 -0.006531
v 0.891353 -1.317409 -0.008238
v 0.891214 -1.317230 -0.012005
v 0.890787 -1.319783 -0.014065
v 0.890498 -1.322515 -0.012358
v 0.880107 -1.318173 -0.009065
v 0.882561 -1.316907 -0.006652
v 0.885702 -1.315568 -0.007951
v 0.886388 -1.315493 -0.011663
v 0.883934 -1.316759 -0.014076
v 0.880794 -1.318098 -0.012777
v 0.878934 -1.313435 -0.009587
v 0.881633 -1.313613 -0.006956
v 0.885258 -1.313811 -0.007985
v 0.886184 -1.313831 -0.011645
v 0.883485 -1.313652 -0.014277
v 0.879860 -1.313454 -0.013248
v 0.881629 -1.306985 -0.008861
v 0.883657 -1.308475 -0.006253
v 0.886712 -1.310078 -0.007276
v 0.887741 -1.310191 -0.010907
v 0.885713 -1.308701 -0.013514
v 0.882658 -1.307098 -0.012492
v 0.889784 -1.303036 -0.009059
v 0.890411 -1.305076 -0.006304
v 0.890383 -1.308086 -0.007072
v 0.889727 -1.309056 -0.010594
v 0.889100 -1.307017 -0.013349
v 0.889129 -1.304006 -0.012582
v 0.894989 -1.304055 -0.010836
v 0.895131 -1.305944 -0.007860
v 0.893355 -1.308656 -0.007978
v 0.891438 -1.309479 -0.011070
v 0.891297 -1.307589 -0.014046
v 0.893073 -1.304877 -0.013928
v 0.903371 -1.308619 -0.014739
v 0.902763 -1.309917 -0.011371
v 0.900934 -1.312439 -0.011533
v 0.899915 -1.314021 -0.014307
v 0.900520 -1.312775 -0.017670
v 0.902250 -1.310047 -0.017889
v 0.907634 -1.311401 -0.012254
v 0.904475 -1.310956 -0.010258
v 0.902320 -1.312687 -0.011529
v 0.902326 -1.314223 -0.014071
v 0.904571 -1.314545 -0.015848
v 0.907630 -1.313347 -0.015178
v 0.907676 -1.316249 -0.010447
v 0.904669 -1.315415 -0.008406
v 0.901355 -1.314911 -0.010107
v 0.901395 -1.315255 -0.013668
v 0.904055 -1.316075 -0.015889
v 0.907369 -1.316579 -0.014189
v 0.902024 -1.321444 -0.009357
v 0.900980 -1.318905 -0.007501
v 0.899421 -1.316559 -0.009378
v 0.898907 -1.316751 -0.013111
v 0.899951 -1.319290 -0.014967
v 0.901510 -1.321636 -0.013090
v 0.898065 -1.375297 0.073415
v 0.898380 -1.379057 0.071076
v 0.894704 -1.381215 0.069835
v 0.890711 -1.379612 0.070933
v 0.890396 -1.375852 0.073272
v 0.894073 -1.373694 0.074513
v 0.897688 -1.366457 0.059612
v 0.898000 -1.370143 0.057156
v 0.894322 -1.372262 0.055854
v 0.890331 -1.370695 0.057008
v 0.890019 -1.367009 0.059465
v 0.893697 -1.364891 0.060766
v 0.897031 -1.351396 0.038493
v 0.897335 -1.354899 0.035782
v 0.893653 -1.356922 0.034347
v 0.889666 -1.355443 0.035624
v 0.889361 -1.351940 0.038335
v 0.893044 -1.349917 0.039770
v 0.896456 -1.338550 0.022893
v 0.896753 -1.341895 0.019989
v 0.893067 -1.343836 0.018454
v 0.889083 -1.342433 0.019823
v 0.888786 -1.339087 0.022728
v 0.892472 -1.337146 0.024263
v 0.895904 -1.326365 0.009043
v 0.896201 -1.329710 0.006139
v 0.892515 -1.331651 0.004604
v 0.888532 -1.330248 0.005973
v 0.888235 -1.326902 0.008878
v 0.891921 -1.324961 0.010413
v 0.895322 -1.313354 -0.006757
v 0.895626 -1.316857 -0.009469
v 0.891944 -1.318881 -0.010903
v 0.887957 -1.317401 -0.009627
v 0.887652 -1.313899 -0.006915
v 0.891335 -1.311875 -0.005481
v 0.894656 -1.298103 -0.028142
v 0.894969 -1.301788 -0.030598
v 0.891290 -1.303907 -0.031900
v 0.887300 -1.302340 -0.030745
v 0.886987 -1.298654 -0.028289
v 0.890666 -1.296536 -0.026987
v 0.894230 -1.281819 -0.056405
v 0.894545 -1.285942 -0.058022
v 0.890868 -1.288227 -0.059006
v 0.886876 -1.286390 -0.058372
v 0.886561 -1.282267 -0.056755
v 0.890238 -1.279982 -0.055771
v 0.895833 -1.278255 -0.078568
v 0.895954 -1.282635 -0.077848
v 0.892208 -1.285013 -0.077990
v 0.888339 -1.283011 -0.078851
v 0.888218 -1.278631 -0.079571
v 0.891965 -1.276254 -0.079429
v 0.898709 -1.285730 -0.091223
v 0.898133 -1.288208 -0.087584
v 0.894129 -1.289883 -0.086649
v 0.890700 -1.289079 -0.089352
v 0.891276 -1.286601 -0.092991
v 0.895280 -1.284926 -0.093926
v 0.901407 -1.298837 -0.092466
v 0.900065 -1.297618 -0.088413
v 0.895770 -1.297883 -0.087323
v 0.892815 -1.299368 -0.090285
v 0.894156 -1.300587 -0.094339
v 0.898452 -1.300322 -0.095429
v 0.902385 -1.311078 -0.081545
v 0.900835 -1.307481 -0.079456
v 0.896457 -1.306813 -0.079138
v 0.893630 -1.309741 -0.080911
v 0.895181 -1.313339 -0.083001
v 0.899558 -1.314007 -0.083318
v 0.900409 -1.316928 -0.058567
v 0.899023 -1.312710 -0.058589
v 0.894711 -1.311793 -0.059121
v 0.891786 -1.315093 -0.059631
v 0.893172 -1.319311 -0.059608
v 0.897483 -1.320229 -0.059076
v 0.896022 -1.314097 -0.026358
v 0.894691 -1.309880 -0.026755
v 0.890367 -1.308941 -0.027114
v 0.887373 -1.312220 -0.027075
v 0.888703 -1.316437 -0.026678
v 0.893028 -1.317376 -0.026319
v 0.896959 -1.314099 0.001786
v 0.895654 -1.309880 0.002246
v 0.891359 -1.308939 0.002864
v 0.888369 -1.312217 0.003023
v 0.889673 -1.316437 0.002563
v 0.893968 -1.317377 0.001945
v 0.902116 -1.317204 0.026838
v 0.900911 -1.313044 0.027815
v 0.896732 -1.312172 0.029034
v 0.893758 -1.315459 0.029276
v 0.894963 -1.319619 0.028299
v 0.899142 -1.320492 0.027080
v 0.908955 -1.321430 0.051324
v 0.907752 -1.317271 0.052309
v 0.903580 -1.316404 0.053559
v 0.900612 -1.319696 0.053823
v 0.901815 -1.323854 0.052838
v 0.905987 -1.324722 0.051588
v 0.914752 -1.324665 0.077578
v 0.913445 -1.320449 0.078065
v 0.909162 -1.319521 0.078776
v 0.906186 -1.322808 0.078999
v 0.907493 -1.327023 0.078512
v 0.911776 -1.327952 0.077801
v 0.916596 -1.324662 0.107753
v 0.915241 -1.320449 0.107400
v 0.910904 -1.319523 0.107183
v 0.907923 -1.322810 0.107319
v 0.909278 -1.327024 0.107672
v 0.913615 -1.327950 0.107889
v 0.912627 -1.319320 0.141684
v 0.911372 -1.315324 0.140267
v 0.907091 -1.314456 0.139361
v 0.904106 -1.317755 0.139728
v 0.905343 -1.321707 0.141183
v 0.909600 -1.322476 0.142167
v 0.905701 -1.304331 0.169752
v 0.904687 -1.300870 0.167664
v 0.900869 -1.300236 0.166454
v 0.898041 -1.303030 0.167325
v 0.899037 -1.306528 0.169410
v 0.902907 -1.307292 0.170622
v 0.899888 -1.288340 0.188169
v 0.899167 -1.285690 0.185356
v 0.895670 -1.285329 0.183870
v 0.892870 -1.287598 0.185235
v 0.893579 -1.290276 0.188026
v 0.897113 -1.290710 0.189503
v 0.891981 -1.258274 0.203934
v 0.891869 -1.257899 0.199932
v 0.888743 -1.258271 0.198072
v 0.885721 -1.259019 0.200206
v 0.885822 -1.259398 0.204209
v 0.888957 -1.259028 0.206099
v 0.890441 -1.245986 0.201823
v 0.890561 -1.247564 0.198228
v 0.887519 -1.248498 0.196484
v 0.884355 -1.247856 0.198333
v 0.884233 -1.246278 0.201928
v 0.887276 -1.245342 0.203676
v 0.890058 -1.237602 0.191892
v 0.890392 -1.241005 0.190648
v 0.887523 -1.243153 0.190644
v 0.884321 -1.241901 0.191879
v 0.883986 -1.238501 0.193116
v 0.886853 -1.236348 0.193131
v 0.885642 -1.239671 0.179575
v 0.886739 -1.242942 0.180675
v 0.884557 -1.244967 0.182898
v 0.881292 -1.243744 0.183969
v 0.880200 -1.240490 0.182820
v 0.882363 -1.238439 0.180665
v 0.875313 -1.253277 0.157979
v 0.876562 -1.256541 0.159357
v 0.874251 -1.258755 0.161289
v 0.870696 -1.257709 0.161857
v 0.869443 -1.254444 0.160485
v 0.871731 -1.252219 0.158521
v 0.867628 -1.264402 0.129196
v 0.868840 -1.268133 0.130165
v 0.866099 -1.270883 0.131377
v 0.862113 -1.269902 0.131591
v 0.860872 -1.266160 0.130577
v 0.863666 -1.263409 0.129420
v 0.861618 -1.273003 0.081411
v 0.862901 -1.277234 0.081816
v 0.859862 -1.280447 0.082208
v 0.855541 -1.279429 0.082196
v 0.854258 -1.275198 0.081791
v 0.857297 -1.271985 0.081399
v 0.863970 -1.273204 0.019035
v 0.865271 -1.277444 0.018824
v 0.862256 -1.280671 0.018365
v 0.857940 -1.279658 0.018117
v 0.856640 -1.275418 0.018328
v 0.859655 -1.272191 0.018787
v 0.869764 -1.264463 -0.046706
v 0.871103 -1.268644 -0.047369
v 0.868122 -1.271819 -0.048235
v 0.863803 -1.270813 -0.048437
v 0.862463 -1.266632 -0.047774
v 0.865444 -1.263457 -0.046909
v 0.875006 -1.253028 -0.103464
v 0.876326 -1.256959 -0.104536
v 0.873507 -1.259931 -0.105676
v 0.869372 -1.258982 -0.105783
v 0.868048 -1.255057 -0.104732
v 0.870856 -1.252063 -0.103497
v 0.879197 -1.243476 -0.147147
v 0.880413 -1.247033 -0.148268
v 0.877858 -1.249709 -0.149441
v 0.874090 -1.248847 -0.149530
v 0.872869 -1.245303 -0.148434
v 0.875414 -1.242592 -0.147188
v 0.883926 -1.234561 -0.191225
v 0.884890 -1.238073 -0.190538
v 0.882305 -1.240717 -0.190416
v 0.878756 -1.239853 -0.190981
v 0.877791 -1.236345 -0.191670
v 0.880375 -1.233693 -0.191790
v 0.885323 -1.242294 -0.202204
v 0.885934 -1.243902 -0.198935
v 0.883099 -1.245213 -0.196963
v 0.879654 -1.244915 -0.198260
v 0.879043 -1.243307 -0.201528
v 0.881878 -1.241997 -0.203500
v 0.887023 -1.255123 -0.202009
v 0.887172 -1.253367 -0.198763
v 0.884091 -1.252875 -0.196786
v 0.880861 -1.254140 -0.198054
v 0.880712 -1.255896 -0.201300
v 0.883793 -1.256387 -0.203278
v 0.890721 -1.270883 -0.181336
v 0.890529 -1.267533 -0.179695
v 0.887219 -1.266158 -0.178631
v 0.884096 -1.268125 -0.179216
v 0.884280 -1.271474 -0.180859
v 0.887598 -1.272866 -0.181901
v 0.893116 -1.280644 -0.157060
v 0.892871 -1.276976 -0.155829
v 0.889404 -1.275401 -0.155092
v 0.886174 -1.277478 -0.155611
v 0.886407 -1.281140 -0.156854
v 0.889888 -1.282751 -0.157521
v 0.894804 -1.291108 -0.123881
v 0.894532 -1.287098 -0.122825
v 0.890801 -1.285309 -0.122371
v 0.887334 -1.287504 -0.123031
v 0.887592 -1.291494 -0.124138
v 0.891334 -1.293329 -0.124480
v 0.894308 -1.302039 -0.084984
v 0.894040 -1.297768 -0.083799
v 0.890079 -1.295776 -0.083558
v 0.886387 -1.298054 -0.084503
v 0.886656 -1.302324 -0.085687
v 0.890616 -1.304317 -0.085928
v 0.890985 -1.310754 -0.052247
v 0.890739 -1.306418 -0.051326
v 0.886784 -1.304408 -0.051143
v 0.883075 -1.306735 -0.051880
v 0.883321 -1.311071 -0.052801
v 0.887276 -1.313081 -0.052984
v 0.890879 -1.315658 -0.020110
v 0.890636 -1.311245 -0.019690
v 0.886679 -1.309265 -0.019320
v 0.882966 -1.311698 -0.019369
v 0.883209 -1.316111 -0.019789
v 0.887165 -1.318091 -0.020160
v 0.893544 -1.316686 0.009820
v 0.893256 -1.312256 0.009728
v 0.889305 -1.310279 0.010167
v 0.885642 -1.312732 0.010698
v 0.885930 -1.317161 0.010790
v 0.889882 -1.319139 0.010350
v 0.897478 -1.314205 0.035108
v 0.897086 -1.309848 0.034353
v 0.893120 -1.307882 0.034703
v 0.889546 -1.310274 0.035809
v 0.889939 -1.314631 0.036564
v 0.893904 -1.316597 0.036214
v 0.901202 -1.308479 0.053472
v 0.900561 -1.304555 0.051496
v 0.896506 -1.302749 0.051410
v 0.893092 -1.304866 0.053300
v 0.893733 -1.308790 0.055276
v 0.897788 -1.310597 0.055362
v 0.902545 -1.304273 0.059438
v 0.901661 -1.301198 0.056359
v 0.897496 -1.299779 0.055771
v 0.894214 -1.301434 0.058262
v 0.895098 -1.304508 0.061341
v 0.899264 -1.305928 0.061929
v 0.902959 -1.292711 0.062352
v 0.901922 -1.293885 0.058197
v 0.897680 -1.294569 0.057077
v 0.894476 -1.294078 0.060111
v 0.895513 -1.292904 0.064265
v 0.899754 -1.292220 0.065386
v 0.901752 -1.284109 0.057204
v 0.900973 -1.287323 0.054241
v 0.896818 -1.288699 0.053499
v 0.893441 -1.286861 0.055719
v 0.894219 -1.283647 0.058682
v 0.898374 -1.282271 0.059425
v 0.901264 -1.280644 0.050310
v 0.900642 -1.284980 0.049585
v 0.896524 -1.286627 0.049378
v 0.893028 -1.283939 0.049897
v 0.893651 -1.279603 0.050621
v 0.897769 -1.277955 0.050828
v 0.902317 -1.284803 0.032838
v 0.901595 -1.288803 0.034626
v 0.897461 -1.290401 0.034894
v 0.894050 -1.288000 0.033374
v 0.894772 -1.284001 0.031585
v 0.898906 -1.282403 0.031317
v 0.905813 -1.296848 0.010913
v 0.905045 -1.300677 0.013026
v 0.900907 -1.302256 0.013326
v 0.897536 -1.300006 0.011512
v 0.898304 -1.296177 0.009399
v 0.902443 -1.294598 0.009100
v 0.906348 -1.305233 -0.002619
v 0.905568 -1.308846 -0.000159
v 0.901403 -1.309934 0.000929
v 0.898018 -1.307411 -0.000444
v 0.898798 -1.303798 -0.002904
v 0.902963 -1.302709 -0.003991
v 0.903435 -1.315402 -0.017261
v 0.902698 -1.318855 -0.014569
v 0.898642 -1.319541 -0.012898
v 0.895323 -1.316774 -0.013918
v 0.896060 -1.313321 -0.016610
v 0.900116 -1.312634 -0.018281
v 0.897693 -1.326750 -0.032754
v 0.896996 -1.330123 -0.029952
v 0.893071 -1.330547 -0.027921
v 0.889842 -1.327598 -0.028693
v 0.890539 -1.324225 -0.031495
v 0.894465 -1.323801 -0.033526
v 0.889665 -1.338774 -0.048956
v 0.888986 -1.342119 -0.046117
v 0.885173 -1.342372 -0.043856
v 0.882041 -1.339280 -0.044433
v 0.882720 -1.335934 -0.047272
v 0.886533 -1.335681 -0.049534
v 0.879864 -1.350952 -0.065679
v 0.879175 -1.354310 -0.062857
v 0.875451 -1.354452 -0.060443
v 0.872416 -1.351237 -0.060852
v 0.873106 -1.347879 -0.063674
v 0.876829 -1.347737 -0.066088
v 0.868792 -1.362753 -0.082712
v 0.868063 -1.366152 -0.079950
v 0.864405 -1.366224 -0.077435
v 0.861475 -1.362897 -0.077682
v 0.862204 -1.359498 -0.080444
v 0.865862 -1.359426 -0.082959
v 0.894388 -1.377455 0.072174
v 0.865134 -1.362825 -0.080197
v 0.907851 -1.220827 0.210726
v 0.902684 -1.220038 0.210726
v 0.899553 -1.223332 0.213245
v 0.901528 -1.227404 0.215765
v 0.906658 -1.228231 0.215796
v 0.909849 -1.224947 0.213276
v 0.901475 -1.232907 0.196203
v 0.897060 -1.230695 0.197914
v 0.894671 -1.232581 0.202126
v 0.896646 -1.236653 0.204646
v 0.901033 -1.238888 0.202984
v 0.903473 -1.237028 0.198753
v 0.887306 -1.244587 0.188435
v 0.884561 -1.240998 0.191061
v 0.883823 -1.241524 0.196177
v 0.885798 -1.245595 0.198697
v 0.888535 -1.249191 0.196131
v 0.889305 -1.248707 0.190984
v 0.869142 -1.252736 0.189502
v 0.868537 -1.248186 0.192003
v 0.869915 -1.247763 0.196995
v 0.871890 -1.251835 0.199515
v 0.872511 -1.256379 0.197073
v 0.871140 -1.256856 0.192052
v 0.851848 -1.255171 0.199120
v 0.853282 -1.250335 0.200487
v 0.856674 -1.249628 0.204359
v 0.858649 -1.253700 0.206879
v 0.857255 -1.258528 0.205557
v 0.853846 -1.259292 0.201670
v 0.840059 -1.251240 0.214711
v 0.842882 -1.246867 0.214240
v 0.847648 -1.246618 0.216296
v 0.849623 -1.250690 0.218816
v 0.846856 -1.255060 0.219311
v 0.842057 -1.255361 0.217261
v 0.836934 -1.241996 0.232097
v 0.840125 -1.238712 0.229578
v 0.845255 -1.239540 0.229608
v 0.847230 -1.243612 0.232128
v 0.844099 -1.246906 0.234648
v 0.838932 -1.246117 0.234647
v 0.843310 -1.229916 0.246621
v 0.845750 -1.228056 0.242389
v 0.850137 -1.230291 0.240728
v 0.852112 -1.234363 0.243248
v 0.849723 -1.236249 0.247460
v 0.845308 -1.234037 0.249171
v 0.857478 -1.218237 0.254389
v 0.858248 -1.217753 0.249242
v 0.860985 -1.221348 0.246676
v 0.862960 -1.225420 0.249196
v 0.862222 -1.225946 0.254313
v 0.859477 -1.222357 0.256939
v 0.875643 -1.210088 0.253322
v 0.874272 -1.210564 0.248301
v 0.874893 -1.215109 0.245859
v 0.876868 -1.219181 0.248379
v 0.878246 -1.218758 0.253371
v 0.877641 -1.214208 0.255872
v 0.892937 -1.207652 0.243704
v 0.889528 -1.208416 0.239816
v 0.888134 -1.213244 0.238495
v 0.890109 -1.217316 0.241015
v 0.893501 -1.216609 0.244887
v 0.894935 -1.211772 0.246254
v 0.904726 -1.211583 0.228113
v 0.899927 -1.211884 0.226063
v 0.897160 -1.216254 0.226558
v 0.899135 -1.220326 0.229078
v 0.903901 -1.220077 0.231133
v 0.906724 -1.215703 0.230663
v 0.907851 -1.220827 -0.210726
v 0.902684 -1.220038 -0.210726
v 0.899553 -1.223332 -0.213245
v 0.901528 -1.227404 -0.215765
v 0.906658 -1.228231 -0.215796
v 0.909849 -1.224947 -0.213276
v 0.901475 -1.232907 -0.196203
v 0.897060 -1.230695 -0.197914
v 0.894672 -1.232581 -0.202126
v 0.896646 -1.236653 -0.204645
v 0.901033 -1.238888 -0.202984
v 0.903473 -1.237028 -0.198753
v 0.887307 -1.244587 -0.188434
v 0.884561 -1.240998 -0.191061
v 0.883823 -1.241524 -0.196177
v 0.885798 -1.245595 -0.198697
v 0.888535 -1.249191 -0.196131
v 0.889305 -1.248707 -0.190984
v 0.869142 -1.252736 -0.189502
v 0.868537 -1.248186 -0.192003
v 0.869915 -1.247763 -0.196995
v 0.871890 -1.251835 -0.199515
v 0.872511 -1.256379 -0.197073
v 0.871140 -1.256856 -0.192052
v 0.851848 -1.255171 -0.199120
v 0.853282 -1.250335 -0.200487
v 0.856674 -1.249628 -0.204359
v 0.858649 -1.253700 -0.206879
v 0.857255 -1.258528 -0.205557
v 0.853846 -1.259292 -0.201670
v 0.840059 -1.251240 -0.214711
v 0.842882 -1.246867 -0.214240
v 0.847648 -1.246618 -0.216296
v 0.849623 -1.250690 -0.218816
v 0.846856 -1.255060 -0.219311
v 0.842057 -1.255361 -0.217261
v 0.836934 -1.241997 -0.232097
v 0.840125 -1.238712 -0.229578
v 0.845255 -1.239540 -0.229608
v 0.847230 -1.243612 -0.232128
v 0.844099 -1.246906 -0.234648
v 0.838932 -1.246117 -0.234647
v 0.843310 -1.229916 -0.246621
v 0.845750 -1.228056 -0.242389
v 0.850137 -1.230291 -0.240728
v 0.852112 -1.234363 -0.243248
v 0.849723 -1.236249 -0.247460
v 0.845308 -1.234037 -0.249171
v 0.857478 -1.218237 -0.254389
v 0.858249 -1.217753 -0.249242
v 0.860985 -1.221348 -0.246676
v 0.862960 -1.225420 -0.249196
v 0.862222 -1.225946 -0.254313
v 0.859477 -1.222357 -0.256939
v 0.875643 -1.210088 -0.253322
v 0.874272 -1.210565 -0.248301
v 0.874893 -1.215109 -0.245859
v 0.876868 -1.219181 -0.248379
v 0.878246 -1.218758 -0.253371
v 0.877641 -1.214208 -0.255872
v 0.892937 -1.207652 -0.243704
v 0.889528 -1.208416 -0.239816
v 0.888134 -1.213244 -0.238495
v 0.890109 -1.217316 -0.241015
v 0.893501 -1.216609 -0.244887
v 0.894935 -1.211772 -0.246254
v 0.904726 -1.211583 -0.228113
v 0.899927 -1.211884 -0.226063
v 0.897160 -1.216254 -0.226558
v 0.899135 -1.220326 -0.229078
v 0.903901 -1.220077 -0.231133
v 0.906724 -1.215703 -0.230663
v 0.701451 0.249454 0.048382
v 0.629248 0.355578 0.049165
v 0.702460 0.219228 -0.012863
v 0.629757 0.395276 -0.007317
v 0.650011 0.313039 0.063833
v 0.717499 0.346000 -0.010781
v 0.664222 0.397637 -0.008242
v 0.745716 0.267129 -0.013236
v 0.676454 0.234098 0.041399
v 0.616634 0.363907 0.059357
v 0.692101 0.198017 -0.012966
v 0.607353 0.381074 -0.006912
v 0.644824 0.303601 0.071208
v 0.698523 0.251904 -0.072814
v 0.628815 0.367669 -0.071205
v 0.655055 0.319709 -0.088804
v 0.673373 0.236187 -0.064874
v 0.612761 0.366531 -0.074230
v 0.640149 0.306769 -0.090051
v 0.704749 0.254066 0.037889
v 0.727909 0.260797 0.027996
v 0.739112 0.265276 0.009149
v 0.630681 0.396860 0.015029
v 0.632623 0.392391 0.035165
v 0.635760 0.377173 0.047677
v 0.703078 0.235314 0.032881
v 0.699183 0.228073 0.013793
v 0.702221 0.221341 0.000660
v 0.653548 0.403035 -0.008251
v 0.642163 0.401950 -0.007225
v 0.634558 0.403597 -0.007037
v 0.664633 0.397658 0.016308
v 0.659182 0.393194 0.038697
v 0.644784 0.382178 0.053337
v 0.744372 0.286486 -0.012742
v 0.747379 0.309475 -0.012221
v 0.731009 0.327368 -0.011419
v 0.708902 0.340954 0.019279
v 0.686402 0.329360 0.041534
v 0.673280 0.322710 0.060306
v 0.668300 0.299825 0.066091
v 0.669639 0.281695 0.055844
v 0.688005 0.266323 0.054088
v 0.718605 0.221833 -0.013376
v 0.751322 0.233025 -0.014027
v 0.748491 0.250186 -0.013575
v 0.706362 0.365070 -0.010078
v 0.691893 0.379707 -0.009380
v 0.677405 0.390837 -0.008752
v 0.632659 0.354774 0.061756
v 0.636538 0.342424 0.064893
v 0.645135 0.329623 0.065982
v 0.608219 0.380075 0.013321
v 0.609849 0.377359 0.031907
v 0.612564 0.372172 0.047443
v 0.682976 0.219529 0.029705
v 0.688114 0.207886 0.016584
v 0.691274 0.200449 0.002132
v 0.653100 0.285563 0.066861
v 0.661269 0.267657 0.060245
v 0.669124 0.250348 0.051658
v 0.622207 0.352228 0.067409
v 0.629014 0.337732 0.071832
v 0.636679 0.321246 0.072980
v 0.634424 0.371323 0.067301
v 0.629267 0.369542 0.069542
v 0.622818 0.366942 0.066802
v 0.612844 0.383693 -0.007020
v 0.619568 0.386091 -0.007168
v 0.626736 0.387485 -0.007347
v 0.661125 0.315235 0.082739
v 0.656358 0.311538 0.084765
v 0.650581 0.307315 0.081242
v 0.707791 0.208848 -0.013208
v 0.703278 0.203008 -0.013193
v 0.697787 0.199233 -0.013107
v 0.681653 0.237307 0.047967
v 0.687314 0.241582 0.050952
v 0.692947 0.246007 0.050313
v 0.702862 0.256333 -0.061752
v 0.730631 0.263552 -0.054939
v 0.740489 0.266735 -0.035634
v 0.629285 0.397952 -0.029538
v 0.630476 0.392162 -0.049574
v 0.632674 0.381951 -0.064109
v 0.705151 0.237136 -0.060123
v 0.699469 0.228225 -0.040086
v 0.705771 0.219530 -0.027819
v 0.663563 0.398542 -0.032971
v 0.655886 0.394356 -0.054493
v 0.642127 0.385069 -0.069189
v 0.709764 0.343483 -0.040992
v 0.694031 0.336313 -0.065338
v 0.665065 0.323540 -0.077949
v 0.658627 0.301218 -0.083336
v 0.672770 0.285395 -0.082566
v 0.688998 0.269045 -0.080795
v 0.631849 0.360250 -0.079979
v 0.647029 0.355844 -0.093126
v 0.643199 0.334045 -0.087363
v 0.607045 0.380870 -0.027185
v 0.607592 0.378888 -0.045927
v 0.609398 0.374317 -0.061785
v 0.680545 0.221177 -0.054159
v 0.686420 0.209033 -0.041825
v 0.690404 0.201038 -0.027883
v 0.648642 0.288584 -0.086901
v 0.657161 0.270442 -0.081477
v 0.665480 0.252818 -0.074046
v 0.617845 0.355184 -0.083043
v 0.624369 0.340880 -0.088418
v 0.631935 0.324461 -0.090655
v 0.630227 0.374050 -0.082686
v 0.624981 0.372427 -0.084730
v 0.618609 0.369852 -0.081850
v 0.655083 0.318703 -0.100752
v 0.651009 0.315383 -0.103291
v 0.645518 0.310996 -0.100067
v 0.678270 0.239842 -0.071396
v 0.683598 0.244349 -0.074289
v 0.688791 0.248827 -0.073407
v 0.665265 0.340410 0.062148
v 0.651926 0.352533 0.059481
v 0.652134 0.371539 0.059929
v 0.681090 0.348944 0.044448
v 0.674180 0.366879 0.044296
v 0.664144 0.379598 0.041947
v 0.700629 0.360794 0.020744
v 0.687156 0.375425 0.020116
v 0.672210 0.385473 0.018234
v 0.682406 0.305345 0.057270
v 0.702400 0.313728 0.042176
v 0.717623 0.320756 0.017717
v 0.691499 0.287733 0.052480
v 0.714456 0.295969 0.038843
v 0.730267 0.302569 0.016194
v 0.702665 0.270981 0.048102
v 0.721812 0.277772 0.033582
v 0.736310 0.283081 0.013142
v 0.737558 0.235139 0.016754
v 0.697322 0.240056 0.022117
v 0.734372 0.245971 0.022226
v 0.745441 0.249395 0.006475
v 0.747937 0.233371 0.004632
v 0.712235 0.224901 0.001013
v 0.700494 0.232126 0.010386
v 0.643280 0.401383 0.025672
v 0.639936 0.389066 0.043091
v 0.637354 0.398748 0.030889
v 0.634230 0.412181 0.013951
v 0.647660 0.413375 0.012405
v 0.658423 0.407340 0.014004
v 0.649105 0.398715 0.031908
v 0.627615 0.386519 0.015501
v 0.629134 0.383894 0.036486
v 0.631436 0.378940 0.054065
v 0.620573 0.384919 0.015798
v 0.622432 0.381942 0.037083
v 0.625229 0.377148 0.055393
v 0.613816 0.382574 0.015029
v 0.615665 0.379712 0.035482
v 0.618560 0.374779 0.053059
v 0.638870 0.361128 0.076696
v 0.645212 0.347840 0.082225
v 0.652812 0.332236 0.084064
v 0.634608 0.358734 0.079115
v 0.641069 0.344939 0.084679
v 0.648472 0.328906 0.086353
v 0.628323 0.355653 0.076281
v 0.635065 0.341339 0.081537
v 0.642574 0.324915 0.083072
v 0.699265 0.231103 0.036164
v 0.704220 0.219021 0.020495
v 0.707111 0.211303 0.003684
v 0.693894 0.226349 0.036635
v 0.699137 0.213941 0.020726
v 0.702433 0.205715 0.003881
v 0.688253 0.222273 0.034383
v 0.693524 0.210008 0.019359
v 0.696877 0.201941 0.003309
v 0.669515 0.297608 0.078492
v 0.677719 0.279897 0.071541
v 0.685459 0.262595 0.061890
v 0.664371 0.293687 0.080132
v 0.672330 0.275771 0.072936
v 0.680042 0.258245 0.063170
v 0.658657 0.289290 0.076567
v 0.666688 0.271400 0.069220
v 0.674386 0.253919 0.059633
v 0.659498 0.342379 -0.080685
v 0.680958 0.352750 -0.064440
v 0.700592 0.362817 -0.040784
v 0.663341 0.365558 -0.084187
v 0.672648 0.369722 -0.063124
v 0.686923 0.377594 -0.038897
v 0.643802 0.371176 -0.074443
v 0.661393 0.381705 -0.058969
v 0.671406 0.387142 -0.035738
v 0.673825 0.306488 -0.075378
v 0.690823 0.290993 -0.076603
v 0.696213 0.272569 -0.069574
v 0.704733 0.317849 -0.065435
v 0.717987 0.299963 -0.064174
v 0.725430 0.281241 -0.060001
v 0.718022 0.322742 -0.040680
v 0.729981 0.304021 -0.040247
v 0.737763 0.284991 -0.038796
v 0.739250 0.236407 -0.044856
v 0.705834 0.241831 -0.050854
v 0.711065 0.231073 -0.040703
v 0.717563 0.224099 -0.028669
v 0.747793 0.234276 -0.032400
v 0.745356 0.250321 -0.033467
v 0.736259 0.248002 -0.049724
v 0.644959 0.411549 -0.042161
v 0.636498 0.390073 -0.058258
v 0.649825 0.403308 -0.047933
v 0.656526 0.407441 -0.029585
v 0.645401 0.412173 -0.026883
v 0.634090 0.402455 -0.027663
v 0.635069 0.396778 -0.045087
v 0.626344 0.387576 -0.030242
v 0.619307 0.385787 -0.030180
v 0.612571 0.383430 -0.029115
v 0.626768 0.385643 -0.051347
v 0.619844 0.383899 -0.051668
v 0.613179 0.381476 -0.049753
v 0.628073 0.381233 -0.069138
v 0.621683 0.379581 -0.070225
v 0.615142 0.377120 -0.067608
v 0.634036 0.364200 -0.092479
v 0.629725 0.362083 -0.094951
v 0.623587 0.358977 -0.092030
v 0.639838 0.351173 -0.098687
v 0.635861 0.348601 -0.101336
v 0.629932 0.344898 -0.098266
v 0.647189 0.335758 -0.101514
v 0.643104 0.332714 -0.104050
v 0.637396 0.328596 -0.100802
v 0.696332 0.233160 -0.060886
v 0.690993 0.228464 -0.061231
v 0.685562 0.224200 -0.058933
v 0.702336 0.220368 -0.046175
v 0.697175 0.215302 -0.046321
v 0.691671 0.211262 -0.044830
v 0.706286 0.211826 -0.030013
v 0.701450 0.206377 -0.030053
v 0.695931 0.202581 -0.029324
v 0.663440 0.301078 -0.097454
v 0.659203 0.297471 -0.099747
v 0.653826 0.292842 -0.096552
v 0.672124 0.283304 -0.091881
v 0.667491 0.279361 -0.093778
v 0.662162 0.274644 -0.090470
v 0.680415 0.265767 -0.083589
v 0.675677 0.261537 -0.085185
v 0.670401 0.256879 -0.081960
v 0.677400 0.307807 0.151200
v 0.679746 0.305046 0.142401
v 0.676173 0.312698 0.151548
v 0.679643 0.309258 0.139303
v 0.683780 0.295640 0.138595
v 0.684987 0.296992 0.133764
v 0.685912 0.284799 0.143490
v 0.688260 0.281152 0.139182
v 0.681902 0.280847 0.158850
v 0.683357 0.274454 0.159537
v 0.674222 0.291541 0.173502
v 0.673426 0.287383 0.179107
v 0.667338 0.312895 0.178594
v 0.664373 0.313437 0.186275
v 0.666050 0.330145 0.171301
v 0.662248 0.336241 0.177343
v 0.667930 0.340685 0.154690
v 0.665512 0.348976 0.155311
v 0.675961 0.331841 0.128469
v 0.675371 0.339353 0.124202
v 0.698075 0.286591 0.087852
v 0.698650 0.292550 0.081240
v 0.722755 0.231895 0.066220
v 0.723972 0.236036 0.059096
v 0.732467 0.197830 0.065736
v 0.735386 0.195310 0.058746
v 0.732119 0.178241 0.079202
v 0.734902 0.171255 0.076258
v 0.728706 0.176210 0.097698
v 0.729073 0.169822 0.101745
v 0.722925 0.189346 0.109071
v 0.720663 0.189388 0.116038
v 0.720495 0.203330 0.103703
v 0.718002 0.210077 0.105945
v 0.723927 0.201073 0.094628
v 0.723775 0.207088 0.090220
v 0.724075 0.193640 0.092104
v 0.725514 0.194549 0.086656
v 0.674921 0.302753 0.156477
v 0.673619 0.305666 0.159776
v 0.633252 0.293139 0.152242
v 0.634635 0.289931 0.143462
v 0.631283 0.297685 0.152604
v 0.633160 0.293508 0.140391
v 0.638860 0.280613 0.139652
v 0.638681 0.281323 0.134848
v 0.643293 0.270840 0.144501
v 0.645108 0.266946 0.140204
v 0.644009 0.269079 0.159767
v 0.646557 0.263193 0.160432
v 0.638650 0.280849 0.174373
v 0.639889 0.277635 0.179938
v 0.629549 0.301175 0.179509
v 0.628642 0.302671 0.187149
v 0.623007 0.315990 0.172320
v 0.619992 0.322450 0.178347
v 0.619434 0.324001 0.155818
v 0.616001 0.331821 0.156459
v 0.624044 0.313571 0.129665
v 0.621317 0.320091 0.125440
v 0.644670 0.267631 0.089078
v 0.642754 0.272436 0.082515
v 0.669544 0.213024 0.067441
v 0.668406 0.216074 0.060365
v 0.683905 0.181115 0.066865
v 0.685468 0.177966 0.059903
v 0.690985 0.164970 0.080184
v 0.694053 0.158116 0.077234
v 0.691213 0.164627 0.098607
v 0.693501 0.159130 0.102616
v 0.685363 0.177731 0.109982
v 0.684810 0.178566 0.116915
v 0.679704 0.190219 0.104678
v 0.676787 0.196769 0.106928
v 0.681138 0.187035 0.095643
v 0.679030 0.192143 0.091274
v 0.686104 0.181256 0.093007
v 0.686213 0.181548 0.087585
v 0.636876 0.290334 0.157380
v 0.635562 0.293242 0.160680
v 0.706187 0.193111 0.063972
v 0.694700 0.224490 0.064532
v 0.660523 0.292345 0.129029
v 0.665765 0.276036 0.134544
v 0.694760 0.229884 0.053882
v 0.709548 0.188859 0.053508
v 0.642975 0.333258 0.151023
v 0.643941 0.324428 0.166229
v 0.701376 0.195594 0.092160
v 0.699336 0.198042 0.099556
v 0.638829 0.333845 0.175280
v 0.638586 0.345342 0.151970
v 0.695279 0.208015 0.102925
v 0.699681 0.203935 0.085577
v 0.661016 0.279428 0.155067
v 0.662643 0.281692 0.140998
v 0.709381 0.176265 0.076357
v 0.705362 0.189001 0.082717
v 0.704020 0.188957 0.090228
v 0.664018 0.270218 0.156080
v 0.713770 0.165885 0.071936
v 0.648978 0.323881 0.126055
v 0.646490 0.334406 0.119686
v 0.654941 0.290046 0.168468
v 0.708189 0.174834 0.093072
v 0.655949 0.299445 0.139629
v 0.654286 0.302222 0.147560
v 0.655118 0.297708 0.153447
v 0.653375 0.301418 0.158439
v 0.655274 0.284517 0.176846
v 0.710180 0.165919 0.099114
v 0.670101 0.278695 0.086039
v 0.651889 0.309301 0.148091
v 0.654764 0.305286 0.135003
v 0.669095 0.286768 0.076158
v 0.647488 0.309709 0.173063
v 0.703056 0.186359 0.103716
v 0.644584 0.311238 0.184554
v 0.700945 0.187016 0.114141
v 0.659752 0.290798 0.136255
v 0.668041 0.314147 -0.171570
v 0.670890 0.311046 -0.163036
v 0.666802 0.319047 -0.171653
v 0.670971 0.315134 -0.159775
v 0.675127 0.301502 -0.159842
v 0.676612 0.302665 -0.155040
v 0.676959 0.290865 -0.165274
v 0.679548 0.287054 -0.161256
v 0.672062 0.287514 -0.180519
v 0.673467 0.281154 -0.181539
v 0.663558 0.298765 -0.194271
v 0.662434 0.294830 -0.199980
v 0.656415 0.320294 -0.198114
v 0.653010 0.321134 -0.205583
v 0.655571 0.337245 -0.190087
v 0.651433 0.343568 -0.195655
v 0.658423 0.347126 -0.173212
v 0.655981 0.355432 -0.173366
v 0.667949 0.337269 -0.147867
v 0.667615 0.344607 -0.143282
v 0.692326 0.290486 -0.110407
v 0.693290 0.296181 -0.103610
v 0.718156 0.235011 -0.092403
v 0.719788 0.238871 -0.085205
v 0.727841 0.200964 -0.093820
v 0.731157 0.198175 -0.087115
v 0.726691 0.181918 -0.108002
v 0.729632 0.174825 -0.105500
v 0.722210 0.180611 -0.126334
v 0.722335 0.174387 -0.130643
v 0.715795 0.194177 -0.136829
v 0.713133 0.194489 -0.143646
v 0.713696 0.207937 -0.130784
v 0.711085 0.214764 -0.132611
v 0.717645 0.205329 -0.122019
v 0.717755 0.211166 -0.117377
v 0.717931 0.197803 -0.119802
v 0.719684 0.198499 -0.114414
v 0.665255 0.309301 -0.176888
v 0.663767 0.312340 -0.179989
v 0.623890 0.299481 -0.170627
v 0.625776 0.295933 -0.162074
v 0.621909 0.304036 -0.170696
v 0.624485 0.299385 -0.158786
v 0.630204 0.286478 -0.158884
v 0.630304 0.286999 -0.154054
v 0.634337 0.276908 -0.164362
v 0.636394 0.272849 -0.160333
v 0.634166 0.275748 -0.179701
v 0.636665 0.269895 -0.180743
v 0.627983 0.288075 -0.193499
v 0.628895 0.285084 -0.199248
v 0.618623 0.308577 -0.197298
v 0.617277 0.310370 -0.204808
v 0.612526 0.323091 -0.189166
v 0.609174 0.329779 -0.194750
v 0.609924 0.330444 -0.172183
v 0.606468 0.338280 -0.172317
v 0.616029 0.319001 -0.146770
v 0.613558 0.325348 -0.142142
v 0.638918 0.271528 -0.109280
v 0.637391 0.276069 -0.102434
v 0.664941 0.216142 -0.091280
v 0.664219 0.218911 -0.084035
v 0.679276 0.184251 -0.092789
v 0.681235 0.180833 -0.086058
v 0.685554 0.168649 -0.107119
v 0.688780 0.161689 -0.104623
v 0.684715 0.169030 -0.125523
v 0.686760 0.163696 -0.129871
v 0.678230 0.182564 -0.136018
v 0.677278 0.183669 -0.142869
v 0.672902 0.194827 -0.129908
v 0.669867 0.201457 -0.131727
v 0.674853 0.191293 -0.121104
v 0.673007 0.196223 -0.116423
v 0.679957 0.185420 -0.118989
v 0.680381 0.185500 -0.113575
v 0.627207 0.296884 -0.176073
v 0.625708 0.299918 -0.179174
v 0.701701 0.196149 -0.090723
v 0.690237 0.227514 -0.089385
v 0.652459 0.297808 -0.149081
v 0.657354 0.281734 -0.155527
v 0.690920 0.232485 -0.078553
v 0.705658 0.191494 -0.080646
v 0.633713 0.339533 -0.168400
v 0.633787 0.331307 -0.183971
v 0.695268 0.199731 -0.118466
v 0.692807 0.202465 -0.125629
v 0.628169 0.341066 -0.192335
v 0.629290 0.351640 -0.168616
v 0.688572 0.212558 -0.128363
v 0.693967 0.207806 -0.111473
v 0.651428 0.285923 -0.175591
v 0.653870 0.287636 -0.161562
v 0.704154 0.179806 -0.103924
v 0.699787 0.192778 -0.109535
v 0.698012 0.193027 -0.116952
v 0.654356 0.276764 -0.177137
v 0.708779 0.169266 -0.100175
v 0.641142 0.329190 -0.144209
v 0.639038 0.339454 -0.137299
v 0.644599 0.297052 -0.188191
v 0.701993 0.179031 -0.120585
v 0.647286 0.305313 -0.159112
v 0.645170 0.308398 -0.166818
v 0.645655 0.304119 -0.172916
v 0.643630 0.308020 -0.177650
v 0.644440 0.291857 -0.196785
v 0.703621 0.170363 -0.127077
v 0.664495 0.282493 -0.107287
v 0.642755 0.315489 -0.166932
v 0.646379 0.310967 -0.154200
v 0.664072 0.290171 -0.097055
v 0.636915 0.316872 -0.191572
v 0.696266 0.190959 -0.130453
v 0.633352 0.318847 -0.202807
v 0.693556 0.192022 -0.140705
v 0.651269 0.296545 -0.156306
v -0.806825 1.088346 0.115019
v -0.516176 0.609006 0.115019
v -0.722249 1.139629 0.115019
v -0.431600 0.660288 0.115019
v -0.757799 1.121216 0.072404
v -0.479925 0.634556 0.072404
v -0.670736 1.168273 0.072404
v -0.392862 0.681614 0.072404
v -0.814147 1.083371 0.022027
v -0.521612 0.605184 0.022027
v -0.729953 1.135283 0.022027
v -0.437419 0.657096 0.022027
v -0.715254 1.149130 -0.048991
v -0.448656 0.656682 -0.048991
v -0.626144 1.192504 -0.048991
v -0.359545 0.700057 -0.048991
v -0.863175 1.049618 0.054585
v -0.558186 0.579547 0.054585
v -0.781621 1.105717 0.054585
v -0.476632 0.635646 0.054585
v -0.715867 1.148732 -0.063205
v -0.449105 0.656364 -0.063205
v -0.626785 1.192160 -0.063205
v -0.360023 0.699791 -0.063205
v -0.818459 1.080434 0.079480
v -0.524817 0.602932 0.079480
v -0.734493 1.132715 0.079480
v -0.440851 0.655214 0.079480
v -0.722907 1.144150 0.011412
v -0.454269 0.652705 0.011412
v -0.634157 1.188188 0.011412
v -0.365519 0.696743 0.011412
v -0.795388 1.096082 -0.013497
v -0.507696 0.614972 -0.013497
v -0.710220 1.146382 -0.013497
v -0.422528 0.665272 -0.013497
v -0.755818 1.122528 0.118598
v -0.478466 0.635587 0.118598
v -0.668658 1.169414 0.118598
v -0.391305 0.682473 0.118598
v -0.753075 1.124343 -0.055514
v -0.476445 0.637015 -0.055514
v -0.665780 1.170992 -0.055514
v -0.389150 0.683663 -0.055514
v -0.715494 1.148975 0.104404
v -0.448831 0.656558 0.104404
v -0.626394 1.192370 0.104404
v -0.359731 0.699953 0.104404
v -0.774753 1.109935 -0.006380
v -0.492432 0.625728 -0.006380
v -0.688535 1.158456 -0.006380
v -0.406214 0.674249 -0.006380
v -0.814499 1.083132 0.093093
v -0.521874 0.605000 0.093093
v -0.730325 1.135074 0.093093
v -0.437699 0.656942 0.093093
v -0.759931 1.119802 0.022656
v -0.481496 0.633447 0.022656
v -0.672973 1.167044 0.022656
v -0.394539 0.680688 0.022656
v -0.885368 1.034086 0.082398
v -0.574846 0.567913 0.082398
v -0.805050 1.092065 0.082398
v -0.494528 0.625893 0.082398
v -0.774500 1.110104 0.078900
v -0.492245 0.625860 0.078900
v -0.688269 1.158604 0.078900
v -0.406015 0.674359 0.078900
v -0.862576 1.050035 0.068799
v -0.557737 0.579861 0.068799
v -0.780989 1.106084 0.068799
v -0.476149 0.635909 0.068799
v -0.858180 1.053093 0.093674
v -0.554445 0.582163 0.093674
v -0.776351 1.108767 0.093674
v -0.472616 0.637838 0.093674
v -0.871409 1.043874 0.097221
v -0.564359 0.575233 0.097221
v -0.790310 1.100672 0.097221
v -0.483260 0.632031 0.097221
v -0.804455 1.089952 0.011974
v -0.514417 0.610242 0.011974
v -0.719756 1.141032 0.011974
v -0.429718 0.661322 0.011974
v -0.825968 1.075304 0.061108
v -0.530403 0.599010 0.061108
v -0.742400 1.128229 0.061108
v -0.446834 0.651935 0.061108
v -0.763195 1.117635 0.025606
v -0.483902 0.631747 0.025605
v -0.676399 1.165159 0.025606
v -0.397107 0.679271 0.025605
v -0.774145 1.110341 0.007833
v -0.491983 0.626044 0.007833
v -0.687896 1.158810 0.007833
v -0.405735 0.674513 0.007834
v -0.723519 1.143751 -0.002802
v -0.454718 0.652387 -0.002802
v -0.634798 1.187842 -0.002802
v -0.365997 0.696477 -0.002802
v -0.819063 1.080022 0.065267
v -0.525266 0.602617 0.065267
v -0.735129 1.132355 0.065267
v -0.441332 0.654950 0.065267
v -0.883876 1.035135 0.117932
v -0.573724 0.568696 0.117932
v -0.803474 1.092988 0.117932
v -0.493322 0.626549 0.117932
v -0.846438 1.061228 0.053991
v -0.545666 0.588309 0.053991
v -0.763968 1.115902 0.053991
v -0.463196 0.642983 0.053991
v -0.756961 1.121771 -0.027089
v -0.479307 0.634992 -0.027089
v -0.669857 1.168756 -0.027089
v -0.392203 0.681977 -0.027089
v -0.736665 1.135152 -0.070321
v -0.464372 0.645552 -0.070321
v -0.648572 1.180381 -0.070321
v -0.376279 0.690781 -0.070321
v -0.793620 1.097274 0.107317
v -0.506386 0.615894 0.107317
v -0.708362 1.147421 0.107317
v -0.421127 0.666041 0.107317
v -0.755581 1.122686 -0.034797
v -0.478290 0.635711 -0.034797
v -0.668408 1.169551 -0.034797
v -0.391118 0.682576 -0.034797
v -0.720239 1.145889 -0.005751
v -0.452311 0.654092 -0.005751
v -0.631363 1.189695 -0.005751
v -0.363435 0.697899 -0.005751
v -0.797896 1.094389 0.086597
v -0.509554 0.613664 0.086597
v -0.712858 1.144904 0.086597
v -0.424515 0.664179 0.086597
v -0.713349 1.150367 -0.083921
v -0.447259 0.657672 -0.083921
v -0.624149 1.193576 -0.083921
v -0.358059 0.700882 -0.083921
v -0.823489 1.077000 0.040391
v -0.528558 0.600305 0.040391
v -0.739789 1.129712 0.040391
v -0.444858 0.653018 0.040391
v -0.800016 1.092957 0.036850
v -0.511125 0.612558 0.036850
v -0.715087 1.143654 0.036850
v -0.426196 0.663256 0.036850
v -0.766780 1.115252 0.100826
v -0.486547 0.629880 0.100826
v -0.680162 1.163085 0.100826
v -0.399929 0.677714 0.100826
v -0.805061 1.089542 -0.002239
v -0.514866 0.609927 -0.002239
v -0.720393 1.140674 -0.002239
v -0.430198 0.661058 -0.002239
v -0.732744 1.137723 0.100240
v -0.461491 0.647591 0.100240
v -0.644463 1.182613 0.100240
v -0.373209 0.692481 0.100240
v -0.772980 1.111119 0.114434
v -0.491123 0.626651 0.114434
v -0.686673 1.159487 0.114434
v -0.404816 0.675020 0.114434
v -0.827359 1.074351 0.107903
v -0.531438 0.598284 0.107903
v -0.743864 1.127395 0.107903
v -0.447944 0.651327 0.107903
v -0.734883 1.136321 0.050492
v -0.463062 0.646479 0.050493
v -0.646704 1.181396 0.050492
v -0.374884 0.691554 0.050493
v -0.718096 1.147283 0.043996
v -0.450739 0.655206 0.043996
v -0.629119 1.190904 0.043996
v -0.361762 0.698826 0.043996
v -0.957986 0.975961 -0.066103
v -0.628646 0.524551 -0.066103
v -0.882201 1.040441 -0.066103
v -0.552861 0.589031 -0.066103
v -0.974818 0.960272 -0.042805
v -0.640859 0.512873 -0.042805
v -0.900230 1.026375 -0.042805
v -0.566271 0.578976 -0.042805
v -0.929789 1.001917 0.021430
v -0.608291 0.544059 0.021430
v -0.852051 1.063668 0.021430
v -0.530553 0.605810 0.021430
v -0.954697 0.979009 -0.073720
v -0.626266 0.526829 -0.073720
v -0.878681 1.043171 -0.073720
v -0.550249 0.590992 -0.073720
v -1.018892 0.918490 -0.058743
v -0.673083 0.482169 -0.058743
v -0.947548 0.988810 -0.058743
v -0.601740 0.552489 -0.058743
v -0.943909 0.988970 0.033412
v -0.618469 0.534298 0.033412
v -0.867141 1.052089 0.033412
v -0.541700 0.597417 0.033412
v -1.002246 0.934390 -0.082041
v -0.660869 0.493788 -0.082041
v -0.929659 1.003124 -0.082041
v -0.588282 0.562521 -0.082041
v -1.049210 0.889148 -0.071779
v -0.695480 0.460927 -0.071779
v -0.980187 0.962336 -0.071779
v -0.626456 0.534114 -0.071779
v -0.929310 1.002355 0.058578
v -0.607946 0.544390 0.058578
v -0.851538 1.064059 0.058578
v -0.530175 0.606095 0.058578
v -0.979939 0.955469 -0.061073
v -0.644585 0.509315 -0.061073
v -0.905721 1.022065 -0.061073
v -0.570366 0.575911 -0.061073
v -0.955174 0.978567 0.056377
v -0.626610 0.526499 0.056377
v -0.879191 1.042776 0.056377
v -0.550628 0.590708 0.056377
v -1.041434 0.896721 -0.087127
v -0.689716 0.466385 -0.087127
v -0.971809 0.969177 -0.087127
v -0.620091 0.538840 -0.087127
v -0.937788 0.994595 0.107393
v -0.614053 0.538532 0.107393
v -0.860597 1.057122 0.107393
v -0.536862 0.601058 0.107393
v -0.938266 0.994156 0.099977
v -0.614398 0.538201 0.099977
v -0.861108 1.056728 0.099977
v -0.537239 0.600773 0.099977
v -0.966410 0.968127 0.012444
v -0.634752 0.518709 0.012444
v -0.891222 1.033420 0.012444
v -0.559564 0.584002 0.012444
v -0.997153 0.939226 -0.047049
v -0.657143 0.497337 -0.047049
v -0.924190 1.007472 -0.047049
v -0.584180 0.565584 -0.047049
v -0.969214 0.965511 -0.110036
v -0.636788 0.516764 -0.110036
v -0.894226 1.031074 -0.110036
v -0.561799 0.582327 -0.110036
v -0.985528 0.950213 -0.038441
v -0.648656 0.505430 -0.038441
v -0.911714 1.017345 -0.038441
v -0.574842 0.572562 -0.038441
v -1.038216 0.899846 -0.053862
v -0.687335 0.468642 -0.053862
v -0.968343 0.971997 -0.053862
v -0.617462 0.540793 -0.053862
v -0.980413 0.955024 -0.109371
v -0.644929 0.508986 -0.109371
v -0.906229 1.021665 -0.109371
v -0.570745 0.575627 -0.109371
v -0.988792 0.947135 -0.030824
v -0.651036 0.503159 -0.030824
v -0.915216 1.014580 -0.030824
v -0.577460 0.570604 -0.030824
v -0.926960 1.004499 -0.093950
v -0.606256 0.546013 -0.093950
v -0.849029 1.065976 -0.093950
v -0.528325 0.607490 -0.093950
v -0.968739 0.965955 -0.061739
v -0.636443 0.517093 -0.061739
v -0.893717 1.031472 -0.061739
v -0.561420 0.582611 -0.061739
v -1.008273 0.928650 0.000074
v -0.665285 0.489584 0.000074
v -0.936134 0.997959 0.000074
v -0.593146 0.558893 0.000074
v -1.063367 0.875278 -0.108095
v -0.706007 0.450971 -0.108095
v -0.995451 0.949793 -0.108095
v -0.638091 0.525486 -0.108095
v -0.982735 0.952842 0.054307
v -0.646620 0.507372 0.054307
v -0.908718 1.019706 0.054307
v -0.572604 0.574236 0.054307
v -1.074279 0.864513 -0.107429
v -0.714154 0.443279 -0.107429
v -1.007227 0.940046 -0.107429
v -0.647102 0.518813 -0.107429
v -0.963128 0.971183 0.004827
v -0.632372 0.520986 0.004827
v -0.887706 1.036160 0.004827
v -0.556950 0.585963 0.004827
v -0.934963 0.997184 -0.007987
v -0.612017 0.540484 -0.007987
v -0.857578 1.059437 -0.007987
v -0.534632 0.602737 -0.007987
v -1.016592 0.920695 -0.099774
v -0.671392 0.483776 -0.099774
v -0.945076 0.990797 -0.099774
v -0.599876 0.553877 -0.099774
v -1.035928 0.902063 -0.020561
v -0.685644 0.470245 -0.020561
v -0.965880 0.973998 -0.020561
v -0.615595 0.542181 -0.020561
v -0.932138 0.999771 -0.063902
v -0.609982 0.542437 -0.063902
v -0.854559 1.061749 -0.063902
v -0.532403 0.604416 -0.063902
v -1.068365 0.870355 -0.066897
v -0.709735 0.447450 -0.066898
v -1.000844 0.945338 -0.066897
v -0.642214 0.522432 -0.066898
v -0.943431 0.989409 -0.107835
v -0.618124 0.534629 -0.107835
v -0.866630 1.052482 -0.107835
v -0.541322 0.597701 -0.107835
v -1.030415 0.907397 -0.043194
v -0.681572 0.474108 -0.043194
v -0.959945 0.978810 -0.043194
v -0.611102 0.545522 -0.043194
v -0.952361 0.981171 0.000462
v -0.624575 0.528448 0.000462
v -0.876181 1.045108 0.000462
v -0.548395 0.592385 0.000462
v -1.007803 0.929099 -0.059409
v -0.664940 0.489913 -0.059409
v -0.935629 0.998363 -0.059409
v -0.592766 0.559176 -0.059409
v -0.960796 0.973352 0.079009
v -0.630681 0.522603 0.079009
v -0.885209 1.038103 0.079009
v -0.555095 0.587355 0.079009
v -0.963604 0.970741 -0.043471
v -0.632717 0.520656 -0.043471
v -0.888216 1.035763 -0.043471
v -0.557329 0.585679 -0.043471
v -0.971542 0.963337 0.053641
v -0.638478 0.515148 0.053641
v -0.896720 1.029124 0.053641
v -0.563656 0.580935 0.053641
v -0.951883 0.981613 0.048760
v -0.624230 0.528778 0.048760
v -0.875670 1.045503 0.048760
v -0.548017 0.592669 0.048760
v -0.949068 0.984214 0.063460
v -0.622195 0.530728 0.063460
v -0.872658 1.047832 0.063460
v -0.545785 0.594346 0.063460
v -1.016123 0.921145 -0.010594
v -0.671047 0.484104 -0.010594
v -0.944571 0.991202 -0.010594
v -0.599495 0.554160 -0.010594
v -0.977616 0.957649 0.013110
v -0.642894 0.510929 0.013110
v -0.903230 1.024021 0.013110
v -0.568508 0.577301 0.013110
v -1.005497 0.931297 -0.055841
v -0.663250 0.491521 -0.055841
v -0.933151 1.000341 -0.055841
v -0.590904 0.560565 -0.055841
v -1.019361 0.918040 -0.043859
v -0.673428 0.481841 -0.043859
v -0.948053 0.988405 -0.043859
v -0.602120 0.552206 -0.043859
v -0.600784 1.204125 -0.100055
v -0.365295 0.698640 -0.100055
v -0.506664 1.237542 -0.100055
v -0.271175 0.732057 -0.100055
v -0.531531 1.235278 0.006091
v -0.315451 0.723616 0.006091
v -0.434712 1.262618 0.006091
v -0.218633 0.750956 0.006091
v -0.477624 1.258641 0.078944
v -0.276871 0.743064 0.078944
v -0.378886 1.281250 0.078944
v -0.178132 0.765674 0.078944
v -0.543017 1.230199 0.037105
v -0.323694 0.719473 0.037105
v -0.446628 1.258549 0.037105
v -0.227305 0.747822 0.037105
v -0.625323 1.192776 -0.062569
v -0.383051 0.689789 -0.062569
v -0.532220 1.228340 -0.062569
v -0.289948 0.725353 -0.062569
v -0.668837 1.172248 -0.084743
v -0.414684 0.674090 -0.084743
v -0.577614 1.211604 -0.084743
v -0.323461 0.713446 -0.084743
v -0.488547 1.253968 -0.022937
v -0.284677 0.739122 -0.022937
v -0.390185 1.277535 -0.022937
v -0.186315 0.762689 -0.022937
v -0.633100 1.189145 -0.064030
v -0.388691 0.686984 -0.064030
v -0.540326 1.225388 -0.064030
v -0.295916 0.723227 -0.064030
v -0.603772 1.202752 -0.103670
v -0.367454 0.697562 -0.103670
v -0.509773 1.236431 -0.103670
v -0.273456 0.731241 -0.103670
v -0.509751 1.244809 -0.017926
v -0.299845 0.731472 -0.017926
v -0.412138 1.270237 -0.017926
v -0.202232 0.756900 -0.017926
v -0.682475 1.165708 -0.110515
v -0.424641 0.669168 -0.110515
v -0.591861 1.206248 -0.110515
v -0.334027 0.709707 -0.110515
v -0.556881 1.224024 0.011333
v -0.333655 0.714473 0.011333
v -0.461020 1.253590 0.011333
v -0.237794 0.744039 0.011333
v -0.560497 1.222405 -0.015035
v -0.336255 0.713169 -0.015035
v -0.464776 1.252289 -0.015035
v -0.240534 0.743053 -0.015035
v -0.495208 1.251104 -0.052919
v -0.289439 0.736719 -0.052919
v -0.397079 1.275255 -0.052919
v -0.191310 0.760870 -0.052919
v -0.600175 1.204405 -0.008968
v -0.364854 0.698859 -0.008967
v -0.506030 1.237769 -0.008968
v -0.270709 0.732223 -0.008967
v -0.495825 1.250838 -0.090859
v -0.289880 0.736496 -0.090859
v -0.397717 1.275043 -0.090859
v -0.191772 0.760702 -0.090858
v -0.481265 1.257087 -0.046128
v -0.279473 0.741750 -0.046128
v -0.382652 1.280015 -0.046128
v -0.180859 0.764678 -0.046128
v -0.487931 1.254233 0.015002
v -0.284236 0.739345 0.015002
v -0.389547 1.277746 0.015002
v -0.185852 0.762858 0.015002
v -0.546638 1.228592 -0.087967
v -0.326294 0.718167 -0.087967
v -0.450386 1.257259 -0.087967
v -0.230042 0.746834 -0.087967
v -0.553263 1.225641 -0.106561
v -0.331055 0.715778 -0.106560
v -0.457263 1.254889 -0.106561
v -0.235055 0.745026 -0.106560
v -0.510367 1.244542 -0.067254
v -0.300286 0.731250 -0.067254
v -0.412776 1.270023 -0.067254
v -0.202695 0.756732 -0.067254
v -0.532145 1.235007 -0.043237
v -0.315892 0.723394 -0.043237
v -0.435349 1.262401 -0.043237
v -0.219096 0.750788 -0.043237
v -0.473980 1.260193 0.021793
v -0.274269 0.744380 0.021793
v -0.375118 1.282482 0.021793
v -0.175406 0.766669 0.021793
v -0.506117 1.246387 -0.075078
v -0.297244 0.732783 -0.075078
v -0.408373 1.271496 -0.075078
v -0.199500 0.757892 -0.075078
v -0.589372 1.209348 -0.058939
v -0.357055 0.702755 -0.058939
v -0.494789 1.241765 -0.058939
v -0.262472 0.735173 -0.058939
v -0.492187 1.252405 0.034214
v -0.287278 0.737809 0.034214
v -0.393952 1.276291 0.034214
v -0.189043 0.761695 0.034214
v -0.567724 1.219158 -0.082956
v -0.341455 0.710562 -0.082956
v -0.472284 1.249676 -0.082956
v -0.246015 0.741080 -0.082956
v -0.628909 1.191104 -0.071853
v -0.385651 0.688496 -0.071853
v -0.535957 1.226981 -0.071853
v -0.292699 0.724373 -0.071853
v -0.473363 1.260455 0.059732
v -0.273828 0.744602 0.059732
v -0.374480 1.282691 0.059732
v -0.174944 0.766838 0.059732
v -0.538780 1.232077 -0.061830
v -0.320653 0.721001 -0.061830
v -0.442232 1.260054 -0.061830
v -0.224104 0.748978 -0.061830
v -0.506734 1.246120 0.057818
v -0.297685 0.732560 0.057818
v -0.409013 1.271283 0.057818
v -0.199963 0.757724 0.057818
v -0.618755 1.195830 -0.087634
v -0.378293 0.692159 -0.087634
v -0.525376 1.230820 -0.087634
v -0.284914 0.727149 -0.087634
v -0.484291 1.255793 0.109704
v -0.281634 0.740659 0.109704
v -0.385781 1.278987 0.109704
v -0.183124 0.763852 0.109704
v -0.484908 1.255528 0.102135
v -0.282075 0.740436 0.102135
v -0.386420 1.278777 0.102135
v -0.183587 0.763684 0.102135
v -0.521262 1.239787 0.013088
v -0.308089 0.727320 0.013088
v -0.424065 1.266226 0.013088
v -0.210893 0.753758 0.013088
v -1.467607 -0.013764 0.059826
v -1.013528 -0.160366 0.059826
v -1.467100 0.108179 0.059826
v -1.013022 -0.038422 0.059826
v -1.471349 -0.054323 0.122814
v -1.017383 -0.187149 0.122813
v -1.473845 0.068544 0.122814
v -1.019879 -0.064281 0.122814
v -1.469205 -0.030674 0.051218
v -1.015133 -0.171542 0.051218
v -1.469952 0.091665 0.051218
v -1.015879 -0.049202 0.051218
v -1.461475 0.046349 0.066639
v -1.007854 -0.120504 0.066639
v -1.456511 0.166753 0.066639
v -1.002890 -0.000100 0.066639
v -1.469890 -0.038100 0.122148
v -1.015838 -0.176444 0.122148
v -1.471186 0.084409 0.122148
v -1.017134 -0.053936 0.122148
v -1.468762 -0.025931 0.043601
v -1.014682 -0.168408 0.043601
v -1.469158 0.096299 0.043601
v -1.015078 -0.046178 0.043601
v -1.476378 -0.115129 0.106727
v -1.023209 -0.227187 0.106727
v -1.483359 0.008949 0.106727
v -1.030189 -0.103110 0.106727
v -1.471409 -0.055010 0.074516
v -1.017448 -0.187602 0.074516
v -1.473957 0.067872 0.074516
v -1.019996 -0.064720 0.074516
v -1.466022 0.002457 0.012703
v -1.011993 -0.149631 0.012703
v -1.464313 0.124005 0.012703
v -1.010285 -0.028083 0.012703
v -1.457335 0.083457 0.120872
v -1.004368 -0.095772 0.120872
v -1.449620 0.202811 0.120872
v -0.996654 0.023582 0.120872
v -1.469580 -0.034730 -0.041530
v -1.015518 -0.174220 -0.041530
v -1.470627 0.087702 -0.041530
v -1.016565 -0.051788 -0.041529
v -1.455445 0.099624 0.120206
v -1.002852 -0.084961 0.120206
v -1.446534 0.218497 0.120206
v -0.993942 0.033912 0.120206
v -1.472119 -0.063121 0.007951
v -1.018222 -0.192950 0.007951
v -1.475266 0.059934 0.007951
v -1.021369 -0.069894 0.007951
v -1.475482 -0.103661 0.020764
v -1.022105 -0.219644 0.020764
v -1.481619 0.020204 0.020764
v -1.028242 -0.095779 0.020765
v -1.464799 0.014619 0.112551
v -1.010844 -0.141572 0.112551
v -1.462189 0.135861 0.112552
v -1.008234 -0.020331 0.112551
v -1.461837 0.042985 0.033339
v -1.008171 -0.122741 0.033339
v -1.457122 0.163481 0.033339
v -1.003456 -0.002246 0.033339
v -1.475801 -0.107713 0.076679
v -1.022495 -0.222310 0.076679
v -1.482236 0.016228 0.076680
v -1.028930 -0.098368 0.076680
v -1.456476 0.090858 0.079675
v -1.003674 -0.090826 0.079675
v -1.448214 0.209993 0.079675
v -0.995412 0.028309 0.079675
v -1.474505 -0.091503 0.120613
v -1.020937 -0.211643 0.120612
v -1.479747 0.032129 0.120613
v -1.026179 -0.088011 0.120613
v -1.462699 0.034883 0.055971
v -1.008934 -0.128125 0.055971
v -1.458586 0.155596 0.055971
v -1.004820 -0.007412 0.055971
v -1.473444 -0.078654 0.012315
v -1.019706 -0.203183 0.012315
v -1.477738 0.044723 0.012315
v -1.024001 -0.079807 0.012315
v -1.466090 0.001769 0.072186
v -1.012058 -0.150086 0.072186
v -1.464432 0.123334 0.072186
v -1.010401 -0.028521 0.072186
v -1.472410 -0.066488 -0.066232
v -1.018543 -0.195169 -0.066232
v -1.475806 0.056638 -0.066232
v -1.021939 -0.072043 -0.066232
v -1.472060 -0.062434 0.056248
v -1.018156 -0.192496 0.056248
v -1.475156 0.060607 0.056249
v -1.021253 -0.069456 0.056248
v -1.471050 -0.050954 -0.040864
v -1.017062 -0.184927 -0.040864
v -1.473297 0.071840 -0.040864
v -1.019309 -0.062133 -0.040864
v -1.473502 -0.079340 -0.035982
v -1.019773 -0.203636 -0.035982
v -1.477846 0.044050 -0.035982
v -1.024117 -0.080245 -0.035982
v -1.473839 -0.083395 -0.050682
v -1.020161 -0.206306 -0.050682
v -1.478483 0.040078 -0.050682
v -1.024804 -0.082833 -0.050682
v -1.464869 0.013933 0.023371
v -1.010909 -0.142028 0.023372
v -1.462310 0.135192 0.023371
v -1.008349 -0.020769 0.023372
v -1.470259 -0.042155 -0.000332
v -1.016224 -0.179122 -0.000332
v -1.471856 0.080445 -0.000332
v -1.017820 -0.056522 -0.000332
v -1.466423 -0.001598 0.068618
v -1.012377 -0.152316 0.068618
v -1.465015 0.120050 0.068619
v -1.010969 -0.030668 0.068618
v -1.464386 0.018673 0.056636
v -1.010462 -0.138884 0.056637
v -1.461474 0.139811 0.056636
v -1.007550 -0.017747 0.056637
v -1.463125 0.030831 0.111886
v -1.009315 -0.130816 0.111886
v -1.459313 0.151651 0.111886
v -1.005502 -0.009995 0.111886
v -1.470687 -0.046898 0.007285
v -1.016675 -0.182252 0.007285
v -1.472635 0.075807 0.007285
v -1.018623 -0.059546 0.007285
v -1.475748 -0.107026 -0.064568
v -1.022429 -0.221858 -0.064568
v -1.482132 0.016903 -0.064568
v -1.028813 -0.097930 -0.064568
v -1.469517 -0.034042 -0.022965
v -1.015453 -0.173766 -0.022964
v -1.470513 0.088374 -0.022964
v -1.016449 -0.051350 -0.022964
v -1.460150 0.058496 0.075431
v -1.006711 -0.112420 0.075431
v -1.454285 0.178565 0.075431
v -1.000847 0.007649 0.075431
v -1.454481 0.107702 0.097574
v -1.002096 -0.079552 0.097574
v -1.444973 0.226330 0.097574
v -0.992587 0.039076 0.097574
v 0.243563 1.351150 -0.023293
v 0.303558 0.832818 -0.023293
v 0.352679 1.332611 -0.023293
v 0.412673 0.814278 -0.023293
v 0.180713 1.358692 -0.067405
v 0.244285 0.839768 -0.067405
v 0.289710 1.341153 -0.067405
v 0.353281 0.822228 -0.067405
v 0.193550 1.357154 -0.106372
v 0.256390 0.838348 -0.106372
v 0.302571 1.339410 -0.106372
v 0.365412 0.820604 -0.106372
v 0.234402 1.352251 -0.018735
v 0.294918 0.833830 -0.018735
v 0.343501 1.333858 -0.018735
v 0.404016 0.815437 -0.018735
v 0.158983 1.361293 -0.114897
v 0.223791 0.842172 -0.114897
v 0.267937 1.344099 -0.114897
v 0.332744 0.824978 -0.114897
v 0.213975 1.354704 0.009492
v 0.275654 0.836089 0.009492
v 0.323036 1.336636 0.009492
v 0.384714 0.818020 0.009492
v 0.212404 1.354893 -0.016921
v 0.274172 0.836263 -0.016921
v 0.321461 1.336849 -0.016921
v 0.383229 0.818219 -0.016921
v 0.240687 1.351496 -0.053380
v 0.300845 0.833136 -0.053380
v 0.349798 1.333002 -0.053380
v 0.409955 0.814642 -0.053380
v 0.195120 1.356966 -0.011705
v 0.257872 0.838174 -0.011705
v 0.304145 1.339197 -0.011705
v 0.366897 0.820405 -0.011705
v 0.240421 1.351528 -0.091287
v 0.300594 0.833165 -0.091287
v 0.349531 1.333038 -0.091287
v 0.409704 0.814675 -0.091287
v 0.246706 1.350772 -0.046303
v 0.306521 0.832470 -0.046303
v 0.355828 1.332183 -0.046303
v 0.415643 0.813881 -0.046303
v 0.243830 1.351118 0.014614
v 0.303809 0.832788 0.014614
v 0.352946 1.332574 0.014614
v 0.412925 0.814245 0.014614
v 0.218423 1.354170 -0.089474
v 0.279848 0.835597 -0.089474
v 0.327492 1.336031 -0.089474
v 0.388917 0.817458 -0.089474
v 0.215547 1.354516 -0.108185
v 0.277136 0.835916 -0.108185
v 0.324610 1.336422 -0.108185
v 0.386199 0.817822 -0.108185
v 0.234136 1.352283 -0.068018
v 0.294667 0.833860 -0.068018
v 0.343234 1.333894 -0.068018
v 0.403765 0.815471 -0.068018
v 0.224708 1.353416 -0.044489
v 0.285776 0.834902 -0.044489
v 0.333789 1.335176 -0.044489
v 0.394856 0.816663 -0.044489
v 0.249849 1.350394 0.021691
v 0.309485 0.832123 0.021691
v 0.358976 1.331755 0.021691
v 0.418612 0.813483 0.021691
v 0.235973 1.352062 -0.075742
v 0.296399 0.833657 -0.075742
v 0.345075 1.333644 -0.075742
v 0.405501 0.815238 -0.075742
v 0.199834 1.356401 -0.061388
v 0.262317 0.837653 -0.061387
v 0.308868 1.338557 -0.061388
v 0.371351 0.819809 -0.061387
v 0.241992 1.351339 0.033714
v 0.302076 0.832991 0.033715
v 0.351105 1.332825 0.033714
v 0.411188 0.814477 0.033715
v 0.209262 1.355270 -0.084916
v 0.271208 0.836610 -0.084916
v 0.318313 1.337276 -0.084916
v 0.380260 0.818617 -0.084916
v 0.182551 1.358472 -0.075130
v 0.246018 0.839565 -0.075130
v 0.291551 1.340903 -0.075130
v 0.355018 0.821996 -0.075130
v 0.250115 1.350362 0.059598
v 0.309736 0.832093 0.059599
v 0.359242 1.331719 0.059598
v 0.418864 0.813450 0.059599
v 0.221832 1.353761 -0.063201
v 0.283063 0.835220 -0.063201
v 0.330907 1.335567 -0.063201
v 0.392138 0.817026 -0.063201
v 0.235707 1.352095 0.056984
v 0.296148 0.833686 0.056984
v 0.344808 1.333680 0.056984
v 0.405250 0.815272 0.056984
v -0.140161 1.331413 -0.091076
v -0.014274 0.807470 -0.091076
v -0.034395 1.331657 -0.091076
v 0.091492 0.807714 -0.091076
v -0.020210 1.343092 0.111735
v 0.093970 0.819310 0.111735
v 0.086333 1.339941 0.111735
v 0.200514 0.816159 0.111735
v -0.020758 1.343040 0.104002
v 0.093477 0.819256 0.104002
v 0.085783 1.339904 0.104002
v 0.200017 0.816120 0.104002
v -0.053038 1.339929 0.012726
v 0.064354 0.816066 0.012726
v 0.053301 1.337707 0.012726
v 0.170692 0.813844 0.012726
v -0.088538 1.336481 -0.049303
v 0.032319 0.812561 -0.049303
v 0.017572 1.335263 -0.049303
v 0.138429 0.811343 -0.049303
v -0.056265 1.339617 -0.115011
v 0.061442 0.815747 -0.115010
v 0.050053 1.337486 -0.115011
v 0.167759 0.813616 -0.115010
v -0.075083 1.337791 -0.040332
v 0.044462 0.813889 -0.040332
v 0.031115 1.336193 -0.040332
v 0.150659 0.812291 -0.040332
v -0.136388 1.331785 -0.056385
v -0.010869 0.807842 -0.056385
v -0.030596 1.331922 -0.056385
v 0.094923 0.807979 -0.056385
v -0.069175 1.338365 -0.114310
v 0.049793 0.814472 -0.114310
v 0.037060 1.336600 -0.114310
v 0.156028 0.812707 -0.114310
v -0.078857 1.337424 -0.032386
v 0.041056 0.813517 -0.032386
v 0.027316 1.335933 -0.032386
v 0.147229 0.812025 -0.032386
v -0.007844 1.344277 -0.098257
v 0.105126 0.820532 -0.098257
v 0.098775 1.340776 -0.098257
v 0.211746 0.817032 -0.098257
v -0.055718 1.339670 -0.064640
v 0.061935 0.815801 -0.064640
v 0.050603 1.337524 -0.064640
v 0.168257 0.813655 -0.064640
v -0.101445 1.335220 -0.000151
v 0.020671 0.811288 -0.000151
v 0.004580 1.334367 -0.000151
v 0.126696 0.810435 -0.000151
v -0.165965 1.328856 -0.112932
v -0.037570 0.804928 -0.112932
v -0.060376 1.329831 -0.112932
v 0.068018 0.805902 -0.112932
v -0.071856 1.338105 0.056396
v 0.047374 0.814208 0.056396
v 0.034363 1.336415 0.056396
v 0.153592 0.812518 0.056396
v -0.178865 1.327572 -0.112231
v -0.049218 0.803657 -0.112231
v -0.073366 1.328912 -0.112231
v 0.056281 0.804997 -0.112231
v -0.049263 1.340294 0.004780
v 0.067760 0.816439 0.004780
v 0.057100 1.337965 0.004780
v 0.174122 0.814110 0.004780
v -0.016982 1.343402 -0.008600
v 0.096883 0.819629 -0.008600
v 0.089581 1.340160 -0.008600
v 0.203446 0.816387 -0.008600
v -0.111125 1.334271 -0.104281
v 0.011934 0.810333 -0.104281
v -0.005164 1.333693 -0.104281
v 0.117895 0.809754 -0.104281
v -0.133709 1.332049 -0.021656
v -0.008450 0.808106 -0.021656
v -0.027899 1.332111 -0.021656
v 0.097360 0.808167 -0.021656
v -0.013754 1.343711 -0.066917
v 0.099795 0.819948 -0.066917
v 0.092829 1.340378 -0.066917
v 0.206379 0.816615 -0.066917
v -0.171868 1.328269 -0.069963
v -0.042901 0.804346 -0.069963
v -0.066321 1.329410 -0.069963
v 0.062647 0.805488 -0.069963
v -0.026667 1.342472 -0.112730
v 0.088146 0.818671 -0.112729
v 0.079837 1.339504 -0.112730
v 0.194650 0.815703 -0.112729
v -0.127257 1.332686 -0.045263
v -0.002626 0.808742 -0.045263
v -0.021403 1.332564 -0.045263
v 0.103227 0.808621 -0.045263
v -0.036898 1.341488 0.000222
v 0.078915 0.817660 0.000222
v 0.069542 1.338809 0.000222
v 0.185355 0.814982 0.000222
v -0.100899 1.335273 -0.062188
v 0.021164 0.811342 -0.062188
v 0.005130 1.334405 -0.062188
v 0.127193 0.810474 -0.062188
v -0.046582 1.340554 0.082146
v 0.070178 0.816704 0.082146
v 0.059797 1.338148 0.082146
v 0.176558 0.814299 0.082146
v -0.049810 1.340242 -0.045591
v 0.067266 0.816385 -0.045591
v 0.056549 1.337928 -0.045591
v 0.173625 0.814071 -0.045591
v -0.058946 1.339357 0.055695
v 0.059023 0.815483 0.055695
v 0.047355 1.337302 0.055695
v 0.165324 0.813428 0.055695
v -0.036351 1.341540 0.050593
v 0.079409 0.817714 0.050593
v 0.070092 1.338846 0.050593
v 0.185852 0.815020 0.050593
v -0.033123 1.341851 0.065922
v 0.082321 0.818034 0.065922
v 0.073340 1.339065 0.065922
v 0.188785 0.815248 0.065922
v -0.110578 1.334325 -0.011273
v 0.012428 0.810387 -0.011273
v -0.004613 1.333731 -0.011273
v 0.118393 0.809793 -0.011273
v -0.065948 1.338679 0.013427
v 0.052705 0.814791 0.013427
v 0.040308 1.336822 0.013427
v 0.158961 0.812934 0.013427
v -0.098219 1.335535 -0.058468
v 0.023583 0.811606 -0.058468
v 0.007828 1.334591 -0.058468
v 0.129630 0.810662 -0.058468
v -0.114352 1.333954 -0.045964
v 0.009022 0.810015 -0.045964
v -0.008412 1.333467 -0.045964
v 0.114962 0.809528 -0.045964
v -0.124031 1.333003 -0.103580
v 0.000286 0.809060 -0.103580
v -0.018156 1.332790 -0.103580
v 0.106161 0.808847 -0.103580
v -0.062173 1.339045 0.005481
v 0.056111 0.815164 0.005481
v 0.044107 1.337081 0.005481
v 0.162391 0.813200 0.005481
v -0.014301 1.343659 0.080395
v 0.099302 0.819894 0.080395
v 0.092279 1.340341 0.080395
v 0.205882 0.816576 0.080395
v -0.072402 1.338052 0.037034
v 0.046880 0.814154 0.037034
v 0.033812 1.336377 0.037034
v 0.153095 0.812479 0.037034
v -0.146065 1.330829 -0.065550
v -0.019605 0.806888 -0.065550
v -0.040340 1.331240 -0.065550
v 0.086121 0.807299 -0.065550
v -0.185314 1.326928 -0.088624
v -0.055042 0.803022 -0.088624
v -0.079861 1.328451 -0.088624
v 0.050411 0.804545 -0.088624
v -0.023986 1.342730 -0.023735
v 0.090565 0.818937 -0.023735
v 0.082534 1.339686 -0.023735
v 0.197085 0.815892 -0.023735
v -0.153063 1.330136 -0.067119
v -0.025922 0.806199 -0.067119
v -0.047385 1.330745 -0.067119
v 0.079755 0.806808 -0.067119
v -0.126710 1.332739 -0.107300
v -0.002132 0.808796 -0.107300
v -0.020853 1.332602 -0.107300
v 0.103724 0.808659 -0.107300
v -1.199440 0.708207 -0.073791
v -0.806679 0.330632 -0.073791
v -1.144196 0.796269 -0.073791
v -0.751435 0.418694 -0.073791
v -1.254092 0.630360 0.096617
v -0.848150 0.275666 0.096617
v -1.204764 0.723846 0.096617
v -0.798823 0.369152 0.096617
v -1.182472 0.731780 -0.027639
v -0.794037 0.347484 -0.027639
v -1.125459 0.818116 -0.027639
v -0.737024 0.433820 -0.027639
v -1.198042 0.710160 -0.024089
v -0.805633 0.332024 -0.024089
v -1.142652 0.798080 -0.024089
v -0.750242 0.419944 -0.024089
v -1.219802 0.679551 -0.087991
v -0.821990 0.310282 -0.087991
v -1.166724 0.769659 -0.087991
v -0.768912 0.400390 -0.087991
v -1.194710 0.714806 0.014963
v -0.803145 0.335339 0.014963
v -1.138970 0.802389 0.014963
v -0.747404 0.422922 0.014963
v -1.241742 0.648212 -0.087390
v -0.838672 0.288186 -0.087389
v -1.191049 0.740492 -0.087389
v -0.787979 0.380466 -0.087389
v -1.215768 0.685260 -0.101590
v -0.818944 0.314325 -0.101590
v -1.162257 0.774965 -0.101590
v -0.765433 0.404030 -0.101590
v -1.179889 0.735345 -0.095091
v -0.792121 0.350042 -0.095092
v -1.122609 0.821417 -0.095091
v -0.734842 0.436114 -0.095092
v -1.240373 0.650181 -0.037687
v -0.837625 0.289569 -0.037687
v -1.189530 0.742327 -0.037687
v -0.786782 0.381715 -0.037687
v -1.251079 0.634729 -0.031189
v -0.845832 0.278726 -0.031189
v -1.201417 0.727921 -0.031189
v -0.796170 0.371919 -0.031189
v -1.228207 0.667601 -0.073189
v -0.828358 0.301838 -0.073189
v -1.176037 0.758546 -0.073189
v -0.776187 0.392782 -0.073189
v -1.214381 0.687220 -0.051888
v -0.817898 0.315714 -0.051888
v -1.160722 0.776785 -0.051888
v -0.764239 0.405280 -0.051888
v -1.175779 0.741003 -0.108690
v -0.789078 0.354106 -0.108690
v -1.118077 0.826654 -0.108690
v -0.731376 0.439757 -0.108690
v -1.232707 0.661175 -0.077341
v -0.831778 0.297307 -0.077341
v -1.181026 0.752565 -0.077341
v -0.780097 0.388697 -0.077341
v -1.223849 0.673805 0.004313
v -0.825053 0.306219 0.004313
v -1.171208 0.764316 0.004313
v -0.772411 0.396730 0.004313
v -1.168503 0.750980 -0.090940
v -0.783705 0.361289 -0.090940
v -1.110058 0.835883 -0.090940
v -0.725260 0.446192 -0.090940
v -1.237610 0.654150 -0.016988
v -0.835515 0.292360 -0.016988
v -1.186464 0.746024 -0.016988
v -0.784369 0.384234 -0.016988
v -1.231561 0.662814 0.043364
v -0.830906 0.298461 0.043364
v -1.179755 0.754091 0.043364
v -0.779100 0.389738 0.043364
v -1.153145 0.771874 -0.109292
v -0.772421 0.376398 -0.109292
v -1.093153 0.855190 -0.109292
v -0.712429 0.459714 -0.109292
v -1.225230 0.671842 -0.045389
v -0.826099 0.304832 -0.045389
v -1.172737 0.762490 -0.045389
v -0.773606 0.395480 -0.045389
v -1.154492 0.770050 -0.076739
v -0.773408 0.375075 -0.076739
v -1.094635 0.853506 -0.076739
v -0.713550 0.458531 -0.076739
v -1.240601 0.649853 0.033316
v -0.837799 0.289339 0.033316
v -1.189783 0.742021 0.033316
v -0.786981 0.381507 0.033316
v -1.123078 0.812150 -0.098642
v -0.750540 0.405786 -0.098642
v -1.060138 0.892328 -0.098642
v -0.687600 0.485964 -0.098642
v -1.127668 0.806054 -0.098040
v -0.753863 0.401315 -0.098040
v -1.065171 0.886714 -0.098040
v -0.691366 0.481974 -0.098040
v -1.181221 0.733508 -0.062539
v -0.793108 0.348723 -0.062538
v -1.124078 0.819716 -0.062539
v -0.735966 0.434932 -0.062538
v -1.216906 0.683650 -0.023487
v -0.819803 0.313185 -0.023487
v -1.163518 0.773469 -0.023487
v -0.766414 0.403003 -0.023487
v -1.254017 0.630468 -0.058988
v -0.848092 0.275743 -0.058988
v -1.204681 0.723947 -0.058988
v -0.798757 0.369222 -0.058988
v -1.211780 0.690888 -0.038289
v -0.815939 0.318316 -0.038289
v -1.157844 0.780194 -0.038289
v -0.762003 0.407621 -0.038289
v -1.220954 0.677916 0.029164
v -0.822861 0.309125 0.029164
v -1.168000 0.768139 0.029164
v -0.769908 0.399348 0.029164
v -1.253628 0.631032 -0.044788
v -0.847793 0.276137 -0.044788
v -1.204249 0.724473 -0.044788
v -0.798414 0.369578 -0.044788
v -1.207234 0.697287 -0.034137
v -0.812521 0.322860 -0.034137
v -1.152813 0.786136 -0.034137
v -0.758100 0.411709 -0.034137
v -1.244606 0.644084 -0.112241
v -0.840864 0.285287 -0.112240
v -1.194229 0.736645 -0.112241
v -0.790487 0.377848 -0.112240
v -1.225624 0.671281 -0.059590
v -0.826398 0.304435 -0.059590
v -1.173174 0.761968 -0.059590
v -0.773948 0.395123 -0.059590
v -1.188690 0.723175 -0.009286
v -0.798657 0.341320 -0.009286
v -1.132321 0.810146 -0.009286
v -0.742288 0.428291 -0.009286
v -1.252883 0.632113 0.061717
v -0.847220 0.276894 0.061717
v -1.203422 0.725482 0.061717
v -0.797758 0.370263 0.061717
v -1.155759 0.768335 -0.041839
v -0.774336 0.373832 -0.041839
v -1.096028 0.851921 -0.041839
v -0.714605 0.457418 -0.041839
v -1.252495 0.632677 0.075917
v -0.846921 0.277289 0.075917
v -1.202990 0.726008 0.075917
v -0.797416 0.370620 0.075917
v -1.185823 0.727147 -0.066690
v -0.796525 0.344164 -0.066690
v -1.129157 0.813826 -0.066690
v -0.739859 0.430842 -0.066690
v -0.459411 1.264749 0.021180
v -0.263544 0.748094 0.021180
v -0.360097 1.285861 0.021180
v -0.164231 0.769206 0.021180
v -0.352611 1.292493 0.116002
v -0.184467 0.771184 0.116002
v -0.250355 1.305215 0.116002
v -0.082211 0.783907 0.116002
v -0.326846 1.298859 0.035344
v -0.165483 0.776776 0.035344
v -0.223951 1.309555 0.035344
v -0.062587 0.787472 0.035344
v -0.463054 1.263764 0.078258
v -0.266255 0.747308 0.078258
v -0.363849 1.285162 0.078258
v -0.167050 0.768706 0.078258
v -0.283211 1.309352 0.083107
v -0.133391 0.786267 0.083107
v -0.179294 1.316620 0.083107
v -0.029474 0.793535 0.083107
v -0.448474 1.267690 0.123280
v -0.255413 0.750451 0.123280
v -0.348839 1.287945 0.123280
v -0.155777 0.770707 0.123280
v -0.334212 1.297052 0.058389
v -0.170907 0.775177 0.058389
v -0.231497 1.308327 0.058389
v -0.068192 0.786452 0.058389
v -0.436906 1.270776 0.012774
v -0.246822 0.752947 0.012774
v -0.336935 1.290124 0.012774
v -0.146851 0.772295 0.012774
v -0.364261 1.289572 0.074654
v -0.193061 0.768658 0.074655
v -0.262304 1.303211 0.074654
v -0.091104 0.782297 0.074655
v -0.425945 1.273677 -0.067349
v -0.238690 0.755313 -0.067349
v -0.325660 1.292165 -0.067349
v -0.138405 0.773801 -0.067349
v -0.422290 1.274639 0.057796
v -0.235979 0.756103 0.057796
v -0.321902 1.292840 0.057796
v -0.135591 0.774304 0.057796
v -0.411934 1.277351 -0.041297
v -0.228307 0.758340 -0.041297
v -0.311256 1.294739 -0.041297
v -0.127628 0.775728 -0.041297
v -0.437525 1.270612 -0.036566
v -0.247282 0.752814 -0.036566
v -0.337571 1.290009 -0.036566
v -0.147328 0.772210 -0.036566
v -0.441176 1.269640 -0.051618
v -0.249992 0.752026 -0.051618
v -0.341327 1.289323 -0.051618
v -0.150144 0.771709 -0.051618
v -0.353234 1.292337 0.024902
v -0.184926 0.771049 0.024902
v -0.250994 1.305109 0.024902
v -0.082687 0.783820 0.024902
v -0.403992 1.279418 0.000184
v -0.222425 0.760057 0.000184
v -0.303094 1.296181 0.000184
v -0.121528 0.776820 0.000184
v -0.367312 1.288803 0.070980
v -0.195313 0.767997 0.070980
v -0.265434 1.302682 0.070980
v -0.093435 0.781876 0.070980
v -0.348933 1.293409 0.058923
v -0.181755 0.771982 0.058923
v -0.246584 1.305843 0.058923
v -0.079406 0.784415 0.058923
v -0.337894 1.296145 0.115468
v -0.173619 0.774377 0.115468
v -0.235270 1.307709 0.115468
v -0.070995 0.785942 0.115468
v -0.408274 1.278305 0.007922
v -0.225596 0.759131 0.007922
v -0.307494 1.295405 0.007922
v -0.124816 0.776231 0.007922
v -0.462436 1.263932 -0.066015
v -0.265795 0.747442 -0.066015
v -0.363212 1.285280 -0.066015
v -0.166572 0.768791 -0.066015
v -0.396664 1.281313 -0.022861
v -0.217003 0.761642 -0.022861
v -0.295566 1.297500 -0.022861
v -0.115905 0.777829 -0.022861
v -0.312730 1.302293 0.078480
v -0.155093 0.779844 0.078480
v -0.209496 1.311879 0.078480
v -0.051859 0.789430 0.078480
v -0.267808 1.312970 0.101543
v -0.122077 0.789623 0.101543
v -0.163550 1.319029 0.101543
v -0.017820 0.795682 0.101543
v -0.451503 1.266878 0.036086
v -0.257664 0.749798 0.036086
v -0.351956 1.287371 0.036086
v -0.158117 0.770291 0.036086
v -0.304730 1.304223 0.080100
v -0.149208 0.781584 0.080100
v -0.201307 1.313180 0.080100
v -0.045785 0.790541 0.080100
v -0.334837 1.296898 0.119143
v -0.171367 0.775041 0.119143
v -0.232137 1.308223 0.119143
v -0.068667 0.786365 0.119143
v -0.430220 1.272548 0.031501
v -0.241860 0.754390 0.031501
v -0.330057 1.291372 0.031501
v -0.141697 0.773214 0.031501
v -0.253647 1.316256 0.127596
v -0.111682 0.792711 0.127596
v -0.149085 1.321206 0.127596
v -0.007120 0.797661 0.127596
v -0.382618 1.284918 0.003191
v -0.206618 0.764682 0.003191
v -0.281143 1.300001 0.003191
v -0.105143 0.779765 0.003191
v -1.323537 0.501134 -0.024089
v -0.900608 0.183394 -0.024089
v -1.283465 0.602129 -0.024089
v -0.860536 0.284389 -0.024089
v -1.340621 0.467906 -0.087991
v -0.913933 0.160020 -0.087991
v -1.302963 0.570679 -0.087991
v -0.876276 0.262793 -0.087991
v -1.320917 0.506182 0.014963
v -0.898581 0.186957 0.014963
v -1.280479 0.606901 0.014963
v -0.858144 0.287676 0.014963
v -1.357798 0.433942 -0.087389
v -0.927527 0.136257 -0.087389
v -1.322619 0.538466 -0.087389
v -0.892348 0.240781 -0.087389
v -1.337457 0.474099 -0.101590
v -0.911451 0.164367 -0.101590
v -1.299349 0.576546 -0.101590
v -0.873343 0.266814 -0.101590
v -1.309248 0.528515 -0.095092
v -0.889604 0.202758 -0.095091
v -1.267195 0.627998 -0.095092
v -0.847551 0.302240 -0.095091
v -1.356728 0.436075 -0.037687
v -0.926674 0.137746 -0.037687
v -1.321393 0.540491 -0.037687
v -0.891339 0.242162 -0.037687
v -1.365095 0.419346 -0.031189
v -0.933363 0.126081 -0.031189
v -1.330983 0.524602 -0.031189
v -0.899252 0.231337 -0.031189
v -1.347207 0.454949 -0.073189
v -0.919121 0.150940 -0.073189
v -1.310494 0.558398 -0.073189
v -0.882409 0.254389 -0.073189
v -1.336369 0.476225 -0.051888
v -0.910599 0.165861 -0.051888
v -1.298106 0.578559 -0.051888
v -0.872337 0.268194 -0.051888
v -1.306008 0.534673 -0.108690
v -0.887126 0.207125 -0.108690
v -1.263512 0.633809 -0.108690
v -0.844629 0.306262 -0.108690
v -1.350730 0.447985 -0.077341
v -0.921909 0.146067 -0.077341
v -1.314526 0.551793 -0.077341
v -0.885704 0.249876 -0.077341
v -1.343793 0.461674 0.004313
v -0.916429 0.155651 0.004313
v -1.306590 0.564774 0.004313
v -0.879226 0.258750 0.004313
v -1.300268 0.545535 -0.090940
v -0.882750 0.214843 -0.090940
v -1.256990 0.644056 -0.090940
v -0.839472 0.313364 -0.090940
v -1.354567 0.440373 -0.016988
v -0.924954 0.140748 -0.016988
v -1.318918 0.544571 -0.016988
v -0.889306 0.244945 -0.016988
v -1.349833 0.449760 0.043364
v -0.921198 0.147309 0.043364
v -1.313499 0.553477 0.043364
v -0.884864 0.251026 0.043364
v -1.288137 0.568303 -0.109292
v -0.873564 0.231075 -0.109292
v -1.243225 0.665512 -0.109292
v -0.828653 0.328285 -0.109292
v -1.344875 0.459545 -0.045389
v -0.917281 0.154160 -0.045389
v -1.307827 0.562756 -0.045389
v -0.880233 0.257370 -0.045389
v -1.289202 0.566314 -0.076739
v -0.874367 0.229654 -0.076739
v -1.244433 0.663640 -0.076739
v -0.829598 0.326980 -0.076739
v -1.356907 0.435719 0.033316
v -0.926816 0.137498 0.033316
v -1.321598 0.540154 0.033316
v -0.891507 0.241932 0.033316
v -1.264318 0.612270 -0.098642
v -0.855755 0.262640 -0.098642
v -1.216279 0.706870 -0.098642
v -0.807716 0.357240 -0.098642
v -1.267960 0.605609 -0.098040
v -0.858460 0.257838 -0.098040
v -1.220392 0.700611 -0.098040
v -0.810892 0.352840 -0.098040
v -1.310297 0.526517 -0.062538
v -0.890408 0.201342 -0.062538
v -1.268389 0.626111 -0.062538
v -0.848499 0.300936 -0.062538
v -1.338350 0.472353 -0.023487
v -0.912151 0.163141 -0.023487
v -1.300369 0.574891 -0.023487
v -0.874170 0.265680 -0.023487
v -1.367388 0.414737 -0.058988
v -0.935206 0.122872 -0.058988
v -1.333614 0.520221 -0.058988
v -0.901432 0.228356 -0.058988
v -1.334328 0.480207 -0.038289
v -0.909003 0.168658 -0.038289
v -1.295776 0.582329 -0.038289
v -0.870451 0.270780 -0.038289
v -1.341524 0.466132 0.029164
v -0.914643 0.158777 0.029164
v -1.303996 0.568998 0.029164
v -0.877115 0.261643 0.029164
v -1.367085 0.415347 -0.044788
v -0.934962 0.123296 -0.044788
v -1.333266 0.520801 -0.044788
v -0.901143 0.228751 -0.044788
v -1.330759 0.487153 -0.034137
v -0.906218 0.173544 -0.034137
v -1.291702 0.588903 -0.034137
v -0.867161 0.275294 -0.034137
v -1.360038 0.429473 -0.112241
v -0.929314 0.133139 -0.112240
v -1.325185 0.534223 -0.112241
v -0.894462 0.237889 -0.112240
v -1.345184 0.458937 -0.059590
v -0.917525 0.153733 -0.059590
v -1.308180 0.562179 -0.059590
v -0.880521 0.256975 -0.059590
v -1.316179 0.515279 -0.009286
v -0.894926 0.193385 -0.009286
v -1.275083 0.615498 -0.009286
v -0.853830 0.293604 -0.009286
v -1.366503 0.416516 0.061717
v -0.934495 0.124110 0.061717
v -1.332599 0.521912 0.061717
v -0.900590 0.229507 0.061717
v -1.290203 0.564443 -0.041839
v -0.875123 0.228318 -0.041839
v -1.245568 0.661877 -0.041839
v -0.830488 0.325752 -0.041839
v -1.366200 0.417126 0.075917
v -0.934251 0.124535 0.075917
v -1.332251 0.522492 0.075917
v -0.900302 0.229901 0.075917
v -1.313922 0.519599 -0.066690
v -0.893190 0.196441 -0.066690
v -1.272514 0.619578 -0.066690
v -0.851782 0.296421 -0.066690
v -1.319998 0.507949 -0.102192
v -0.897872 0.188204 -0.102192
v -1.279433 0.608571 -0.102192
v -0.857306 0.288827 -0.102192
v -1.362704 0.424139 0.001364
v -0.931447 0.129421 0.001364
v -1.328242 0.529156 0.001364
v -0.896985 0.234438 0.001364
v -1.325934 0.496503 0.026215
v -0.902467 0.180129 0.026215
v -1.286198 0.597749 0.026215
v -0.862731 0.281375 0.026215
v -1.346187 0.456961 -0.105742
v -0.918316 0.152349 -0.105742
v -1.309327 0.560305 -0.105742
v -0.881457 0.255693 -0.105742
v -1.347575 0.454222 0.068215
v -0.919412 0.150432 0.068215
v -1.310915 0.557709 0.068215
v -0.882752 0.253919 0.068215
v -1.366385 0.416754 -0.091541
v -0.934400 0.124276 -0.091541
v -1.332463 0.522138 -0.091541
v -0.900478 0.229660 -0.091541
v -1.481322 -0.409724 0.056325
v -1.038221 -0.440418 0.056324
v -1.457259 -0.536522 0.056325
v -1.014158 -0.567216 0.056324
v -1.476988 -0.463922 0.012537
v -1.034974 -0.489019 0.012537
v -1.451777 -0.590793 0.012537
v -1.009763 -0.615890 0.012537
v -1.480062 -0.425537 0.071872
v -1.037273 -0.454597 0.071872
v -1.455664 -0.552358 0.071872
v -1.012875 -0.581419 0.071872
v -1.477454 -0.458115 -0.064187
v -1.035321 -0.483811 -0.064187
v -1.452366 -0.584979 -0.064187
v -1.010233 -0.610675 -0.064187
v -1.477610 -0.456179 0.055669
v -1.035437 -0.482075 0.055669
v -1.452563 -0.583041 0.055669
v -1.010390 -0.608937 0.055669
v -1.478049 -0.450700 -0.039222
v -1.035766 -0.477162 -0.039223
v -1.453118 -0.577555 -0.039222
v -1.010834 -0.604017 -0.039223
v -1.476961 -0.464250 -0.034717
v -1.034954 -0.489313 -0.034717
v -1.451743 -0.591121 -0.034717
v -1.009736 -0.616184 -0.034717
v -1.476805 -0.466186 -0.049136
v -1.034838 -0.491049 -0.049136
v -1.451546 -0.593059 -0.049136
v -1.009579 -0.617922 -0.049136
v -1.480525 -0.419730 0.024234
v -1.037621 -0.449390 0.024234
v -1.456250 -0.546543 0.024234
v -1.013346 -0.576203 0.024234
v -1.478386 -0.446500 0.000511
v -1.036017 -0.473397 0.000512
v -1.453544 -0.573350 0.000511
v -1.011175 -0.600246 0.000512
v -1.479934 -0.427144 0.068349
v -1.037177 -0.456039 0.068349
v -1.455502 -0.553967 0.068349
v -1.012744 -0.582862 0.068349
v -1.480706 -0.417466 0.056821
v -1.037757 -0.447360 0.056821
v -1.456478 -0.544276 0.056821
v -1.013530 -0.574170 0.056821
v -1.481168 -0.411659 0.110984
v -1.038105 -0.442153 0.110985
v -1.457064 -0.538461 0.110984
v -1.014000 -0.568955 0.110985
v -1.478205 -0.448764 0.007918
v -1.035882 -0.475427 0.007918
v -1.453315 -0.575616 0.007918
v -1.010992 -0.602279 0.007918
v -1.475896 -0.477473 -0.062945
v -1.034162 -0.501170 -0.062945
v -1.450399 -0.604359 -0.062945
v -1.008664 -0.628056 -0.062945
v -1.478696 -0.442629 -0.021552
v -1.036249 -0.469925 -0.021551
v -1.453936 -0.569473 -0.021552
v -1.011489 -0.596769 -0.021551
v -1.482218 -0.398439 0.075586
v -1.038897 -0.430298 0.075586
v -1.458395 -0.525220 0.075586
v -1.015073 -0.557079 0.075586
v -1.484082 -0.374886 0.097718
v -1.040309 -0.409176 0.097717
v -1.460758 -0.501630 0.097718
v -1.016985 -0.535921 0.097717
v -1.476364 -0.471665 0.034848
v -1.034510 -0.495962 0.034848
v -1.450990 -0.598545 0.034848
v -1.009135 -0.622842 0.034848
v -1.482551 -0.394240 0.077144
v -1.039149 -0.426532 0.077145
v -1.458817 -0.521015 0.077144
v -1.015414 -0.553308 0.077145
v -1.481296 -0.410052 0.114507
v -1.038201 -0.440712 0.114507
v -1.457226 -0.536851 0.114507
v -1.014131 -0.567511 0.114507
v -1.477273 -0.460379 0.030478
v -1.035186 -0.485842 0.030478
v -1.452136 -0.587246 0.030478
v -1.010050 -0.612708 0.030478
v -1.484667 -0.367472 0.122682
v -1.040753 -0.402528 0.122682
v -1.461501 -0.494204 0.122682
v -1.017587 -0.529260 0.122682
v -1.398825 0.321449 0.010374
v -0.957974 0.060660 0.010374
v -1.372444 0.431614 0.010374
v -0.931593 0.170825 0.010374
v -1.400050 0.317623 -0.015476
v -0.958889 0.058137 -0.015476
v -1.373976 0.427969 -0.015476
v -0.932815 0.168482 -0.015476
v -1.377481 0.386239 -0.051920
v -0.942433 0.103694 -0.051920
v -1.345943 0.493204 -0.051920
v -0.910895 0.210660 -0.051920
v -1.413302 0.275456 -0.009929
v -0.968972 0.030440 -0.009929
v -1.390611 0.387729 -0.009929
v -0.946280 0.142712 -0.009929
v -1.377699 0.385595 -0.089068
v -0.942588 0.103264 -0.089068
v -1.346212 0.492593 -0.089068
v -0.911101 0.210262 -0.089068
v -1.372541 0.400765 -0.045135
v -0.938937 0.113427 -0.045135
v -1.339855 0.506977 -0.045135
v -0.906251 0.219639 -0.045135
v -1.374908 0.393826 0.014645
v -0.940608 0.108774 0.014645
v -1.342770 0.500400 0.014645
v -0.908470 0.215348 0.014645
v -1.395338 0.332270 -0.086739
v -0.955383 0.067808 -0.086738
v -1.368092 0.441918 -0.086739
v -0.928137 0.177456 -0.086738
v -1.397596 0.325273 -0.105006
v -0.957058 0.063185 -0.105006
v -1.370909 0.435257 -0.105006
v -0.930372 0.173168 -0.105006
v -1.382805 0.370395 -0.066103
v -0.946241 0.093116 -0.066103
v -1.352523 0.478166 -0.066103
v -0.915959 0.200888 -0.066103
v -1.390365 0.347539 -0.042805
v -0.951724 0.077920 -0.042805
v -1.361901 0.456448 -0.042805
v -0.923260 0.186828 -0.042805
v -1.369943 0.408337 0.021430
v -0.937113 0.118514 0.021430
v -1.336660 0.514152 0.021430
v -0.903830 0.224328 0.021430
v -1.381317 0.374842 -0.073721
v -0.945173 0.096081 -0.073720
v -1.350682 0.482389 -0.073721
v -0.914538 0.203628 -0.073720
v -1.409729 0.286971 -0.058743
v -0.966220 0.037983 -0.058743
v -1.386113 0.398729 -0.058743
v -0.942603 0.149741 -0.058743
v -1.376414 0.389390 0.033412
v -0.941675 0.105803 0.033412
v -1.344627 0.496193 0.033412
v -0.909888 0.212606 0.033412
v -1.402490 0.309969 -0.082041
v -0.960721 0.053093 -0.082041
v -1.377029 0.420672 -0.082041
v -0.935259 0.163797 -0.082041
v -1.422678 0.244706 -0.071779
v -0.976320 0.010364 -0.071779
v -1.402460 0.358310 -0.071779
v -0.956102 0.123968 -0.071779
v -1.369722 0.408978 0.058578
v -0.936958 0.118945 0.058578
v -1.336389 0.514759 0.058578
v -0.903625 0.224725 0.058578
v -1.392647 0.340555 -0.061073
v -0.953398 0.073290 -0.061073
v -1.364740 0.449804 -0.061073
v -0.925491 0.182539 -0.061073
v -1.381533 0.374197 0.056377
v -0.945328 0.095651 0.056377
v -1.350949 0.481777 0.056377
v -0.914744 0.203231 0.056377
v -1.419386 0.255592 -0.087127
v -0.973718 0.017461 -0.087127
v -1.398292 0.368732 -0.087127
v -0.952624 0.130601 -0.087127
v -1.373616 0.397617 0.107393
v -0.939695 0.111316 0.107393
v -1.341179 0.503994 0.107393
v -0.907258 0.217692 0.107393
v -1.373836 0.396975 0.099977
v -0.939850 0.110885 0.099977
v -1.341449 0.503385 0.099977
v -0.907463 0.217295 0.099977
v -1.386600 0.358974 0.012444
v -0.948982 0.085514 0.012444
v -1.357225 0.467318 0.012444
v -0.919607 0.193858 0.012444
v -1.400257 0.316975 -0.047049
v -0.959044 0.057709 -0.047049
v -1.374235 0.427351 -0.047049
v -0.933022 0.168085 -0.047049
v -1.387858 0.355165 -0.110036
v -0.949896 0.082982 -0.110036
v -1.358787 0.463698 -0.110036
v -0.920825 0.191514 -0.110036
v -1.395128 0.332917 -0.038441
v -0.955228 0.068236 -0.038441
v -1.367831 0.442535 -0.038441
v -0.927931 0.177854 -0.038441
v -1.418018 0.260088 -0.053862
v -0.972644 0.020395 -0.053862
v -1.396562 0.373034 -0.053862
v -0.951188 0.133341 -0.053862
v -1.486872 -0.318069 0.122148
v -1.041436 -0.361782 0.122148
v -1.465492 -0.444643 0.122148
v -1.020056 -0.488356 0.122148
v -1.487018 -0.312764 0.043600
v -1.041396 -0.357583 0.043601
v -1.465867 -0.439315 0.043600
v -1.020245 -0.484134 0.043601
v -1.485903 -0.351676 0.106726
v -1.041690 -0.388378 0.106727
v -1.463075 -0.478381 0.106726
v -1.018863 -0.515082 0.106727
v -1.486666 -0.325443 0.074515
v -1.041492 -0.367618 0.074516
v -1.464968 -0.452048 0.074516
v -1.019793 -0.494222 0.074516
v -1.487351 -0.300386 0.012704
v -1.041303 -0.347786 0.012703
v -1.466734 -0.426881 0.012704
v -1.020686 -0.474282 0.012703
v -1.488244 -0.265030 0.120870
v -1.041038 -0.319800 0.120872
v -1.469157 -0.391351 0.120870
v -1.021952 -0.446121 0.120872
v -1.486912 -0.316601 -0.041529
v -1.041425 -0.360619 -0.041530
v -1.465596 -0.443168 -0.041529
v -1.020108 -0.487187 -0.041530
v -1.488412 -0.257962 0.120206
v -1.040986 -0.314204 0.120206
v -1.469632 -0.384244 0.120206
v -1.022205 -0.440486 0.120207
v -1.486566 -0.328981 0.007950
v -1.041518 -0.370417 0.007951
v -1.464715 -0.455600 0.007950
v -1.019668 -0.497036 0.007951
v -1.486052 -0.346669 0.020764
v -1.041652 -0.384415 0.020764
v -1.463440 -0.473356 0.020764
v -1.019040 -0.511102 0.020764
v -1.487490 -0.295081 0.112551
v -1.041263 -0.343588 0.112551
v -1.467103 -0.421552 0.112551
v -1.020875 -0.470059 0.112551
v -1.487808 -0.282706 0.033339
v -1.041170 -0.333793 0.033339
v -1.467956 -0.409118 0.033340
v -1.021318 -0.460204 0.033339
v -1.486000 -0.348438 0.076679
v -1.041666 -0.385815 0.076679
v -1.463311 -0.475131 0.076679
v -1.018978 -0.512508 0.076679
v -1.488321 -0.261796 0.079675
v -1.041014 -0.317239 0.079675
v -1.469375 -0.388099 0.079675
v -1.022068 -0.443543 0.079675
v -1.486208 -0.341362 0.120613
v -1.041612 -0.380216 0.120612
v -1.463825 -0.468029 0.120613
v -1.019228 -0.506883 0.120612
v -1.487718 -0.286242 0.055971
v -1.041197 -0.336591 0.055971
v -1.467713 -0.412671 0.055971
v -1.021191 -0.463020 0.055971
v -1.486372 -0.335756 0.012315
v -1.041569 -0.375779 0.012315
v -1.464229 -0.462402 0.012315
v -1.019427 -0.502424 0.012315
v -1.487343 -0.300685 0.072185
v -1.041305 -0.348023 0.072186
v -1.466713 -0.427182 0.072185
v -1.020675 -0.474521 0.072186
v -1.486524 -0.330450 -0.066232
v -1.041530 -0.371580 -0.066232
v -1.464610 -0.457075 -0.066232
v -1.019616 -0.498204 -0.066232
v -1.486574 -0.328681 0.056249
v -1.041516 -0.370180 0.056248
v -1.464737 -0.455298 0.056249
v -1.019678 -0.496797 0.056248
v -1.486716 -0.323675 -0.040863
v -1.041478 -0.366218 -0.040864
v -1.465094 -0.450272 -0.040863
v -1.019856 -0.492815 -0.040864
v -1.486363 -0.336056 -0.035982
v -1.041572 -0.376016 -0.035982
v -1.464208 -0.462703 -0.035982
v -1.019416 -0.502663 -0.035982
v -1.486312 -0.337825 -0.050683
v -1.041585 -0.377416 -0.050682
v -1.464080 -0.464478 -0.050683
v -1.019354 -0.504069 -0.050682
v -1.487482 -0.295381 0.023373
v -1.041265 -0.343825 0.023372
v -1.467082 -0.421854 0.023373
v -1.020865 -0.470298 0.023372
v -1.486823 -0.319838 -0.000333
v -1.041449 -0.363181 -0.000332
v -1.465366 -0.446419 -0.000333
v -1.019993 -0.489763 -0.000332
v -1.487304 -0.302154 0.068618
v -1.041316 -0.349186 0.068618
v -1.466611 -0.428658 0.068618
v -1.020623 -0.475690 0.068618
v -1.487536 -0.293313 0.056637
v -1.041250 -0.342189 0.056636
v -1.467225 -0.419776 0.056637
v -1.020939 -0.468652 0.056637
v -1.487673 -0.288009 0.111886
v -1.041210 -0.337991 0.111886
v -1.467592 -0.414447 0.111886
v -1.021128 -0.464428 0.111886
v -1.472934 -0.297927 0.007285
v -1.023100 -0.372123 0.007285
v -1.487957 -0.172190 0.007286
v -1.038123 -0.246387 0.007286
v -1.488859 -0.225834 -0.064566
v -1.040473 -0.288776 -0.064568
v -1.471477 -0.351931 -0.064565
v -1.023091 -0.414873 -0.064568
v -1.473220 -0.286382 -0.022966
v -1.023103 -0.362981 -0.022965
v -1.487738 -0.160730 -0.022966
v -1.037621 -0.237330 -0.022964
v -1.475018 -0.203207 0.075431
v -1.023153 -0.297069 0.075431
v -1.485884 -0.078245 0.075432
v -1.034019 -0.172107 0.075432
v -1.475784 -0.158872 0.097574
v -1.023193 -0.261889 0.097574
v -1.484700 -0.034334 0.097575
v -1.032109 -0.137352 0.097574
v -1.488693 -0.214980 0.035286
v -1.039997 -0.280200 0.035279
v -1.471787 -0.341009 0.035288
v -1.023091 -0.406229 0.035281
v -1.475165 -0.195303 0.076939
v -1.023159 -0.290799 0.076939
v -1.485683 -0.070414 0.076939
v -1.033678 -0.165910 0.076939
v -1.474591 -0.225067 0.115453
v -1.023136 -0.314402 0.115453
v -1.486418 -0.099911 0.115453
v -1.034964 -0.189245 0.115454
v -1.472368 -0.319779 0.030583
v -1.023094 -0.389424 0.030582
v -1.488347 -0.193889 0.030586
v -1.039073 -0.263534 0.030584
v -1.475998 -0.144919 0.122942
v -1.023208 -0.250809 0.122942
v -1.484299 -0.020523 0.122942
v -1.031510 -0.126414 0.122942
v -1.473554 -0.272429 0.002404
v -1.023109 -0.351930 0.002403
v -1.487460 -0.146883 0.002404
v -1.037016 -0.226384 0.002404
v -1.473639 -0.268786 0.028251
v -1.023111 -0.349045 0.028253
v -1.487386 -0.143268 0.028252
v -1.036858 -0.223527 0.028253
v -1.488588 -0.208358 0.064719
v -1.039707 -0.274968 0.064696
v -1.471973 -0.334344 0.064722
v -1.023092 -0.400954 0.064699
v -1.474516 -0.228711 0.022705
v -1.023134 -0.317290 0.022706
v -1.486504 -0.103523 0.022705
v -1.035122 -0.192101 0.022706
v -1.488578 -0.207745 0.101832
v -1.039680 -0.274483 0.101843
v -1.471990 -0.333727 0.101838
v -1.023092 -0.400465 0.101848
v -1.488805 -0.222216 0.057916
v -1.040315 -0.285917 0.057912
v -1.471581 -0.348290 0.057917
v -1.023091 -0.411992 0.057913
v -1.488703 -0.215593 -0.001871
v -1.040024 -0.280685 -0.001868
v -1.471770 -0.341626 -0.001871
v -1.023091 -0.406717 -0.001867
v -1.473309 -0.282740 0.099516
v -1.023105 -0.360097 0.099515
v -1.487667 -0.157115 0.099517
v -1.037463 -0.234472 0.099516
v -1.473469 -0.276072 0.117783
v -1.023108 -0.354815 0.117783
v -1.487535 -0.150498 0.117783
v -1.037174 -0.229242 0.117784
v -1.472384 -0.319162 0.078873
v -1.023094 -0.388935 0.078879
v -1.488336 -0.193276 0.078876
v -1.039047 -0.263050 0.078882
v -1.472950 -0.297310 0.055585
v -1.023100 -0.371634 0.055582
v -1.487946 -0.171577 0.055586
v -1.038096 -0.245902 0.055583
v -1.488913 -0.229452 -0.008649
v -1.040632 -0.291635 -0.008653
v -1.471372 -0.355571 -0.008649
v -1.023091 -0.417754 -0.008653
v -1.472270 -0.323420 0.086475
v -1.023093 -0.392307 0.086496
v -1.488408 -0.197506 0.086479
v -1.039232 -0.266393 0.086500
v -1.474288 -0.239641 0.071521
v -1.023127 -0.325953 0.071520
v -1.486756 -0.114359 0.071521
v -1.035595 -0.200671 0.071521
v -1.488636 -0.211363 -0.020625
v -1.039839 -0.277342 -0.020636
v -1.471889 -0.337368 -0.020623
v -1.023092 -0.403347 -0.020634
v -1.473807 -0.261500 0.094817
v -1.023115 -0.343273 0.094818
v -1.487234 -0.136040 0.094818
v -1.036542 -0.217813 0.094819
v -1.475086 -0.199564 0.084556
v -1.023156 -0.294179 0.084556
v -1.485792 -0.074635 0.084556
v -1.033862 -0.169250 0.084557
v -1.488922 -0.230065 -0.045805
v -1.040659 -0.292120 -0.045801
v -1.471354 -0.356188 -0.045805
v -1.023091 -0.418242 -0.045801
v -1.473116 -0.290642 0.073850
v -1.023102 -0.366355 0.073850
v -1.487820 -0.164959 0.073850
v -1.037807 -0.240671 0.073851
v -1.472287 -0.322803 -0.043598
v -1.023094 -0.391818 -0.043601
v -1.488398 -0.196893 -0.043596
v -1.039205 -0.265908 -0.043599
v -1.474891 -0.209876 0.099904
v -1.023148 -0.302357 0.099904
v -1.486051 -0.084854 0.099905
v -1.034307 -0.177335 0.099904
v -1.488759 -0.219211 -0.094615
v -1.040183 -0.283543 -0.094616
v -1.471668 -0.345267 -0.094614
v -1.023091 -0.409599 -0.094615
v 0.008753 1.346525 0.115300
v 0.116703 0.822979 0.115300
v 0.115678 1.341578 0.115300
v 0.223628 0.818032 0.115300
v 0.065284 1.353745 0.078275
v 0.155856 0.831402 0.078275
v 0.173153 1.343825 0.078275
v 0.263724 0.821482 0.078275
v 0.103808 1.358244 0.037547
v 0.182482 0.837178 0.037547
v 0.212224 1.344950 0.037547
v 0.290897 0.823884 0.037547
v 0.144656 1.362645 0.074572
v 0.210688 0.843332 0.074572
v 0.253567 1.345794 0.074572
v 0.319599 0.826481 0.074572
v 0.098230 1.357614 0.052984
v 0.178628 0.836340 0.052985
v 0.206572 1.344808 0.052984
v 0.286970 0.823534 0.052985
v 0.108224 1.358738 -0.017364
v 0.185532 0.837842 -0.017364
v 0.216698 1.345059 -0.017364
v 0.294005 0.824162 -0.017364
v 0.144224 1.362600 0.059762
v 0.210390 0.843267 0.059762
v 0.253130 1.345787 0.059762
v 0.319296 0.826453 0.059762
v 0.093295 1.357051 0.048654
v 0.175218 0.835599 0.048654
v 0.201570 1.344675 0.048654
v 0.283493 0.823224 0.048654
v 0.134220 1.361556 0.130111
v 0.203483 0.841757 0.130111
v 0.243013 1.345612 0.130111
v 0.312275 0.825813 0.130111
v 0.113330 1.359304 0.075200
v 0.189058 0.838610 0.075200
v 0.221870 1.345179 0.075200
v 0.297597 0.824485 0.075200
v 0.073289 1.354708 0.022736
v 0.161391 0.832600 0.022736
v 0.181277 1.344085 0.022736
v 0.269379 0.821977 0.022736
v 0.143396 1.362514 -0.051315
v 0.209819 0.843142 -0.051315
v 0.252293 1.345773 -0.051315
v 0.318715 0.826400 -0.051315
v 0.038222 1.350381 0.056687
v 0.137128 0.827362 0.056687
v 0.145660 1.342838 0.056687
v 0.244566 0.819819 0.056687
v 0.142964 1.362470 -0.066125
v 0.209520 0.843076 -0.066125
v 0.251856 1.345766 -0.066125
v 0.318412 0.826373 -0.066125
v 0.070213 1.354340 0.082605
v 0.159264 0.832140 0.082605
v 0.178156 1.343987 0.082605
v 0.267207 0.821787 0.082605
v 0.314231 1.356266 0.118957
v 0.401701 0.834220 0.118957
v 0.422250 1.345463 0.118957
v 0.509720 0.823418 0.118957
v 0.357623 1.359396 0.011472
v 0.464133 0.835919 0.011472
v 0.464632 1.354034 0.011472
v 0.571143 0.830558 0.011472
v 0.320161 1.356745 -0.015930
v 0.410252 0.834446 -0.015930
v 0.428053 1.346687 -0.015930
v 0.518144 0.824389 -0.015930
v 0.340633 1.358274 0.123579
v 0.439730 0.835241 0.123580
v 0.448061 1.350786 0.123579
v 0.547157 0.827753 0.123580
v 0.342051 1.358372 -0.059379
v 0.441767 0.835297 -0.059379
v 0.449444 1.351062 -0.059379
v 0.549161 0.827987 -0.059379
v 0.361446 1.359630 0.109338
v 0.469617 0.836074 0.109338
v 0.468358 1.354746 0.109338
v 0.576529 0.831190 0.109338
v 0.330845 1.357567 -0.008101
v 0.425644 0.834858 -0.008101
v 0.438500 1.348851 -0.008101
v 0.533299 0.826143 -0.008101
v 0.310248 1.355935 0.095781
v 0.395956 0.834069 0.095781
v 0.418350 1.344632 0.095781
v 0.504058 0.822767 0.095781
v 0.338508 1.358124 0.022668
v 0.436674 0.835158 0.022668
v 0.445986 1.350370 0.022668
v 0.544151 0.827403 0.022668
v 0.273296 1.352507 0.083329
v 0.342559 0.832707 0.083329
v 0.382088 1.336563 0.083329
v 0.451352 0.816764 0.083329
v 0.330976 1.357577 0.081539
v 0.425833 0.834863 0.081539
v 0.438628 1.348877 0.081539
v 0.533485 0.826164 0.081539
v 0.285218 1.353683 0.069426
v 0.359802 0.833140 0.069426
v 0.393804 1.339236 0.069426
v 0.468387 0.818692 0.069426
v 0.287513 1.353902 0.095647
v 0.363120 0.833224 0.095647
v 0.396057 1.339743 0.095647
v 0.471664 0.819064 0.095647
v 0.280602 1.353236 0.099148
v 0.353128 0.832972 0.099148
v 0.389270 1.338209 0.099148
v 0.461795 0.817945 0.099148
v 0.315460 1.356366 0.010689
v 0.403474 0.834267 0.010689
v 0.423453 1.345719 0.010689
v 0.511467 0.823619 0.010689
v 0.304290 1.355425 0.061967
v 0.387356 0.833845 0.061967
v 0.412513 1.343374 0.061967
v 0.495579 0.821794 0.061967
v 0.336821 1.358004 0.025713
v 0.434247 0.835091 0.025713
v 0.444339 1.350038 0.025713
v 0.541764 0.827126 0.025713
v 0.331159 1.357590 0.006849
v 0.426097 0.834870 0.006849
v 0.438807 1.348914 0.006849
v 0.533745 0.826194 0.006849
v 0.357307 1.359376 -0.003478
v 0.463680 0.835907 -0.003478
v 0.464325 1.353975 -0.003478
v 0.570698 0.830505 -0.003478
v 0.307878 1.355734 0.066455
v 0.392535 0.833980 0.066455
v 0.416029 1.344133 0.066455
v 0.500686 0.822380 0.066455
v 0.274077 1.352586 0.120704
v 0.343690 0.832736 0.120704
v 0.382857 1.336740 0.120704
v 0.452470 0.816890 0.120704
v 0.293637 1.354473 0.054138
v 0.371969 0.833449 0.054138
v 0.402067 1.341083 0.054138
v 0.480400 0.820059 0.054138
v 0.340043 1.358232 -0.029568
v 0.438881 0.835218 -0.029568
v 0.447484 1.350670 -0.029568
v 0.546322 0.827656 -0.029568
v 0.350524 1.358943 -0.074667
v 0.453944 0.835634 -0.074667
v 0.457712 1.352694 -0.074667
v 0.561131 0.829384 -0.074667
v 0.321077 1.356817 0.111085
v 0.411573 0.834481 0.111085
v 0.428949 1.346875 0.111085
v 0.519445 0.824539 0.111085
v 0.340756 1.358282 -0.037646
v 0.439906 0.835246 -0.037646
v 0.448181 1.350810 -0.037646
v 0.547331 0.827774 -0.037646
v 0.358999 1.359481 -0.006523
v 0.466108 0.835975 -0.006523
v 0.465974 1.354292 -0.006523
v 0.573082 0.830785 -0.006523
v 0.318861 1.356641 0.089234
v 0.408378 0.834396 0.089234
v 0.426781 1.346421 0.089234
v 0.516298 0.824176 0.089234
v 0.362552 1.359697 -0.088570
v 0.471202 0.836119 -0.088570
v 0.469435 1.354951 -0.088570
v 0.578086 0.831373 -0.088570
v 0.305578 1.355537 0.040234
v 0.389216 0.833894 0.040234
v 0.413776 1.343647 0.040234
v 0.497413 0.822004 0.040234
v 0.317762 1.356553 0.036910
v 0.406794 0.834355 0.036910
v 0.425706 1.346195 0.036910
v 0.514738 0.823996 0.036910
v 0.334968 1.357870 0.104715
v 0.431580 0.835019 0.104715
v 0.442528 1.349672 0.104715
v 0.539140 0.826821 0.104715
v 0.315146 1.356341 -0.004261
v 0.403021 0.834255 -0.004261
v 0.423146 1.345653 -0.004261
v 0.511021 0.823568 -0.004261
v 0.352548 1.359074 0.104672
v 0.456850 0.835715 0.104672
v 0.459685 1.353078 0.104672
v 0.563987 0.829719 0.104672
v 0.331762 1.357635 0.118914
v 0.426965 0.834894 0.118914
v 0.439396 1.349034 0.118914
v 0.534599 0.826293 0.118914
v 0.303567 1.355363 0.111128
v 0.386312 0.833819 0.111128
v 0.411804 1.343220 0.111128
v 0.494550 0.821676 0.111128
v 0.351444 1.359003 0.052348
v 0.455265 0.835671 0.052348
v 0.458609 1.352869 0.052348
v 0.562429 0.829537 0.052348
v 0.360104 1.359549 0.045801
v 0.467693 0.836020 0.045801
v 0.467050 1.354497 0.045801
v 0.574639 0.830968 0.045801
v 0.341675 1.358346 0.089368
v 0.441227 0.835282 0.089368
v 0.449077 1.350989 0.089368
v 0.548630 0.827925 0.089368
v 0.330661 1.357553 0.066589
v 0.425380 0.834851 0.066589
v 0.438320 1.348815 0.066589
v 0.533039 0.826112 0.066589
v 0.300372 1.355081 0.125326
v 0.381699 0.833699 0.125326
v 0.408673 1.342538 0.125326
v 0.490000 0.821155 0.125326
v 0.345279 1.358594 0.093857
v 0.446409 0.835425 0.093857
v 0.452595 1.351688 0.093857
v 0.553725 0.828519 0.093857
v -0.821759 1.078182 -0.045386
v -0.527270 0.601209 -0.045386
v -0.737967 1.130746 -0.045386
v -0.443479 0.653774 -0.045386
v -0.907473 1.018456 -0.042246
v -0.591511 0.556305 -0.042246
v -0.828411 1.078297 -0.042246
v -0.512450 0.616146 -0.042246
v -0.841040 1.064953 -0.000777
v -0.541635 0.591132 -0.000777
v -0.758278 1.119167 -0.000777
v -0.458874 0.645346 -0.000777
v -0.786255 1.102230 -0.071419
v -0.500934 0.619734 -0.071419
v -0.700619 1.151743 -0.071419
v -0.415299 0.669247 -0.071419
v -0.923830 1.006789 -0.049051
v -0.603891 0.547701 -0.049051
v -0.845714 1.068000 -0.049051
v -0.525775 0.608912 -0.049051
v -0.866649 1.047198 0.006668
v -0.560789 0.577727 0.006668
v -0.785287 1.103592 0.006668
v -0.479427 0.634122 0.006668
v -0.894780 1.027450 -0.079418
v -0.581933 0.562973 -0.079418
v -0.814994 1.086224 -0.079418
v -0.502147 0.621747 -0.079418
v -0.795409 1.096068 -0.046018
v -0.507711 0.614961 -0.046018
v -0.710242 1.146369 -0.046018
v -0.422544 0.665263 -0.046018
v -0.914344 1.013565 -0.108521
v -0.596707 0.552692 -0.108521
v -0.835678 1.073983 -0.108521
v -0.518041 0.613110 -0.108521
v -0.913807 1.013948 -0.101708
v -0.596301 0.552974 -0.101708
v -0.835111 1.074321 -0.101708
v -0.517604 0.613347 -0.101708
v -0.882056 1.036414 -0.049692
v -0.572355 0.569651 -0.049692
v -0.801551 1.094114 -0.049692
v -0.491851 0.627350 -0.049692
v -0.846910 1.060902 -0.029268
v -0.546018 0.588062 -0.029268
v -0.764466 1.115617 -0.029268
v -0.463574 0.642776 -0.029268
v -0.878870 1.038650 0.069237
v -0.569960 0.571322 0.069237
v -0.798187 1.096080 0.069237
v -0.489278 0.628752 0.069237
v -0.860258 1.051649 -0.023067
v -0.556000 0.581075 -0.023067
v -0.778543 1.107500 -0.023067
v -0.474286 0.636926 -0.023067
v -0.799188 1.093517 -0.075129
v -0.510511 0.612990 -0.075129
v -0.714215 1.144143 -0.075129
v -0.425539 0.663617 -0.075129
v -0.866108 1.047575 0.054364
v -0.560383 0.578011 0.054364
v -0.784715 1.103923 0.054364
v -0.478991 0.634359 0.054364
v -0.856517 1.054248 -0.034838
v -0.553200 0.583034 -0.034838
v -0.774597 1.109781 -0.034838
v -0.471280 0.638567 -0.034838
v -0.926453 1.004910 0.106426
v -0.605880 0.546320 0.106426
v -0.848490 1.066340 0.106426
v -0.527917 0.607751 0.106426
v -0.879410 1.038271 0.021541
v -0.570366 0.571039 0.021541
v -0.798757 1.095747 0.021541
v -0.489714 0.628514 0.021541
v -0.834075 1.069745 -0.090598
v -0.536441 0.594774 -0.090598
v -0.750939 1.123364 -0.090598
v -0.453305 0.648392 -0.090598
v -0.769504 1.113437 -0.053464
v -0.488557 0.628462 -0.053464
v -0.683023 1.161506 -0.053464
v -0.402076 0.676530 -0.053464
v -0.863454 1.049424 -0.112263
v -0.558395 0.579401 -0.112263
v -0.781916 1.105547 -0.112263
v -0.476856 0.635524 -0.112263
v -0.756516 1.122066 -0.068337
v -0.478980 0.635224 -0.068337
v -0.669390 1.169012 -0.068337
v -0.391853 0.682170 -0.068337
v -0.885779 1.033796 -0.037921
v -0.575155 0.567697 -0.037921
v -0.805484 1.091811 -0.037921
v -0.494860 0.625712 -0.037921
v -0.917508 1.011308 0.010410
v -0.599101 0.551028 0.010410
v -0.839025 1.071991 0.010410
v -0.520619 0.611711 0.010410
v -0.824431 1.076355 -0.001405
v -0.529259 0.599813 -0.001405
v -0.740781 1.129149 -0.001405
v -0.445608 0.652607 -0.001405
v -0.801870 1.091703 -0.105480
v -0.512500 0.611591 -0.105480
v -0.717036 1.142560 -0.105480
v -0.427666 0.662448 -0.105480
v -0.920670 1.009049 0.069877
v -0.601496 0.549364 0.069877
v -0.842370 1.069997 0.069877
v -0.523197 0.610311 0.069877
v -0.763563 1.117391 -0.101163
v -0.484174 0.631555 -0.101163
v -0.676786 1.164946 -0.101163
v -0.397397 0.679111 -0.101163
v -0.908010 1.018074 0.099603
v -0.591917 0.556022 0.099603
v -0.828979 1.077961 0.099603
v -0.512886 0.615909 0.099603
v -0.808324 1.087329 -0.075744
v -0.517288 0.608224 -0.075744
v -0.723826 1.138741 -0.075744
v -0.432790 0.659635 -0.075744
v -0.897956 1.025204 -0.019951
v -0.584327 0.561305 -0.019951
v -0.818350 1.084246 -0.019951
v -0.504722 0.620347 -0.019951
v -0.834619 1.069371 -0.030513
v -0.536847 0.594489 -0.030513
v -0.751513 1.123036 -0.030513
v -0.453740 0.648154 -0.030513
v -0.888422 1.031936 -0.109154
v -0.577144 0.566311 -0.109154
v -0.808276 1.090173 -0.109154
v -0.496998 0.624549 -0.109154
v -0.885239 1.034176 0.009775
v -0.574749 0.567981 0.009775
v -0.804914 1.092145 0.009775
v -0.494424 0.625949 0.009775
v -0.876223 1.040506 -0.097390
v -0.567972 0.572710 -0.097391
v -0.795392 1.097712 -0.097390
v -0.487141 0.629916 -0.097391
v -0.898494 1.024823 -0.067647
v -0.584733 0.561023 -0.067647
v -0.818919 1.083910 -0.067647
v -0.505158 0.620109 -0.067647
v -0.901668 1.022575 -0.078795
v -0.587128 0.559355 -0.078795
v -0.822274 1.081929 -0.078795
v -0.507734 0.618709 -0.078795
v -0.824976 1.075982 -0.089983
v -0.529664 0.599528 -0.089983
v -0.741355 1.128822 -0.089983
v -0.446043 0.652369 -0.089983
v -0.869301 1.045347 -0.064564
v -0.562777 0.576338 -0.064564
v -0.788085 1.101966 -0.064564
v -0.481562 0.632957 -0.064564
v -0.837286 1.067537 -0.031131
v -0.538835 0.593095 -0.031131
v -0.754322 1.121430 -0.031131
v -0.455872 0.646988 -0.031131
v -0.821213 1.078555 -0.060872
v -0.526865 0.601494 -0.060872
v -0.737392 1.131072 -0.060872
v -0.443044 0.654012 -0.060872
v -0.811549 1.085139 -0.016278
v -0.519682 0.606540 -0.016278
v -0.727219 1.136827 -0.016278
v -0.435353 0.658229 -0.016278
v -0.873033 1.042738 -0.052793
v -0.565578 0.574382 -0.052793
v -0.792025 1.099674 -0.052793
v -0.484569 0.631317 -0.052793
v -0.920134 1.009432 -0.071972
v -0.601090 0.549646 -0.071972
v -0.841803 1.070335 -0.071972
v -0.522760 0.610549 -0.071972
v -0.862913 1.049801 -0.094300
v -0.557989 0.579685 -0.094300
v -0.781344 1.105878 -0.094300
v -0.476420 0.635762 -0.094300
v -0.789490 1.100055 -0.076992
v -0.503329 0.618047 -0.076992
v -0.704020 1.149847 -0.076992
v -0.417858 0.667839 -0.076992
v -0.750013 1.126366 -0.098072
v -0.474190 0.638608 -0.098072
v -0.662568 1.172750 -0.098072
v -0.386745 0.684992 -0.098072
v -0.910641 1.016203 0.017221
v -0.593906 0.554639 0.017221
v -0.831762 1.076310 0.017221
v -0.515027 0.614747 0.017221
v -0.782469 1.104771 -0.083190
v -0.498134 0.621707 -0.083190
v -0.696640 1.153958 -0.083190
v -0.412306 0.670894 -0.083190
v -1.037606 0.900436 -0.005736
v -0.686884 0.469069 -0.005736
v -0.967687 0.972530 -0.005736
v -0.616965 0.541163 -0.005736
v -1.031837 0.906022 0.086568
v -0.682621 0.473112 0.086568
v -0.961475 0.977571 0.086568
v -0.612260 0.544660 0.086568
v -1.091932 0.846960 -0.083839
v -0.727395 0.430803 -0.083839
v -1.026296 0.924129 -0.083839
v -0.661759 0.507973 -0.083839
v -1.089095 0.849792 0.040416
v -0.725262 0.432811 0.040416
v -1.023230 0.926699 0.040416
v -0.659397 0.509719 0.040416
v -1.072023 0.866744 0.036866
v -0.712467 0.444871 0.036866
v -1.004791 0.942068 0.036866
v -0.645236 0.520194 0.036866
v -0.994107 0.942112 0.100769
v -0.654916 0.499459 0.100769
v -0.920920 1.010067 0.100769
v -0.581729 0.567414 0.100769
v -1.106075 0.832774 -0.002186
v -0.738061 0.420777 -0.002186
v -1.041589 0.911245 -0.002186
v -0.673575 0.499248 -0.002186
v -0.965321 0.969142 0.100167
v -0.633962 0.519465 0.100167
v -0.890055 1.034330 0.100167
v -0.558696 0.584653 0.100167
v -0.988756 0.947169 0.114367
v -0.651009 0.503184 0.114367
v -0.915177 1.014611 0.114367
v -0.577431 0.570626 0.114367
v -1.040488 0.897640 0.107869
v -0.689016 0.467049 0.107869
v -0.970790 0.970006 0.107869
v -0.619318 0.539415 0.107869
v -1.006241 0.930587 0.050465
v -0.663795 0.491002 0.050465
v -0.933951 0.999702 0.050465
v -0.591505 0.560117 0.050465
v -0.997022 0.939350 0.043966
v -0.657047 0.497429 0.043966
v -0.924050 1.007584 0.043966
v -0.584074 0.565663 0.043966
v -0.994593 0.941652 0.085966
v -0.655271 0.499121 0.085966
v -0.921442 1.009653 0.085966
v -0.582120 0.567122 0.085966
v -1.029430 0.908347 0.064665
v -0.680845 0.474797 0.064665
v -0.958885 0.979668 0.064665
v -0.610300 0.546118 0.064665
v -1.035204 0.902765 0.121468
v -0.685108 0.470753 0.121468
v -0.965100 0.974632 0.121468
v -0.615004 0.542620 0.121468
v -0.985346 0.950384 0.090118
v -0.648523 0.505556 0.090118
v -0.911519 1.017499 0.090118
v -0.574697 0.572671 0.090118
v -1.060590 0.878007 0.008465
v -0.703938 0.452925 0.008465
v -0.992456 0.952263 0.008465
v -0.635804 0.527181 0.008465
v -1.058203 0.880350 0.103717
v -0.702162 0.454605 0.103717
v -0.989882 0.954382 0.103717
v -0.633840 0.528637 0.103717
v -1.026057 0.911600 0.029765
v -0.678358 0.477158 0.029766
v -0.955256 0.982600 0.029765
v -0.607557 0.548158 0.029766
v -1.080570 0.858276 -0.030587
v -0.718864 0.438838 -0.030587
v -1.014020 0.934394 -0.030587
v -0.652315 0.514956 -0.030587
v -1.063452 0.875194 0.122069
v -0.706070 0.450911 0.122069
v -0.995543 0.949718 0.122069
v -0.638161 0.525434 0.122069
v -1.020269 0.917168 0.058167
v -0.674096 0.481206 0.058167
v -0.949029 0.987619 0.058167
v -0.602856 0.551657 0.058167
v -1.086730 0.852150 0.089516
v -0.723485 0.434484 0.089516
v -1.020674 0.928839 0.089516
v -0.657430 0.511173 0.089516
v -1.061067 0.877539 -0.020538
v -0.704294 0.452590 -0.020538
v -0.992971 0.951839 -0.020538
v -0.636197 0.526890 -0.020538
v -1.108896 0.829932 0.111419
v -0.740194 0.418774 0.111419
v -1.044641 0.908661 0.111419
v -0.675940 0.497503 0.111419
v -1.103722 0.835141 0.110817
v -0.736283 0.422447 0.110817
v -1.039045 0.913396 0.110817
v -0.671606 0.500702 0.110817
v -1.063929 0.874725 0.075316
v -0.706426 0.450575 0.075316
v -0.996057 0.949293 0.075316
v -0.638554 0.525143 0.075316
v -1.048160 0.890173 0.036264
v -0.694700 0.461664 0.036264
v -0.979055 0.963262 0.036264
v -0.625596 0.534753 0.036264
v -0.971192 0.963664 0.071766
v -0.638224 0.515391 0.071766
v -0.896345 1.029418 0.071766
v -0.563377 0.581145 0.071766
v -1.043367 0.894842 0.051066
v -0.691148 0.465029 0.051066
v -0.973891 0.967479 0.051066
v -0.621672 0.537666 0.051066
v -1.083415 0.855450 -0.016386
v -0.720997 0.436828 -0.016386
v -1.017093 0.931832 -0.016386
v -0.654675 0.513210 -0.016386
v -0.982909 0.952677 0.057565
v -0.646747 0.507250 0.057565
v -0.908906 1.019558 0.057565
v -0.572744 0.574131 0.057565
v -1.052468 0.885966 0.046914
v -0.697898 0.458638 0.046915
v -0.983698 0.959460 0.046914
v -0.629128 0.532132 0.046915
v -0.941757 0.990950 0.125018
v -0.616915 0.535787 0.125018
v -0.864839 1.053860 0.125018
v -0.539998 0.598698 0.125018
v -1.008664 0.928278 0.072367
v -0.665571 0.489312 0.072367
v -0.936553 0.997624 0.072367
v -0.593461 0.558658 0.072367
v -0.689196 1.162466 0.022304
v -0.429556 0.666741 0.022304
v -0.598886 1.203588 0.022304
v -0.339245 0.707863 0.022304
v -0.651894 1.180302 -0.048381
v -0.402344 0.680204 -0.048381
v -0.559928 1.218184 -0.048381
v -0.310377 0.718086 -0.048381
v -0.710854 1.151937 0.054663
v -0.445429 0.658920 0.054663
v -0.621537 1.194930 0.054663
v -0.356113 0.701914 0.054663
v -0.666841 1.173201 -0.062747
v -0.413229 0.674810 -0.062747
v -0.575529 1.212384 -0.062747
v -0.321917 0.713993 -0.062747
v -0.636291 1.187651 0.080301
v -0.391006 0.685833 0.080301
v -0.543652 1.224173 0.080301
v -0.298367 0.722355 0.080301
v -0.587393 1.210250 0.116331
v -0.355627 0.703469 0.116331
v -0.492730 1.242494 0.116331
v -0.260965 0.735713 0.116331
v -0.599332 1.204792 0.012561
v -0.364246 0.699164 0.012561
v -0.505152 1.238082 0.012561
v -0.270066 0.732454 0.012561
v -0.704055 1.155256 -0.013382
v -0.440440 0.661376 -0.013382
v -0.614424 1.197662 -0.013382
v -0.350809 0.703783 -0.013382
v -0.526818 1.237350 0.120496
v -0.312072 0.725315 0.120496
v -0.429826 1.264277 0.120496
v -0.215079 0.752242 0.120496
v -0.699725 1.157363 -0.055375
v -0.437266 0.662940 -0.055375
v -0.609895 1.199396 -0.055375
v -0.347435 0.704972 -0.055375
v -0.496394 1.250592 0.106588
v -0.290286 0.736291 0.106588
v -0.398306 1.274848 0.106588
v -0.192198 0.760547 0.106588
v -0.674301 1.169634 -0.005970
v -0.418671 0.672118 -0.005970
v -0.583321 1.209465 -0.005970
v -0.327691 0.711949 -0.005970
v -0.618147 1.196112 0.094096
v -0.377853 0.692378 0.094096
v -0.524743 1.231049 0.094096
v -0.284449 0.727315 0.094096
v -0.628788 1.191160 0.023524
v -0.385563 0.688540 0.023524
v -0.535831 1.227027 0.023524
v -0.292606 0.724406 0.023524
v -0.707764 1.153446 0.082519
v -0.443162 0.660036 0.082519
v -0.618305 1.196173 0.082519
v -0.353702 0.702763 0.082519
v -0.588022 1.209963 0.080189
v -0.356080 0.703242 0.080189
v -0.493385 1.242262 0.080189
v -0.261443 0.735541 0.080189
v -0.696011 1.159166 0.069029
v -0.434544 0.664281 0.069029
v -0.606011 1.200878 0.069029
v -0.344544 0.705993 0.069029
v -0.666219 1.173498 0.094208
v -0.412775 0.675035 0.094208
v -0.574880 1.212626 0.094208
v -0.321436 0.714164 0.094208
v -0.677407 1.168144 0.097647
v -0.420939 0.670997 0.097647
v -0.586566 1.208244 0.097647
v -0.330097 0.711097 0.097647
v -0.688576 1.162765 0.012252
v -0.429102 0.666965 0.012252
v -0.598238 1.203834 0.012252
v -0.338764 0.708033 0.012252
v -0.663107 1.174980 0.061658
v -0.410508 0.676158 0.061658
v -0.571631 1.213839 0.061658
v -0.319031 0.715016 0.061658
v -0.629414 1.190868 0.026469
v -0.386017 0.688314 0.026469
v -0.536483 1.226789 0.026469
v -0.293086 0.724235 0.026469
v -0.659372 1.176757 0.008396
v -0.407786 0.677506 0.008396
v -0.567731 1.215290 0.008396
v -0.316146 0.716039 0.008396
v -0.614388 1.197854 -0.001805
v -0.375131 0.693734 -0.001805
v -0.520827 1.232462 -0.001805
v -0.281571 0.728342 -0.001805
v -0.651271 1.180597 0.065934
v -0.401891 0.680429 0.065934
v -0.559277 1.218425 0.065934
v -0.309897 0.718257 0.065934
v -0.670572 1.171418 0.118435
v -0.415950 0.673464 0.118435
v -0.579426 1.210926 0.118435
v -0.324804 0.712971 0.118435
v -0.692914 1.160667 0.054245
v -0.432277 0.665399 0.054245
v -0.602773 1.202111 0.054245
v -0.342135 0.706843 0.054245
v -0.675543 1.169038 -0.026700
v -0.419578 0.671669 -0.026700
v -0.584619 1.208977 -0.026700
v -0.328653 0.711608 -0.026700
v -0.696630 1.158866 -0.070159
v -0.434998 0.664057 -0.070159
v -0.606658 1.200631 -0.070159
v -0.345026 0.705822 -0.070159
v -0.580473 1.213396 0.108692
v -0.350637 0.705965 0.108692
v -0.485534 1.245033 0.108692
v -0.255699 0.737602 0.108692
v -0.681753 1.166055 -0.034473
v -0.424113 0.669428 -0.034473
v -0.591107 1.206532 -0.034473
v -0.333467 0.709906 -0.034473
v -0.613761 1.198144 -0.004750
v -0.374678 0.693960 -0.004750
v -0.520174 1.232697 -0.004750
v -0.281091 0.728513 -0.004750
v -0.606236 1.201618 0.087713
v -0.369235 0.696674 0.087713
v -0.512339 1.235512 0.087713
v -0.275338 0.730568 0.087713
v -0.684855 1.164561 -0.083649
v -0.426381 0.668308 -0.083649
v -0.594349 1.205307 -0.083649
v -0.335874 0.709055 -0.083649
v -1.452788 0.121640 -0.027639
v -1.000791 -0.070204 -0.027639
v -1.442250 0.239836 -0.027639
v -0.990252 0.047992 -0.027639
v -1.455840 0.096279 -0.024089
v -1.003166 -0.087201 -0.024089
v -1.447177 0.215253 -0.024089
v -0.994503 0.031773 -0.024088
v -1.468031 -0.018199 -0.087992
v -1.013949 -0.163299 -0.087991
v -1.467854 0.103850 -0.087992
v -1.013771 -0.041250 -0.087991
v -1.449612 0.146958 0.014963
v -0.998423 -0.053174 0.014963
v -1.437207 0.264343 0.014963
v -0.986017 0.064211 0.014963
v -1.471843 -0.059951 -0.087390
v -1.017920 -0.190861 -0.087389
v -1.474756 0.063037 -0.087389
v -1.020832 -0.067873 -0.087389
v -1.468767 -0.025983 -0.101590
v -1.014687 -0.168444 -0.101590
v -1.469166 0.096248 -0.101590
v -1.015086 -0.046212 -0.101590
v -1.461113 0.049694 -0.095092
v -1.007540 -0.118280 -0.095092
v -1.455901 0.170006 -0.095092
v -1.002327 0.002032 -0.095091
v -1.466315 -0.000510 -0.037687
v -1.012274 -0.151596 -0.037687
v -1.464827 0.121111 -0.037687
v -1.010785 -0.029975 -0.037687
v -1.467625 -0.013954 -0.031189
v -1.013547 -0.160491 -0.031189
v -1.467133 0.107994 -0.031189
v -1.013055 -0.038544 -0.031189
v -1.467964 -0.017491 -0.073189
v -1.013882 -0.162831 -0.073189
v -1.467734 0.104541 -0.073189
v -1.013652 -0.040799 -0.073189
v -1.462852 0.033438 -0.051888
v -1.009070 -0.129086 -0.051888
v -1.458845 0.154189 -0.051888
v -1.005063 -0.008334 -0.051888
v -1.461951 0.041921 -0.108691
v -1.008271 -0.123449 -0.108690
v -1.457315 0.162445 -0.108691
v -1.003635 -0.002925 -0.108690
v -1.469230 -0.030937 -0.077341
v -1.015158 -0.171716 -0.077341
v -1.469996 0.091409 -0.077341
v -1.015924 -0.049370 -0.077341
v -1.457806 0.079350 0.004313
v -1.004753 -0.098515 0.004313
v -1.450396 0.198824 0.004313
v -0.997343 0.020959 0.004313
v -1.458209 0.075823 -0.090940
v -1.005085 -0.100870 -0.090940
v -1.451060 0.195399 -0.090940
v -0.997936 0.018706 -0.090940
v -1.463371 0.028489 -0.016988
v -1.009536 -0.132372 -0.016988
v -1.459731 0.149371 -0.016988
v -1.005897 -0.011490 -0.016988
v -1.454330 0.108964 0.043364
v -1.001978 -0.078706 0.043364
v -1.444728 0.227553 0.043364
v -0.992376 0.039883 0.043364
v -1.457320 0.083585 -0.109292
v -1.004356 -0.095688 -0.109292
v -1.449596 0.202935 -0.109292
v -0.996632 0.023663 -0.109292
v -1.464249 0.020003 -0.045390
v -1.010336 -0.138002 -0.045389
v -1.461239 0.141107 -0.045390
v -1.007326 -0.016899 -0.045389
v -1.453220 0.118121 -0.076739
v -1.001120 -0.072566 -0.076739
v -1.442941 0.236427 -0.076739
v -0.990842 0.045739 -0.076739
v -1.457726 0.080056 0.033316
v -1.004687 -0.098044 0.033316
v -1.450263 0.199509 0.033316
v -0.997225 0.021410 0.033316
v -1.449071 0.151174 -0.098642
v -0.998029 -0.050333 -0.098642
v -1.436355 0.268421 -0.098642
v -0.985312 0.066914 -0.098642
v -1.450061 0.143445 -0.098040
v -0.998751 -0.055542 -0.098040
v -1.437913 0.260945 -0.098040
v -0.986604 0.061958 -0.098040
v -1.457239 0.084290 -0.062539
v -1.004290 -0.095216 -0.062538
v -1.449463 0.203619 -0.062539
v -0.996514 0.024113 -0.062538
v -1.459873 0.060996 -0.023487
v -1.006477 -0.110755 -0.023487
v -1.453823 0.180994 -0.023487
v -1.000427 0.009243 -0.023487
v -1.471095 -0.051460 -0.058988
v -1.017110 -0.185261 -0.058988
v -1.473380 0.071345 -0.058988
v -1.019395 -0.062456 -0.058988
v -1.460651 0.053932 -0.038289
v -1.007141 -0.115459 -0.038289
v -1.455125 0.174128 -0.038289
v -1.001614 0.004737 -0.038289
v -1.453820 0.113191 0.029164
v -1.001582 -0.075873 0.029164
v -1.443905 0.231649 0.029164
v -0.991668 0.042586 0.029164
v -1.469557 -0.034476 -0.044788
v -1.015494 -0.174053 -0.044788
v -1.470585 0.087951 -0.044788
v -1.016522 -0.051626 -0.044788
v -1.459165 0.067351 -0.034137
v -1.005880 -0.106520 -0.034137
v -1.452644 0.187170 -0.034137
v -0.999359 0.013299 -0.034137
v -1.474701 -0.093908 -0.112240
v -1.021169 -0.213227 -0.112241
v -1.480120 0.029771 -0.112240
v -1.026587 -0.089548 -0.112240
v -1.465965 0.003027 -0.059590
v -1.011940 -0.149254 -0.059590
v -1.464214 0.124561 -0.059590
v -1.010188 -0.027720 -0.059590
v -1.451656 0.130788 -0.009286
v -0.999935 -0.064058 -0.009286
v -1.440442 0.248695 -0.009286
v -0.988721 0.053849 -0.009286
v -1.456748 0.088521 0.061717
v -1.003893 -0.092388 0.061717
v -1.448659 0.207726 0.061717
v -0.995804 0.026817 0.061717
v -1.448527 0.155387 -0.041839
v -0.997634 -0.047491 -0.041839
v -1.435500 0.272495 -0.041839
v -0.984608 0.069617 -0.041839
v -1.454752 0.105441 0.075917
v -1.002308 -0.081067 0.075917
v -1.445411 0.224138 0.075917
v -0.992966 0.037630 0.075917
v 0.179314 1.358859 0.081759
v 0.242965 0.839923 0.081759
v 0.288308 1.341342 0.081759
v 0.351959 0.822405 0.081759
v 0.200697 1.356297 0.118237
v 0.263132 0.837557 0.118237
v 0.309733 1.338440 0.118237
v 0.372167 0.819700 0.118237
v 0.195488 1.356922 0.010368
v 0.258219 0.838134 0.010368
v 0.304513 1.339147 0.010368
v 0.367244 0.820359 0.010368
v 0.149434 1.362435 -0.014370
v 0.214784 0.843228 -0.014370
v 0.258369 1.345393 -0.014370
v 0.323718 0.826187 -0.014370
v 0.227015 1.353139 0.121265
v 0.287952 0.834647 0.121265
v 0.336100 1.334863 0.121265
v 0.397037 0.816371 0.121265
v 0.151353 1.362206 -0.058222
v 0.216594 0.843016 -0.058222
v 0.260291 1.345133 -0.058222
v 0.325532 0.825944 -0.058222
v 0.240175 1.351557 0.106118
v 0.300363 0.833192 0.106118
v 0.349284 1.333072 0.106118
v 0.409472 0.814707 0.106118
v 0.162592 1.360861 -0.007302
v 0.227194 0.841773 -0.007302
v 0.271553 1.343610 -0.007302
v 0.336155 0.824521 -0.007302
v 0.187264 1.357907 0.095738
v 0.250463 0.839043 0.095738
v 0.296273 1.340264 0.095738
v 0.359472 0.821399 0.095738
v 0.182604 1.358466 0.022434
v 0.246067 0.839559 0.022434
v 0.291604 1.340896 0.022434
v 0.355068 0.821989 0.022434
v 0.147790 1.362632 0.085641
v 0.213232 0.843410 0.085641
v 0.256721 1.345616 0.085641
v 0.322164 0.826395 0.085641
v 0.200423 1.356330 0.080590
v 0.262873 0.837588 0.080591
v 0.309458 1.338477 0.080590
v 0.371908 0.819735 0.080591
v 0.152998 1.362009 0.071325
v 0.218145 0.842834 0.071325
v 0.261940 1.344911 0.071325
v 0.327087 0.825736 0.071325
v 0.166156 1.360435 0.096906
v 0.230555 0.841378 0.096906
v 0.275124 1.343127 0.096906
v 0.339523 0.824071 0.096906
v 0.161222 1.361025 0.100735
v 0.225901 0.841924 0.100735
v 0.270180 1.343796 0.100735
v 0.334859 0.824695 0.100735
v 0.156287 1.361616 0.012000
v 0.221247 0.842470 0.012000
v 0.265236 1.344465 0.012000
v 0.330196 0.825319 0.012000
v 0.167526 1.360271 0.062920
v 0.231848 0.841227 0.062920
v 0.276497 1.342941 0.062920
v 0.340818 0.823897 0.062920
v 0.182330 1.358498 0.025516
v 0.245809 0.839589 0.025516
v 0.291329 1.340933 0.025516
v 0.354809 0.822024 0.025516
v 0.169171 1.360074 0.007340
v 0.233399 0.841045 0.007340
v 0.278145 1.342718 0.007340
v 0.342373 0.823689 0.007340
v -0.136237 1.331800 -0.003130
v -0.010733 0.807857 -0.003130
v -0.030445 1.331933 -0.003130
v 0.095060 0.807989 -0.003130
v -0.169442 1.328510 0.067769
v -0.040709 0.804585 0.067769
v -0.063877 1.329583 0.067769
v 0.064855 0.805658 0.067769
v -0.186885 1.326771 0.122624
v -0.056460 0.802867 0.122624
v -0.081443 1.328339 0.122624
v 0.048983 0.804435 0.122624
v -0.207138 1.324744 0.056025
v -0.074750 0.800874 0.056025
v -0.101840 1.326884 0.056025
v 0.030548 0.803015 0.056025
v -0.191385 1.326322 -0.028426
v -0.060524 0.802425 -0.028426
v -0.085975 1.328016 -0.028426
v 0.044886 0.804119 -0.028426
v -0.210513 1.324405 -0.073455
v -0.077798 0.800542 -0.073455
v -0.105239 1.326641 -0.073455
v 0.027476 0.802778 -0.073455
v -0.105840 1.334789 0.111566
v 0.016705 0.810854 0.111566
v 0.000156 1.334061 0.111566
v 0.122701 0.810126 0.111566
v -0.197011 1.325759 -0.036455
v -0.065605 0.801871 -0.036455
v -0.091641 1.327613 -0.036455
v 0.039766 0.803725 -0.036455
v -0.135674 1.331856 -0.006202
v -0.010224 0.807912 -0.006202
v -0.029878 1.331972 -0.006202
v 0.095572 0.808029 -0.006202
v -0.128920 1.332521 0.089985
v -0.004127 0.808578 0.089985
v -0.023078 1.332447 0.089985
v 0.101715 0.808504 0.089985
v -0.199824 1.325477 -0.087620
v -0.068145 0.801594 -0.087620
v -0.094473 1.327411 -0.087620
v 0.037205 0.803528 -0.087620
v -0.196449 1.325815 0.041860
v -0.065097 0.801926 0.041860
v -0.091075 1.327653 0.041860
v 0.040278 0.803764 0.041860
v -0.176194 1.327838 0.038170
v -0.046806 0.803920 0.038170
v -0.070677 1.329102 0.038170
v 0.058711 0.805184 0.038170
v -0.085009 1.336825 0.104804
v 0.035505 0.812909 0.104804
v 0.021124 1.335508 0.104804
v 0.141638 0.811592 0.104804
v -0.216701 1.323783 -0.002543
v -0.083387 0.799934 -0.002543
v -0.111471 1.326194 -0.002543
v 0.021843 0.802345 -0.002543
v -0.051785 1.340051 0.104193
v 0.065484 0.816190 0.104194
v 0.054562 1.337793 0.104193
v 0.171830 0.813932 0.104194
v -0.078815 1.337428 0.118978
v 0.041094 0.813521 0.118978
v 0.027358 1.335935 0.118978
v 0.147267 0.812028 0.118978
v -0.139052 1.331522 0.112176
v -0.013273 0.807579 0.112176
v -0.033279 1.331735 0.112176
v 0.092501 0.807792 0.112176
v -0.099084 1.335450 0.052379
v 0.022802 0.811520 0.052379
v 0.006957 1.334531 0.052379
v 0.128843 0.810601 0.052379
v -0.088386 1.336495 0.045612
v 0.032456 0.812576 0.045612
v 0.017725 1.335273 0.045612
v 0.138567 0.811354 0.045612
v -0.085572 1.336770 0.089379
v 0.034997 0.812854 0.089379
v 0.020558 1.335468 0.089379
v 0.141126 0.811552 0.089379
v -0.126106 1.332799 0.067163
v -0.001587 0.808856 0.067163
v -0.020245 1.332645 0.067163
v 0.104274 0.808701 0.067163
v -0.132860 1.332133 0.126350
v -0.007684 0.808190 0.126350
v -0.027045 1.332170 0.126350
v 0.098131 0.808227 0.126350
v -0.074873 1.337812 0.093711
v 0.044651 0.813910 0.093711
v 0.031326 1.336207 0.093711
v 0.150850 0.812305 0.093711
v -0.162689 1.329181 0.008582
v -0.034612 0.805250 0.008582
v -0.057078 1.330063 0.008582
v 0.070999 0.806132 0.008582
v -0.159875 1.329461 0.107840
v -0.032072 0.805528 0.107840
v -0.054245 1.330263 0.107840
v 0.073559 0.806330 0.107840
v -0.122165 1.333187 0.030798
v 0.001970 0.809244 0.030798
v -0.016278 1.332921 0.030798
v 0.107857 0.808978 0.030798
v -0.186321 1.326828 -0.032123
v -0.055951 0.802923 -0.032123
v -0.080875 1.328379 -0.032123
v 0.049495 0.804474 -0.032123
v -0.166066 1.328846 0.126961
v -0.037661 0.804918 0.126961
v -0.060478 1.329823 0.126961
v 0.067927 0.805895 0.126961
v -0.115410 1.333851 0.060397
v 0.008067 0.809910 0.060397
v -0.009477 1.333394 0.060397
v 0.114000 0.809453 0.060397
v -1.134130 0.797441 0.092179
v -0.758552 0.395011 0.092179
v -1.072261 0.878777 0.092179
v -0.696683 0.476347 0.092179
v -1.201079 0.705917 0.058730
v -0.807905 0.329000 0.058730
v -1.146007 0.794145 0.058730
v -0.752834 0.417228 0.058730
v -1.120582 0.815456 0.121292
v -0.748735 0.408215 0.121292
v -1.057403 0.895372 0.121292
v -0.685555 0.488131 0.121292
v -1.120955 0.814962 0.114479
v -0.749005 0.407852 0.114479
v -1.057812 0.894917 0.114479
v -0.685861 0.487807 0.114479
v -1.142876 0.785723 0.062447
v -0.764917 0.386462 0.062447
v -1.081865 0.867972 0.062447
v -0.703906 0.468711 0.062447
v -1.166767 0.753352 0.042006
v -0.782426 0.363000 0.042006
v -1.108146 0.838077 0.042006
v -0.723805 0.447724 0.042006
v -1.145058 0.782789 -0.056483
v -0.766509 0.384326 -0.056483
v -1.084262 0.865265 -0.056483
v -0.705713 0.466802 -0.056483
v -1.157740 0.765647 0.035811
v -0.775789 0.371885 0.035811
v -1.098207 0.849439 0.035811
v -0.716256 0.455677 0.035811
v -1.198589 0.709397 0.087843
v -0.806042 0.331480 0.087843
v -1.143255 0.797373 0.087843
v -0.750709 0.419456 0.087843
v -1.153765 0.771035 -0.041617
v -0.772875 0.375789 -0.041617
v -1.093835 0.854415 -0.041617
v -0.712945 0.459169 -0.041617
v -1.160275 0.762202 0.047581
v -0.777650 0.369392 0.047581
v -1.100998 0.846256 0.047581
v -0.718373 0.453446 0.047581
v -1.112135 0.826605 -0.093649
v -0.742640 0.416423 -0.093649
v -1.048150 0.905632 -0.093649
v -0.678655 0.495451 -0.093649
v -1.144688 0.783286 -0.008787
v -0.766239 0.384688 -0.008787
v -1.083856 0.865723 -0.008787
v -0.705407 0.467126 -0.008787
v -1.175395 0.741531 0.103329
v -0.788794 0.354486 0.103329
v -1.117653 0.827142 0.103329
v -0.731053 0.440097 0.103329
v -1.218030 0.682060 0.066163
v -0.820652 0.312058 0.066163
v -1.164762 0.771991 0.066163
v -0.767384 0.401989 0.066163
v -1.155569 0.768591 0.125009
v -0.774197 0.374017 0.125009
v -1.095819 0.852159 0.125009
v -0.714447 0.457585 0.125009
v -1.226454 0.670099 0.081030
v -0.827027 0.303601 0.081030
v -1.174093 0.760870 0.081030
v -0.774667 0.394372 0.081030
v -1.140322 0.789152 0.050678
v -0.763056 0.388961 0.050678
v -1.079060 0.871134 0.050678
v -0.701793 0.470943 0.050678
v -1.118380 0.818369 0.002362
v -0.747144 0.410357 0.002362
v -1.054989 0.898054 0.002362
v -0.683753 0.490042 0.002362
v -1.181844 0.732648 0.014131
v -0.793571 0.348106 0.014132
v -1.124766 0.818920 0.014132
v -0.736493 0.434378 0.014132
v -1.196819 0.711867 0.118195
v -0.804719 0.333242 0.118195
v -1.141300 0.799664 0.118195
v -0.749200 0.421038 0.118195
v -1.116175 0.821281 -0.057103
v -0.745553 0.412500 -0.057103
v -1.052574 0.900733 -0.057103
v -0.681952 0.491953 -0.057103
v -1.221889 0.676589 0.113859
v -0.823569 0.308187 0.113859
v -1.169036 0.766905 0.113859
v -0.770716 0.398503 0.113859
v -1.124982 0.809624 -0.086835
v -0.751917 0.403932 -0.086835
v -1.062225 0.890002 -0.086835
v -0.689161 0.484310 -0.086835
v -1.192551 0.717812 0.088463
v -0.801533 0.337486 0.088463
v -1.136585 0.805175 0.088463
v -0.745567 0.424849 0.088463
v -1.131939 0.800366 0.032714
v -0.756961 0.397150 0.032714
v -1.069857 0.881473 0.032714
v -0.694878 0.478257 0.032714
v -1.175030 0.742032 0.043244
v -0.788524 0.354846 0.043245
v -1.117251 0.827607 0.043245
v -0.730745 0.440421 0.043245
v -1.138507 0.791585 0.121912
v -0.761735 0.390736 0.121912
v -1.077066 0.873379 0.121912
v -0.700294 0.472529 0.121912
v -1.140693 0.788655 0.002982
v -0.763326 0.388599 0.002982
v -1.079466 0.870676 0.002982
v -0.702100 0.470620 0.002982
v -1.146868 0.780351 0.110143
v -0.767831 0.382553 0.110143
v -1.086252 0.863015 0.110143
v -0.707214 0.465217 0.110143
v -1.131568 0.800861 0.080410
v -0.756691 0.397513 0.080410
v -1.069449 0.881929 0.080410
v -0.694572 0.478580 0.080410
v -1.129374 0.803784 0.091560
v -0.755100 0.399652 0.091560
v -1.067043 0.884622 0.091560
v -0.692768 0.480490 0.091560
v -1.181480 0.733150 0.102709
v -0.793301 0.348467 0.102710
v -1.124364 0.819385 0.102709
v -0.736185 0.434701 0.102710
v -1.151592 0.773976 0.077313
v -0.771283 0.377923 0.077313
v -1.091444 0.857131 0.077313
v -0.711136 0.461077 0.077313
v -1.173241 0.744489 0.043864
v -0.787202 0.356613 0.043864
v -1.115279 0.829879 0.043864
v -0.729240 0.442004 0.043864
v -1.183990 0.729684 0.073597
v -0.795163 0.345981 0.073597
v -1.127133 0.816175 0.073597
v -0.738307 0.432472 0.073597
v -1.190414 0.720782 0.028998
v -0.799941 0.339609 0.028998
v -1.134225 0.807928 0.028998
v -0.743752 0.426755 0.028998
v -1.149047 0.777413 0.065544
v -0.769422 0.380418 0.065544
v -1.088646 0.860304 0.065544
v -0.709022 0.463309 0.065544
v -0.266007 1.313390 -0.109411
v -0.120756 0.790015 -0.109411
v -0.161710 1.319308 -0.109411
v -0.016459 0.795933 -0.109411
v -0.242781 1.318752 -0.043052
v -0.103710 0.795082 -0.043052
v -0.137990 1.322852 -0.043052
v 0.001081 0.799181 -0.043052
v -0.260849 1.314590 0.041586
v -0.116968 0.791140 0.041586
v -0.156440 1.320104 0.041586
v -0.012560 0.796654 0.041586
v -0.238908 1.319637 0.086389
v -0.100868 0.795927 0.086389
v -0.134037 1.323434 0.086389
v 0.004003 0.799724 0.086389
v -0.358632 1.290987 -0.097396
v -0.188909 0.769878 -0.097396
v -0.256530 1.304183 -0.097396
v -0.086807 0.783074 -0.097396
v -0.254397 1.316083 0.049548
v -0.112233 0.792547 0.049548
v -0.149851 1.321092 0.049548
v -0.007687 0.797556 0.049548
v -0.324602 1.299408 0.020020
v -0.163831 0.777264 0.020020
v -0.221652 1.309927 0.020020
v -0.060880 0.787783 0.020020
v -0.332313 1.297519 -0.076087
v -0.169509 0.775589 -0.076087
v -0.229551 1.308644 -0.076088
v -0.066747 0.786715 -0.076087
v -0.251172 1.316827 0.100680
v -0.109866 0.793251 0.100680
v -0.146556 1.321583 0.100680
v -0.005251 0.798007 0.100680
v -0.255042 1.315934 -0.028760
v -0.112707 0.792406 -0.028760
v -0.150509 1.320993 -0.028760
v -0.008174 0.797465 -0.028760
v -0.278256 1.310521 -0.024831
v -0.129752 0.787346 -0.024831
v -0.174229 1.317399 -0.024831
v -0.025724 0.794225 -0.024831
v -0.382340 1.284989 -0.090388
v -0.206413 0.764742 -0.090388
v -0.280857 1.300050 -0.090388
v -0.104930 0.779803 -0.090388
v -0.231805 1.321251 0.015403
v -0.095658 0.797478 0.015403
v -0.126789 1.324492 0.015403
v 0.009358 0.800719 0.015403
v -0.420051 1.275227 -0.089385
v -0.234321 0.756586 -0.089385
v -0.319600 1.293252 -0.089385
v -0.133870 0.774611 -0.089385
v -0.389380 1.283188 -0.104488
v -0.211617 0.763218 -0.104488
v -0.288085 1.298802 -0.104488
v -0.110322 0.778833 -0.104488
v -0.320744 1.300348 -0.098399
v -0.160991 0.778102 -0.098398
v -0.217701 1.310564 -0.098399
v -0.057948 0.788318 -0.098398
v -0.366326 1.289052 -0.038129
v -0.194586 0.768210 -0.038129
v -0.264422 1.302853 -0.038129
v -0.092682 0.782012 -0.038129
v -0.378499 1.285968 -0.031236
v -0.203575 0.765574 -0.031236
v -0.276914 1.300727 -0.031236
v -0.101990 0.780332 -0.031236
v -0.381700 1.285152 -0.074970
v -0.205940 0.764880 -0.074970
v -0.280200 1.300163 -0.074970
v -0.104440 0.779891 -0.074970
v -0.335526 1.296729 -0.053232
v -0.171875 0.774892 -0.053232
v -0.232842 1.308107 -0.053232
v -0.069192 0.786270 -0.053232
v -0.327815 1.298622 -0.112499
v -0.166197 0.776566 -0.112499
v -0.224942 1.309394 -0.112499
v -0.063325 0.787338 -0.112499
v -0.393858 1.282036 -0.079175
v -0.214928 0.762249 -0.079175
v -0.292684 1.298003 -0.079175
v -0.113754 0.778216 -0.079175
v -0.293718 1.306859 0.004917
v -0.141113 0.783980 0.004917
v -0.190040 1.314951 0.004917
v -0.037435 0.792072 0.004917
v -0.296937 1.306090 -0.094308
v -0.143480 0.783279 -0.094308
v -0.193333 1.314436 -0.094308
v -0.039876 0.791624 -0.094308
v -0.340021 1.295619 -0.016821
v -0.175188 0.773916 -0.016821
v -0.237450 1.307351 -0.016821
v -0.072616 0.785648 -0.016821
v -0.266653 1.313239 0.045342
v -0.121230 0.789875 0.045342
v -0.162370 1.319208 0.045342
v -0.016947 0.795843 0.045342
v -0.289853 1.307778 -0.113502
v -0.138273 0.784821 -0.113502
v -0.186087 1.315567 -0.113502
v -0.034506 0.792609 -0.113502
v -0.347725 1.293710 -0.046340
v -0.180866 0.772244 -0.046339
v -0.245346 1.306048 -0.046340
v -0.078486 0.784582 -0.046339
v -1.273084 0.596200 0.092179
v -0.862276 0.251068 0.092179
v -1.226183 0.691766 0.092179
v -0.815376 0.346634 0.092179
v -1.325923 0.496524 0.058730
v -0.902458 0.180144 0.058730
v -1.286186 0.597769 0.058730
v -0.862721 0.281389 0.058730
v -1.262336 0.615885 0.121292
v -0.854287 0.265248 0.121292
v -1.214042 0.710266 0.121292
v -0.805992 0.359629 0.121292
v -1.262633 0.615345 0.114479
v -0.854506 0.264858 0.114479
v -1.214376 0.709758 0.114479
v -0.806250 0.359272 0.114479
v -1.280012 0.583408 0.062447
v -0.867456 0.241886 0.062447
v -1.234022 0.679733 0.062447
v -0.821466 0.338210 0.062447
v -1.298898 0.548118 0.042006
v -0.881709 0.216681 0.042006
v -1.255435 0.646492 0.042006
v -0.838245 0.315055 0.042006
v -1.281739 0.580207 -0.056483
v -0.868752 0.239592 -0.056483
v -1.235977 0.676720 -0.056483
v -0.822990 0.336105 -0.056483
v -1.291769 0.561514 0.035811
v -0.876306 0.226227 0.035811
v -1.247343 0.659117 0.035811
v -0.831881 0.323831 0.035811
v -1.323966 0.500305 0.087843
v -0.900941 0.182809 0.087843
v -1.283955 0.601344 0.087843
v -0.860929 0.283849 0.087843
v -1.288627 0.567387 -0.041617
v -0.873934 0.230421 -0.041617
v -1.243781 0.664650 -0.041617
v -0.829088 0.327684 -0.041617
v -1.293772 0.557759 0.047581
v -0.877821 0.223549 0.047581
v -1.249616 0.655579 0.047581
v -0.833665 0.321369 0.047581
v -1.255627 0.628077 -0.093649
v -0.849328 0.274063 -0.093649
v -1.206473 0.721714 -0.093649
v -0.800174 0.367700 -0.093649
v -1.281446 0.580750 -0.008787
v -0.868532 0.239981 -0.008787
v -1.235646 0.677231 -0.008787
v -0.822732 0.336462 -0.008787
v -1.305705 0.535247 0.103329
v -0.886894 0.207533 0.103329
v -1.263167 0.634351 0.103329
v -0.844357 0.306637 0.103329
v -1.339232 0.470627 0.066163
v -0.912843 0.161930 0.066163
v -1.301376 0.573257 0.066163
v -0.874987 0.264559 0.066163
v -1.290053 0.564723 0.125009
v -0.875010 0.228518 0.125009
v -1.245398 0.662141 0.125009
v -0.830355 0.325936 0.125009
v -1.345834 0.457657 0.081030
v -0.918037 0.152837 0.081030
v -1.308924 0.560965 0.081030
v -0.881127 0.256145 0.081030
v -1.277990 0.587151 0.050678
v -0.865941 0.244569 0.050678
v -1.231733 0.683254 0.050678
v -0.819685 0.340673 0.050678
v -1.260587 0.619070 0.002362
v -0.852992 0.267548 0.002362
v -1.212068 0.713257 0.002362
v -0.804473 0.361736 0.002362
v -1.310788 0.525581 0.014131
v -0.890784 0.200678 0.014132
v -1.268948 0.625227 0.014131
v -0.848944 0.300325 0.014132
v -1.322575 0.502989 0.118195
v -0.899864 0.184703 0.118195
v -1.282368 0.603882 0.118195
v -0.859657 0.285596 0.118195
v -1.258837 0.622253 -0.057103
v -0.851698 0.269849 -0.057103
v -1.210093 0.716246 -0.057103
v -0.802953 0.363842 -0.057103
v -1.342257 0.464693 0.113859
v -0.915220 0.157767 0.113859
v -1.304834 0.567635 0.113859
v -0.877797 0.260709 0.113859
v -1.265828 0.609509 -0.086835
v -0.856876 0.260649 -0.086835
v -1.217985 0.704276 -0.086835
v -0.809032 0.355416 -0.086835
v -1.319218 0.509449 0.088463
v -0.897269 0.189264 0.088463
v -1.278543 0.609989 0.088463
v -0.856595 0.289804 0.088463
v -1.271347 0.599395 0.032714
v -0.860981 0.253365 0.032714
v -1.224220 0.694770 0.032714
v -0.813854 0.348740 0.032714
v -1.305417 0.535793 0.043244
v -0.886675 0.207921 0.043245
v -1.262840 0.634866 0.043244
v -0.844098 0.306994 0.043245
v -1.276551 0.589807 0.121912
v -0.864866 0.246476 0.121912
v -1.230106 0.685754 0.121912
v -0.818420 0.342422 0.121912
v -1.278283 0.586609 0.002982
v -0.866161 0.244181 0.002982
v -1.232065 0.682744 0.002982
v -0.819943 0.340316 0.002982
v -1.283172 0.577547 0.110143
v -0.869828 0.237687 0.110143
v -1.237600 0.674217 0.110143
v -0.824256 0.334357 0.110143
v -1.271052 0.599936 0.080410
v -0.860761 0.253754 0.080410
v -1.223886 0.695279 0.080410
v -0.813596 0.349097 0.080410
v -1.269313 0.603129 0.091560
v -0.859466 0.256052 0.091560
v -1.221921 0.698280 0.091560
v -0.812074 0.351203 0.091560
v -1.310501 0.526128 0.102709
v -0.890564 0.201065 0.102710
v -1.268621 0.625744 0.102709
v -0.848684 0.300681 0.102710
v -1.286908 0.570594 0.077313
v -0.872638 0.232713 0.077313
v -1.241833 0.667671 0.077313
v -0.827563 0.329789 0.077313
v -1.304006 0.538467 0.043864
v -0.885598 0.209819 0.043864
v -1.261237 0.637389 0.043864
v -0.842828 0.308742 0.043864
v -1.312478 0.522357 0.073597
v -0.892081 0.198394 0.073597
v -1.270870 0.622183 0.073597
v -0.850473 0.298220 0.073597
v -1.317536 0.512678 0.028998
v -0.895972 0.191546 0.028998
v -1.276628 0.613040 0.028998
v -0.855064 0.291908 0.028998
v -1.284895 0.574343 0.065544
v -0.871123 0.235394 0.065544
v -1.239552 0.671201 0.065544
v -0.825780 0.332251 0.065544
v -1.259134 0.621714 0.084746
v -0.851917 0.269459 0.084746
v -1.210427 0.715740 0.084746
v -0.803211 0.363485 0.084746
v -1.290344 0.564179 0.107046
v -0.875229 0.228130 0.107046
v -1.245728 0.661629 0.107046
v -0.830613 0.325579 0.107046
v -1.328981 0.490604 0.089702
v -0.904834 0.175973 0.089702
v -1.289673 0.592169 0.089702
v -0.865526 0.277538 0.089702
v -1.349122 0.451167 0.110762
v -0.920635 0.148293 0.110762
v -1.312685 0.554811 0.110762
v -0.884198 0.251938 0.110762
v -1.264380 0.612157 -0.004451
v -0.855801 0.262558 -0.004451
v -1.216348 0.706764 -0.004451
v -0.807770 0.357165 -0.004451
v -1.484636 -0.367865 0.047836
v -1.040730 -0.402880 0.047836
v -1.461461 -0.494598 0.047836
v -1.017555 -0.529613 0.047836
v -1.481724 -0.404673 0.019567
v -1.038523 -0.435889 0.019567
v -1.457767 -0.531464 0.019567
v -1.014567 -0.562680 0.019567
v -1.481401 -0.408726 -0.072657
v -1.038281 -0.439523 -0.072656
v -1.457359 -0.535523 -0.072657
v -1.014239 -0.566320 -0.072656
v -1.484769 -0.366177 0.096903
v -1.040831 -0.401366 0.096903
v -1.461630 -0.492907 0.096903
v -1.017692 -0.528096 0.096903
v -1.484610 -0.368203 -0.027312
v -1.040710 -0.403183 -0.027312
v -1.461428 -0.494937 -0.027312
v -1.017528 -0.529917 -0.027312
v -1.483650 -0.380360 -0.023520
v -1.039981 -0.414085 -0.023520
v -1.460210 -0.507113 -0.023520
v -1.016541 -0.540838 -0.023520
v -1.479301 -0.435068 -0.086332
v -1.036702 -0.463145 -0.086332
v -1.454701 -0.561902 -0.086332
v -1.012102 -0.589979 -0.086332
v -1.485566 -0.356047 0.015047
v -1.041438 -0.392282 0.015047
v -1.462643 -0.482760 0.015047
v -1.018515 -0.518994 0.015047
v -1.477705 -0.454995 -0.085333
v -1.035508 -0.481013 -0.085333
v -1.452683 -0.581855 -0.085333
v -1.010486 -0.607873 -0.085333
v -1.479004 -0.438783 -0.099856
v -1.036480 -0.466476 -0.099856
v -1.454325 -0.565622 -0.099856
v -1.011801 -0.593315 -0.099856
v -1.481884 -0.402648 -0.094078
v -1.038645 -0.434072 -0.094078
v -1.457971 -0.529436 -0.094078
v -1.014732 -0.560860 -0.094078
v -1.479976 -0.426625 -0.036197
v -1.037208 -0.455574 -0.036196
v -1.455554 -0.553448 -0.036197
v -1.012787 -0.582396 -0.036196
v -1.479463 -0.433042 -0.029570
v -1.036824 -0.461328 -0.029570
v -1.454906 -0.559873 -0.029570
v -1.012266 -0.588159 -0.029570
v -1.479328 -0.434730 -0.071536
v -1.036722 -0.462842 -0.071536
v -1.454735 -0.561564 -0.071536
v -1.012129 -0.589676 -0.071536
v -1.481267 -0.410415 -0.050719
v -1.038179 -0.441037 -0.050720
v -1.457189 -0.537214 -0.050719
v -1.014102 -0.567837 -0.050720
v -1.481589 -0.406362 -0.107602
v -1.038422 -0.437403 -0.107603
v -1.457597 -0.533156 -0.107602
v -1.014430 -0.564197 -0.107603
v -1.478815 -0.441147 -0.075560
v -1.036338 -0.468596 -0.075560
v -1.454086 -0.567990 -0.075560
v -1.011609 -0.595439 -0.075560
v -1.483009 -0.388464 0.005044
v -1.039495 -0.421353 0.005043
v -1.459397 -0.515230 0.005044
v -1.015883 -0.548119 0.005043
v -1.482875 -0.390153 -0.090176
v -1.039394 -0.422867 -0.090175
v -1.459227 -0.516922 -0.090176
v -1.015746 -0.549636 -0.090175
v -1.481079 -0.412778 -0.015773
v -1.038038 -0.443157 -0.015773
v -1.456951 -0.539582 -0.015773
v -1.013910 -0.569960 -0.015773
v -1.484130 -0.374281 0.043812
v -1.040345 -0.408634 0.043812
v -1.460819 -0.501025 0.043812
v -1.017034 -0.535378 0.043812
v -1.483169 -0.386438 -0.108603
v -1.039616 -0.419536 -0.108602
v -1.459600 -0.513201 -0.108603
v -1.016047 -0.546299 -0.108602
v -1.480757 -0.416831 -0.044094
v -1.037795 -0.446791 -0.044093
v -1.456542 -0.543640 -0.044094
v -1.013581 -0.573600 -0.044093
v -1.438271 0.191739 0.089516
v -0.988981 -0.024010 0.089516
v -1.422321 0.307487 0.089516
v -0.973030 0.091738 0.089516
v -1.427658 0.228046 -0.020538
v -0.980300 -0.000474 -0.020538
v -1.408782 0.342344 -0.020538
v -0.961424 0.113825 -0.020538
v -1.447257 0.160112 0.111419
v -0.996553 -0.044434 0.111419
v -1.433853 0.277049 0.111419
v -0.983149 0.072504 0.111419
v -1.445175 0.167515 0.110817
v -0.994779 -0.039659 0.110817
v -1.431175 0.284180 0.110817
v -0.980779 0.077006 0.110817
v -1.428852 0.224013 0.075316
v -0.981264 -0.003093 0.075316
v -1.410301 0.338477 0.075316
v -0.962713 0.111372 0.075316
v -1.422235 0.246177 0.036264
v -0.975968 0.011323 0.036264
v -1.401899 0.359719 0.036264
v -0.955631 0.124865 0.036264
v -1.388744 0.352475 0.071765
v -0.950541 0.081195 0.071766
v -1.359887 0.461141 0.071765
v -0.921684 0.189861 0.071766
v -1.420207 0.252888 0.051066
v -0.974364 0.015698 0.051066
v -1.399330 0.366144 0.051066
v -0.953488 0.128954 0.051066
v -1.436913 0.196448 -0.016387
v -0.987854 -0.020963 -0.016386
v -1.420582 0.312014 -0.016387
v -0.971524 0.094602 -0.016386
v -1.393967 0.336497 0.057565
v -0.954370 0.070604 0.057565
v -1.366384 0.445942 0.057565
v -0.926787 0.180050 0.057565
v -1.424051 0.240135 0.046914
v -0.977411 0.007389 0.046915
v -1.404201 0.353931 0.046914
v -0.957562 0.121185 0.046915
v -1.375432 0.392285 0.125018
v -0.940979 0.107742 0.125018
v -1.343416 0.498938 0.125018
v -0.908963 0.214395 0.125018
v -1.405292 0.301119 0.072367
v -0.962837 0.047272 0.072367
v -1.380540 0.412233 0.072367
v -0.938085 0.158386 0.072367
v -1.441740 0.179629 0.022063
v -0.991879 -0.031839 0.022063
v -1.426765 0.295840 0.022063
v -0.976903 0.084373 0.022063
v -1.430043 0.219982 -0.048940
v -0.982228 -0.005711 -0.048940
v -1.411816 0.334610 -0.048940
v -0.964001 0.108918 -0.048940
v -1.448387 0.156074 0.054617
v -0.997521 -0.047037 0.054617
v -1.435308 0.273158 0.054617
v -0.984441 0.070047 0.054617
v -1.434768 0.203847 -0.063140
v -0.986085 -0.016173 -0.063140
v -1.417841 0.319121 -0.063140
v -0.969158 0.099102 -0.063140
v -1.425056 0.236777 0.079467
v -0.978214 0.005204 0.079468
v -1.405477 0.350714 0.079467
v -0.958634 0.119141 0.079468
v -1.409072 0.289078 0.114969
v -0.965716 0.039365 0.114969
v -1.385286 0.400740 0.114969
v -0.941930 0.151028 0.114969
v -1.413025 0.276355 0.011413
v -0.968757 0.031029 0.011413
v -1.390260 0.388588 0.011413
v -0.945993 0.143261 0.011413
v -1.446312 0.163478 -0.013438
v -0.995747 -0.042264 -0.013438
v -1.432637 0.280292 -0.013438
v -0.982071 0.074550 -0.013438
v -1.388525 0.353140 0.118519
v -0.950382 0.081637 0.118519
v -1.359615 0.461773 0.118519
v -0.921471 0.190270 0.118519
v -1.444985 0.168189 -0.055438
v -0.994618 -0.039225 -0.055438
v -1.430930 0.284830 -0.055438
v -0.980564 0.077416 -0.055438
v -1.377899 0.385002 0.104319
v -0.942731 0.102868 0.104319
v -1.346459 0.492031 0.104319
v -0.911291 0.209897 0.104319
v -1.437107 0.195776 -0.006338
v -0.988015 -0.021399 -0.006338
v -1.420831 0.311367 -0.006338
v -0.971739 0.094193 -0.006338
v -1.419188 0.256242 0.093066
v -0.973563 0.017886 0.093066
v -1.398042 0.369354 0.093066
v -0.952416 0.130998 0.093066
v -1.422639 0.244835 0.022665
v -0.976288 0.010449 0.022665
v -1.402411 0.358433 0.022665
v -0.956060 0.124047 0.022665
v -1.447446 0.159439 0.082416
v -0.996714 -0.044868 0.082416
v -1.434096 0.276401 0.082416
v -0.983364 0.072094 0.082416
v -1.409281 0.288409 0.078866
v -0.965876 0.038926 0.078866
v -1.385549 0.400101 0.078866
v -0.942144 0.150619 0.078866
v -1.443843 0.172226 0.068817
v -0.993651 -0.036619 0.068817
v -1.429464 0.288716 0.068817
v -0.979272 0.079872 0.068817
v -1.434572 0.204518 0.093668
v -0.985924 -0.015738 0.093668
v -1.417592 0.319766 0.093668
v -0.968944 0.099511 0.093668
v -1.438077 0.192411 0.097218
v -0.988820 -0.023575 0.097218
v -1.422073 0.308134 0.097218
v -0.972815 0.092148 0.097218
v -1.441548 0.180302 0.012015
v -0.991718 -0.031404 0.012015
v -1.426519 0.296488 0.012015
v -0.976688 0.084782 0.012015
v -1.433592 0.207880 0.061115
v -0.985120 -0.013559 0.061115
v -1.416341 0.322995 0.061115
v -0.967869 0.101556 0.061115
v -1.422841 0.244163 0.025614
v -0.976449 0.010012 0.025614
v -1.402667 0.357790 0.025614
v -0.956275 0.123638 0.025614
v -1.432413 0.211915 0.007863
v -0.984156 -0.010944 0.007863
v -1.414837 0.326869 0.007863
v -0.966579 0.104010 0.007863
v -1.417963 0.260268 -0.002788
v -0.972601 0.020512 -0.002788
v -1.396493 0.373206 -0.002788
v -0.951131 0.133450 -0.002788
v -1.429845 0.220653 0.065267
v -0.982067 -0.005274 0.065267
v -1.411564 0.335254 0.065267
v -0.963786 0.109327 0.065267
v -1.488514 -0.253567 -0.105140
v -1.040953 -0.310724 -0.105140
v -1.469925 -0.379826 -0.105140
v -1.022364 -0.436983 -0.105140
v -1.488768 -0.242469 -0.041237
v -1.040871 -0.301937 -0.041238
v -1.470660 -0.368665 -0.041236
v -1.022763 -0.428133 -0.041237
v -1.488571 -0.251101 0.039815
v -1.040935 -0.308771 0.039814
v -1.470089 -0.377346 0.039816
v -1.022452 -0.435016 0.039814
v -1.488810 -0.240620 0.083020
v -1.040857 -0.300472 0.083017
v -1.470782 -0.366805 0.083020
v -1.022830 -0.426657 0.083018
v -1.487414 -0.297978 -0.094490
v -1.041285 -0.345880 -0.094490
v -1.466902 -0.424462 -0.094490
v -1.020772 -0.472365 -0.094490
v -1.488642 -0.248018 0.047517
v -1.040912 -0.306330 0.047516
v -1.470294 -0.374246 0.047518
v -1.022563 -0.432558 0.047516
v -1.487835 -0.281629 0.018513
v -1.041162 -0.332940 0.018513
v -1.468030 -0.408035 0.018513
v -1.021357 -0.459346 0.018513
v -1.487741 -0.285330 -0.073791
v -1.041190 -0.335870 -0.073791
v -1.467776 -0.411755 -0.073791
v -1.021224 -0.462294 -0.073791
v -1.488678 -0.246477 0.096617
v -1.040900 -0.305110 0.096616
v -1.470396 -0.372696 0.096618
v -1.022619 -0.431329 0.096617
v -1.488635 -0.248327 -0.027638
v -1.040914 -0.306575 -0.027639
v -1.470273 -0.374556 -0.027637
v -1.022552 -0.432804 -0.027638
v -1.488377 -0.259426 -0.024087
v -1.040996 -0.315362 -0.024089
v -1.469534 -0.385716 -0.024087
v -1.022153 -0.441653 -0.024088
v -1.487109 -0.309393 -0.087990
v -1.041371 -0.354915 -0.087991
v -1.466104 -0.435930 -0.087990
v -1.020365 -0.481452 -0.087991
v -1.488885 -0.237230 0.014964
v -1.040832 -0.297787 0.014963
v -1.471005 -0.363395 0.014965
v -1.022952 -0.423953 0.014963
v -1.486605 -0.327599 -0.087390
v -1.041508 -0.369323 -0.087389
v -1.464814 -0.454212 -0.087390
v -1.019717 -0.495937 -0.087389
v -1.487017 -0.312787 -0.101591
v -1.041396 -0.357601 -0.101590
v -1.465865 -0.439338 -0.101591
v -1.020244 -0.484152 -0.101590
v -1.487882 -0.279779 -0.095092
v -1.041148 -0.331475 -0.095092
v -1.468156 -0.406175 -0.095092
v -1.021423 -0.457872 -0.095091
v -1.487316 -0.301680 -0.037688
v -1.041312 -0.348810 -0.037687
v -1.466644 -0.428182 -0.037688
v -1.020640 -0.475312 -0.037687
v -1.487159 -0.307542 -0.031188
v -1.041357 -0.353450 -0.031189
v -1.466234 -0.434070 -0.031188
v -1.020431 -0.479978 -0.031189
v -1.473576 -0.271517 -0.073189
v -1.023110 -0.351208 -0.073189
v -1.487442 -0.145979 -0.073189
v -1.036976 -0.225670 -0.073189
v -1.474577 -0.225750 -0.051888
v -1.023136 -0.314943 -0.051888
v -1.486434 -0.100587 -0.051888
v -1.034993 -0.189780 -0.051888
v -1.474730 -0.218121 -0.108691
v -1.023142 -0.308895 -0.108690
v -1.486252 -0.093025 -0.108691
v -1.034664 -0.183799 -0.108690
v -1.473288 -0.283594 -0.077344
v -1.023105 -0.360773 -0.077341
v -1.487684 -0.157963 -0.077343
v -1.037501 -0.235142 -0.077340
v -1.475359 -0.184430 0.004312
v -1.023169 -0.282174 0.004313
v -1.485400 -0.059643 0.004312
v -1.033209 -0.157387 0.004313
v -1.475303 -0.187608 -0.090940
v -1.023166 -0.284696 -0.090940
v -1.485483 -0.062791 -0.090940
v -1.033346 -0.159879 -0.090939
v -1.474486 -0.230200 -0.016988
v -1.023133 -0.318470 -0.016988
v -1.486539 -0.104999 -0.016987
v -1.035186 -0.193269 -0.016988
v -1.475802 -0.157733 0.043364
v -1.023195 -0.260986 0.043364
v -1.484668 -0.033208 0.043364
v -1.032061 -0.136460 0.043365
v -1.475426 -0.180615 -0.109292
v -1.023172 -0.279148 -0.109292
v -1.485298 -0.055865 -0.109292
v -1.033045 -0.154398 -0.109292
v -1.474327 -0.237828 -0.045390
v -1.023128 -0.324516 -0.045390
v -1.486715 -0.112562 -0.045390
v -1.035516 -0.199250 -0.045389
v -1.475930 -0.149470 -0.076739
v -1.023203 -0.254425 -0.076739
v -1.484432 -0.025028 -0.076739
v -1.031705 -0.129983 -0.076739
v -1.475370 -0.183795 0.033315
v -1.023170 -0.281670 0.033315
v -1.485383 -0.059014 0.033316
v -1.033182 -0.156889 0.033316
v -1.476351 -0.119601 -0.098642
v -1.023237 -0.230696 -0.098642
v -1.483538 0.004527 -0.098642
v -1.030424 -0.106568 -0.098642
v -1.476258 -0.126591 -0.098040
v -1.023229 -0.236251 -0.098040
v -1.483753 -0.002388 -0.098040
v -1.030724 -0.112047 -0.098040
v -1.475436 -0.179980 -0.062539
v -1.023173 -0.278644 -0.062539
v -1.485281 -0.055236 -0.062539
v -1.033018 -0.153899 -0.062538
v -1.475060 -0.200958 -0.023487
v -1.023155 -0.295285 -0.023487
v -1.485828 -0.076016 -0.023486
v -1.033922 -0.170344 -0.023487
v -1.472830 -0.302024 -0.058990
v -1.023098 -0.375367 -0.058989
v -1.488033 -0.176258 -0.058989
v -1.038301 -0.249601 -0.058988
v -1.474940 -0.207314 -0.038290
v -1.023150 -0.300326 -0.038289
v -1.485987 -0.082315 -0.038290
v -1.034197 -0.175327 -0.038289
v -1.475862 -0.153920 0.029163
v -1.023198 -0.257958 0.029164
v -1.484560 -0.029432 0.029164
v -1.031896 -0.133470 0.029164
v -1.473211 -0.286772 -0.044787
v -1.023103 -0.363290 -0.044788
v -1.487746 -0.161117 -0.044786
v -1.037638 -0.237635 -0.044787
v -1.475166 -0.195236 -0.034138
v -1.023160 -0.290747 -0.034137
v -1.485682 -0.070348 -0.034138
v -1.033675 -0.165859 -0.034137
v -1.488680 -0.214123 -0.112237
v -1.039960 -0.279523 -0.112241
v -1.471811 -0.340147 -0.112235
v -1.023091 -0.405546 -0.112240
v -1.473996 -0.253084 -0.059592
v -1.023119 -0.336606 -0.059590
v -1.487054 -0.127692 -0.059592
v -1.036177 -0.211213 -0.059590
v -1.476099 -0.138031 -0.009287
v -1.023216 -0.245339 -0.009286
v -1.484097 -0.013707 -0.009286
v -1.031214 -0.121015 -0.009286
v -1.475502 -0.176167 0.061717
v -1.023177 -0.275617 0.061717
v -1.485179 -0.051459 0.061717
v -1.032854 -0.150910 0.061717
v -1.476401 -0.115789 -0.041839
v -1.023242 -0.227666 -0.041839
v -1.483420 0.008298 -0.041839
v -1.030261 -0.103578 -0.041839
v -1.475752 -0.160912 0.075917
v -1.023191 -0.263509 0.075917
v -1.484758 -0.036354 0.075917
v -1.032197 -0.138951 0.075918
v -1.475223 -0.192058 -0.066690
v -1.023162 -0.288226 -0.066690
v -1.485600 -0.067199 -0.066690
v -1.033538 -0.163367 -0.066690
v -1.474245 -0.241642 -0.102192
v -1.023126 -0.327539 -0.102192
v -1.486801 -0.116344 -0.102192
v -1.035681 -0.202241 -0.102192
v -1.474499 -0.229564 0.001363
v -1.023133 -0.317966 0.001364
v -1.486524 -0.104369 0.001364
v -1.035158 -0.192770 0.001365
v -1.476310 -0.122779 0.026215
v -1.023233 -0.233221 0.026215
v -1.483636 0.001384 0.026215
v -1.030560 -0.109058 0.026216
v -1.472814 -0.302659 -0.105744
v -1.023098 -0.375871 -0.105742
v -1.488045 -0.176889 -0.105743
v -1.038329 -0.250100 -0.105742
v -1.476249 -0.127228 0.068216
v -1.023228 -0.236756 0.068215
v -1.483772 -0.003018 0.068216
v -1.030751 -0.112546 0.068216
v -1.488569 -0.207180 -0.091522
v -1.039655 -0.274037 -0.091544
v -1.472005 -0.333159 -0.091516
v -1.023092 -0.400015 -0.091539
v -1.475872 -0.153284 0.019115
v -1.023199 -0.257453 0.019115
v -1.484541 -0.028803 0.019115
v -1.031869 -0.132972 0.019115
v -1.474880 -0.210493 -0.080290
v -1.023147 -0.302847 -0.080289
v -1.486066 -0.085465 -0.080290
v -1.034334 -0.177819 -0.080289
v -1.475084 -0.199686 -0.009888
v -1.023156 -0.294277 -0.009888
v -1.485795 -0.074757 -0.009888
v -1.033867 -0.169347 -0.009888
v -1.476360 -0.118966 -0.069639
v -1.023238 -0.230191 -0.069639
v -1.483519 0.005156 -0.069639
v -1.030397 -0.106069 -0.069639
v -1.474259 -0.241006 -0.066089
v -1.023126 -0.327035 -0.066089
v -1.486787 -0.115713 -0.066088
v -1.035654 -0.201742 -0.066088
v -1.476197 -0.131040 -0.056040
v -1.023224 -0.239785 -0.056040
v -1.483888 -0.006789 -0.056040
v -1.030914 -0.115535 -0.056040
v 0.012820 1.347069 -0.070811
v 0.119525 0.823583 -0.070811
v 0.119818 1.341763 -0.070811
v 0.226523 0.818277 -0.070811
v 0.010531 1.346763 -0.082439
v 0.117937 0.823243 -0.082439
v 0.117488 1.341659 -0.082439
v 0.224894 0.818139 -0.082439
v 0.065561 1.353779 -0.094067
v 0.156047 0.831444 -0.094067
v 0.173434 1.343834 -0.094067
v 0.263920 0.821499 -0.094067
v 0.033825 1.349818 -0.067581
v 0.134083 0.826707 -0.067581
v 0.141189 1.342663 -0.067581
v 0.241447 0.819551 -0.067581
v 0.056766 1.352705 -0.032696
v 0.149963 0.830129 -0.032696
v 0.164503 1.343532 -0.032696
v 0.257700 0.820956 -0.032696
v 0.068248 1.354104 -0.063705
v 0.157905 0.831846 -0.063704
v 0.176161 1.343923 -0.063705
v 0.265819 0.821665 -0.063704
v 0.075140 1.354929 -0.017191
v 0.162671 0.832877 -0.017191
v 0.183157 1.344144 -0.017191
v 0.270687 0.822092 -0.017191
v 0.031144 1.349473 -0.055306
v 0.132226 0.826308 -0.055306
v 0.138463 1.342554 -0.055306
v 0.239544 0.819388 -0.055306
v -0.002805 1.344958 -0.075333
v 0.108682 0.821265 -0.075333
v 0.103906 1.341030 -0.075333
v 0.215393 0.817337 -0.075333
v 0.038410 1.350405 -0.098590
v 0.137258 0.827390 -0.098590
v 0.145851 1.342846 -0.098590
v 0.244699 0.819831 -0.098590
v 0.090842 1.356768 -0.080501
v 0.173524 0.835231 -0.080501
v 0.199083 1.344607 -0.080501
v 0.281764 0.823071 -0.080501
v 0.118842 1.359908 -0.102466
v 0.192865 0.839440 -0.102466
v 0.227451 1.345302 -0.102466
v 0.301473 0.824834 -0.102466
v 0.004055 1.345892 0.017694
v 0.113444 0.822282 0.017694
v 0.110894 1.341359 0.017694
v 0.220283 0.817749 0.017694
v 0.095832 1.357341 -0.086961
v 0.176971 0.835980 -0.086961
v 0.204141 1.344744 -0.086961
v 0.285280 0.823383 -0.086961
v 0.077049 1.355155 -0.016545
v 0.163990 0.833163 -0.016545
v 0.185093 1.344203 -0.016545
v 0.272034 0.822211 -0.016545
v 0.017399 1.347677 -0.008793
v 0.122700 0.824263 -0.008793
v 0.124479 1.341968 -0.008793
v 0.229780 0.818554 -0.008793
v 0.127661 1.360860 -0.090191
v 0.198955 0.840768 -0.090191
v 0.236377 1.345486 -0.090191
v 0.307670 0.825395 -0.090191
v 0.047197 1.351515 -0.086315
v 0.143341 0.828700 -0.086315
v 0.154781 1.343184 -0.086315
v 0.250926 0.820368 -0.086315
v 0.049491 1.351802 -0.063058
v 0.144929 0.829043 -0.063058
v 0.157113 1.343269 -0.063058
v 0.252551 0.820509 -0.063058
v 0.008243 1.346457 0.041597
v 0.116350 0.822904 0.041597
v 0.115159 1.341554 0.041597
v 0.223265 0.818001 0.041597
v 0.074751 1.354883 -0.109572
v 0.162402 0.832819 -0.109572
v 0.182761 1.344131 -0.109572
v 0.270412 0.822068 -0.109572
v 0.008631 1.346509 0.079712
v 0.116619 0.822961 0.079712
v 0.115554 1.341572 0.079712
v 0.223541 0.818024 0.079712
v 0.256693 1.350757 0.047609
v 0.318533 0.832115 0.047609
v 0.365748 1.332734 0.047609
v 0.427588 0.814092 0.047609
v 0.259744 1.351088 -0.020115
v 0.322948 0.832223 -0.020115
v 0.368753 1.333446 -0.020115
v 0.431957 0.814581 -0.020115
v 0.286712 1.353826 0.023843
v 0.361961 0.833195 0.023843
v 0.395270 1.339565 0.023843
v 0.470519 0.818934 0.023843
v 0.289768 1.354114 0.035748
v 0.366378 0.833307 0.035748
v 0.398271 1.340238 0.035748
v 0.474881 0.819430 0.035748
v 0.270028 1.352173 0.039574
v 0.337831 0.832590 0.039574
v 0.378875 1.335819 0.039574
v 0.446678 0.816236 0.039574
v 0.280036 1.353180 -0.006266
v 0.352308 0.832951 -0.006266
v 0.388714 1.338082 -0.006266
v 0.460986 0.817853 -0.006266
v 0.253360 1.350390 -0.012948
v 0.313709 0.831998 -0.012948
v 0.362465 1.331950 -0.012948
v 0.422813 0.813557 -0.012948
v 0.268078 1.351971 0.051648
v 0.335010 0.832520 0.051648
v 0.376956 1.335373 0.051648
v 0.443888 0.815922 0.051648
v 0.306478 1.355614 -0.048237
v 0.390514 0.833928 -0.048237
v 0.414657 1.343838 -0.048237
v 0.498694 0.822151 -0.048237
v 0.261693 1.351298 -0.043564
v 0.325769 0.832292 -0.043564
v 0.370672 1.333899 -0.043564
v 0.434748 0.814894 -0.043564
v 0.296449 1.354730 -0.002396
v 0.376032 0.833553 -0.002396
v 0.404826 1.341693 -0.002396
v 0.484409 0.820516 -0.002396
v 0.324892 1.357115 -0.075400
v 0.417070 0.834628 -0.075400
v 0.432681 1.347652 -0.075400
v 0.524859 0.825165 -0.075400
v 0.253078 1.350359 -0.050225
v 0.313300 0.831988 -0.050225
v 0.362187 1.331883 -0.050225
v 0.422408 0.813512 -0.050225
v 0.283091 1.353478 0.005638
v 0.356725 0.833062 0.005638
v 0.391714 1.338763 0.005638
v 0.465349 0.818347 0.005638
v 0.268362 1.352001 -0.081709
v 0.335419 0.832530 -0.081708
v 0.377235 1.335437 -0.081708
v 0.444293 0.815968 -0.081708
v 0.320150 1.356744 -0.049329
v 0.410236 0.834446 -0.049329
v 0.428043 1.346686 -0.049329
v 0.518129 0.824387 -0.049329
v 0.258078 1.350908 -0.111064
v 0.320536 0.832164 -0.111063
v 0.367112 1.333057 -0.111064
v 0.429570 0.814314 -0.111063
v 0.258360 1.350939 -0.104121
v 0.320945 0.832174 -0.104121
v 0.367390 1.333123 -0.104121
v 0.429975 0.814359 -0.104121
v 0.275032 1.352682 -0.051599
v 0.345070 0.832770 -0.051599
v 0.383795 1.336956 -0.051599
v 0.453833 0.817044 -0.051599
v 0.293391 1.354451 -0.031364
v 0.371614 0.833440 -0.031364
v 0.401826 1.341030 -0.031364
v 0.480049 0.820019 -0.031364
v 0.276699 1.352850 0.069684
v 0.347483 0.832830 0.069684
v 0.385434 1.337333 0.069684
v 0.456217 0.817313 0.069684
v 0.286429 1.353799 -0.024809
v 0.361552 0.833184 -0.024809
v 0.394993 1.339503 -0.024809
v 0.470115 0.818889 -0.024809
v 0.318191 1.356588 -0.078966
v 0.407413 0.834371 -0.078966
v 0.426126 1.346283 -0.078966
v 0.515347 0.824066 -0.078966
v 0.283373 1.353505 0.054291
v 0.357135 0.833073 0.054291
v 0.391992 1.338826 0.054291
v 0.465753 0.818393 0.054291
v 0.288382 1.353984 -0.036883
v 0.364374 0.833256 -0.036883
v 0.396910 1.339934 -0.036883
v 0.472902 0.819205 -0.036883
v 0.251694 1.350205 0.108448
v 0.311297 0.831939 0.108448
v 0.360822 1.331557 0.108448
v 0.420425 0.813291 0.108448
v 0.276417 1.352821 0.021031
v 0.347073 0.832820 0.021031
v 0.385156 1.337269 0.021031
v 0.455813 0.817268 0.021031
v 0.300075 1.355055 -0.094155
v 0.381268 0.833688 -0.094155
v 0.408381 1.342474 -0.094155
v 0.489575 0.821107 -0.094155
v 0.333559 1.357768 -0.057364
v 0.429552 0.834964 -0.057364
v 0.441152 1.349392 -0.057364
v 0.537145 0.826589 -0.057364
v 0.284760 1.353639 -0.115757
v 0.359138 0.833123 -0.115757
v 0.393355 1.339134 -0.115757
v 0.467732 0.818618 -0.115757
v 0.340273 1.358249 -0.072757
v 0.439211 0.835227 -0.072757
v 0.447709 1.350715 -0.072757
v 0.546647 0.827694 -0.072757
v 0.273081 1.352485 -0.039526
v 0.342248 0.832700 -0.039526
v 0.381877 1.336514 -0.039526
v 0.451044 0.816729 -0.039526
v 0.256410 1.350726 0.010332
v 0.318124 0.832105 0.010332
v 0.365470 1.332667 0.010332
v 0.427183 0.814046 0.010332
v 0.305089 1.355495 -0.003320
v 0.388510 0.833875 -0.003320
v 0.413296 1.343544 -0.003320
v 0.496717 0.821924 -0.003320
v 0.316801 1.356475 -0.109886
v 0.405408 0.834318 -0.109886
v 0.424766 1.345996 -0.109886
v 0.513372 0.823839 -0.109886
v 0.254744 1.350543 0.071058
v 0.315712 0.832046 0.071058
v 0.363828 1.332276 0.071058
v 0.424796 0.813779 0.071058
vn -0.4199 0.9071 0.0300
vn -0.4085 0.8898 0.2037
vn -0.3717 0.8204 0.4345
vn -0.3271 0.7312 0.5987
vn -0.3062 0.6887 0.6572
vn -0.4186 0.8966 -0.1446
vn -0.3953 0.8364 -0.3797
vn -0.3604 0.7537 -0.5496
vn -0.3430 0.7136 -0.6109
vn 0.4199 -0.9071 -0.0300
vn 0.4086 -0.8900 -0.2023
vn 0.3715 -0.8200 -0.4354
vn 0.3267 -0.7304 -0.5998
vn 0.4086 -0.8900 -0.2024
vn 0.3059 -0.6880 -0.6581
vn 0.4186 -0.8968 0.1433
vn 0.3601 -0.7530 0.5507
vn 0.3952 -0.8360 0.3807
vn 0.3427 -0.7129 0.6118
vn 0.9071 0.4206 -0.0180
vn 0.2888 -0.5906 0.7535
vn 0.2440 -0.5603 -0.7915
vn 0.0422 0.9730 0.2269
vn -0.0399 0.9962 0.0771
vn -0.0589 0.9787 0.1966
vn -0.0378 0.9982 -0.0463
vn 0.0647 0.9939 0.0890
vn 0.0672 0.9963 -0.0535
vn 0.2632 0.9625 -0.0655
vn 0.3492 0.9297 0.1169
vn 0.3529 0.9330 -0.0703
vn -0.2779 0.9553 -0.1013
vn -0.3063 0.9516 -0.0248
vn -0.2698 0.9625 -0.0279
vn -0.1735 0.9842 -0.0362
vn 0.1391 0.9572 0.2536
vn 0.2309 0.9328 0.2769
vn 0.1649 0.9813 0.0997
vn 0.2599 0.9595 0.1089
vn 0.1678 0.9840 -0.0600
vn 0.4375 0.8961 -0.0744
vn 0.5173 0.8460 0.1295
vn 0.5216 0.8496 -0.0779
vn -0.0526 0.9845 -0.1674
vn 0.3171 0.9008 0.2967
vn 0.3984 0.8620 0.3134
vn 0.4335 0.8926 0.1236
vn 0.6085 0.7894 -0.0808
vn 0.6899 0.7110 0.1364
vn 0.6952 0.7141 -0.0823
vn 0.1476 0.9651 -0.2162
vn -0.1893 0.9698 0.1538
vn -0.0936 0.9472 0.3065
vn 0.5613 0.7560 0.3368
vn 0.4788 0.8146 0.3272
vn 0.6037 0.7858 0.1342
vn 0.7729 0.6292 -0.0816
vn 0.8192 0.5585 0.1300
vn 0.8241 0.5609 -0.0792
vn 0.3277 0.9103 -0.2531
vn 0.6424 0.6874 0.3390
vn 0.7169 0.6143 0.3298
vn 0.7676 0.6267 0.1347
vn 0.4915 0.8248 -0.2794
vn 0.7713 0.5564 0.3092
vn 0.7974 0.5292 0.2901
vn 0.8371 0.5327 0.1242
vn 0.6593 0.6923 -0.2935
vn -0.3075 0.9507 0.0412
vn -0.2814 0.9522 0.1192
vn -0.2709 0.9615 0.0465
vn -0.7553 0.6345 -0.1639
vn -0.7138 0.6969 -0.0697
vn -0.7004 0.7054 -0.1092
vn -0.1751 0.9827 0.0602
vn 0.7878 0.5552 -0.2667
vn 0.4829 0.7060 0.5180
vn 0.4414 0.5851 0.6803
vn 0.5530 0.6490 0.5225
vn -0.4093 0.9105 -0.0594
vn -0.5046 0.8633 -0.0070
vn -0.4039 0.9146 -0.0164
vn -0.7758 0.6223 -0.1045
vn -0.7212 0.6922 -0.0272
vn -0.4420 0.8854 0.1442
vn -0.3967 0.8797 0.2623
vn -0.3633 0.9058 0.2182
vn 0.6172 0.5949 0.5149
vn 0.6678 0.5558 0.4951
vn 0.6977 0.5363 0.4750
vn -0.5709 0.7530 0.3273
vn -0.6095 0.7650 0.2078
vn -0.6169 0.7220 0.3133
vn -0.7869 0.6157 -0.0408
vn -0.7220 0.6917 0.0164
vn -0.1421 0.9044 0.4024
vn -0.2154 0.9464 0.2408
vn -0.2523 0.9140 0.3177
vn -0.5128 0.7935 -0.3276
vn -0.5112 0.8339 -0.2079
vn -0.4677 0.8262 -0.3141
vn -0.3143 0.9451 -0.0898
vn 0.0015 0.9356 0.3531
vn 0.3655 -0.7703 0.5225
vn 0.5670 -0.8237 -0.0000
vn 0.4371 -0.7184 0.5412
vn 0.0925 0.9145 0.3938
vn 0.1787 0.8855 0.4290
vn 0.2597 0.8497 0.4588
vn 0.3358 0.8082 0.4838
vn 0.4095 0.7604 0.5041
vn -0.0552 0.8850 0.4622
vn 0.1073 0.8224 0.5587
vn 0.0282 0.8572 0.5142
vn 0.1817 0.7820 0.5962
vn 0.2515 0.7370 0.6273
vn 0.3179 0.6877 0.6526
vn 0.3817 0.6354 0.6713
vn -0.2021 0.8531 0.4810
vn 0.4971 0.5424 0.6773
vn 0.5444 0.5153 0.6619
vn 0.5755 0.5025 0.6451
vn -0.3298 0.9107 0.2487
vn -0.3366 0.9271 0.1652
vn -0.3012 0.9350 0.1875
vn 0.2685 0.5504 0.7906
vn 0.1879 0.4099 0.8926
vn 0.3175 0.5039 0.8033
vn -0.4833 0.8543 -0.1910
vn -0.4255 0.8576 -0.2888
vn -0.4115 0.9087 0.0697
vn -0.3177 0.9423 0.1054
vn 0.3588 0.4736 0.8043
vn 0.4117 0.4586 0.7875
vn 0.3979 0.4572 0.7954
vn -0.3663 0.8806 0.3005
vn -0.2986 0.8746 0.3819
vn -0.2714 0.7965 0.5403
vn -0.3529 0.8304 0.4311
vn -0.3560 0.9116 -0.2058
vn -0.4205 0.9018 -0.0998
vn -0.3311 0.9314 -0.1509
vn -0.1247 0.8251 0.5510
vn -0.0502 0.7898 0.6113
vn 0.0209 0.7488 0.6625
vn 0.0881 0.7034 0.7053
vn 0.1515 0.6547 0.7405
vn 0.2117 0.6032 0.7690
vn -0.2044 0.7596 0.6175
vn -0.0764 0.6693 0.7390
vn -0.1392 0.7166 0.6834
vn -0.0165 0.6190 0.7852
vn 0.0405 0.5666 0.8230
vn 0.0946 0.5127 0.8534
vn 0.1453 0.4585 0.8767
vn -0.2359 0.6411 0.7303
vn 0.2195 0.3771 0.8998
vn 0.2489 0.3695 0.8953
vn -0.4097 0.8463 0.3405
vn -0.4356 0.8500 0.2961
vn -0.3475 0.7373 0.5794
vn -0.4134 0.7835 0.4640
vn -0.6382 0.7458 0.1910
vn -0.6607 0.6934 0.2875
vn -0.3878 0.8865 -0.2523
vn -0.4371 0.8891 -0.1360
vn 0.0953 0.2637 0.9599
vn 0.0590 0.3075 0.9497
vn 0.1989 0.2286 0.9530
vn 0.2871 0.3988 0.8710
vn -0.4584 0.8094 0.3671
vn -0.4786 0.8182 0.3186
vn -0.4282 0.6778 0.5976
vn -0.4782 0.7359 0.4793
vn -0.4047 0.9140 0.0272
vn -0.7714 -0.1498 0.6185
vn -0.8142 -0.0171 0.5803
vn -0.7537 -0.1025 0.6492
vn -0.2915 0.6915 0.6609
vn -0.0145 0.1231 0.9923
vn 0.1214 0.2396 0.9633
vn -0.1814 0.5877 0.7885
vn -0.1286 0.5325 0.8366
vn -0.0778 0.4763 0.8758
vn -0.0290 0.4194 0.9073
vn 0.0172 0.3621 0.9320
vn -0.2916 0.5066 0.8114
vn -0.3378 0.5659 0.7521
vn -0.2006 0.3866 0.9002
vn -0.2458 0.4466 0.8603
vn -0.1564 0.3256 0.9325
vn -0.1162 0.2606 0.9584
vn -0.0855 0.1883 0.9784
vn -0.0571 0.1421 0.9882
vn -0.4048 0.4279 0.8081
vn 0.0401 0.0855 0.9955
vn -0.5106 0.7716 0.3794
vn -0.5243 0.7854 0.3291
vn -0.5451 0.6897 0.4766
vn -0.5593 0.7609 -0.3289
vn -0.6021 0.7701 -0.2108
vn -0.5717 0.7910 -0.2179
vn -0.3836 0.6235 0.6812
vn -0.1084 0.1046 0.9886
vn -0.1676 0.0804 0.9826
vn -0.5644 0.7345 0.3768
vn -0.6112 0.6469 0.4561
vn -0.5114 0.6200 0.5950
vn -0.7004 0.6683 0.2508
vn -0.6866 0.7142 0.1360
vn -0.7344 0.6472 0.2043
vn 0.5837 -0.6198 0.5246
vn 0.6555 -0.5749 0.4898
vn -0.4786 0.5576 0.6783
vn -0.4426 0.4930 0.7490
vn -0.3659 0.3631 0.8569
vn -0.3260 0.2977 0.8973
vn -0.2836 0.2237 0.9325
vn -0.2423 0.1334 0.9610
vn -0.2065 0.0470 0.9773
vn -0.2140 0.0532 0.9754
vn -0.4893 0.2804 0.8258
vn -0.3575 0.0463 0.9328
vn -0.4171 0.1282 0.8998
vn -0.2880 -0.0180 0.9575
vn -0.3029 0.0154 0.9529
vn -0.6293 0.2774 0.7259
vn -0.5193 0.3521 0.7787
vn -0.2545 0.0718 0.9644
vn -0.6715 0.6107 0.4197
vn -0.5942 0.5657 0.5718
vn -0.6173 0.6997 0.3596
vn -0.1851 0.1215 0.9752
vn -0.5185 0.8287 0.2109
vn -0.4242 0.8990 0.1092
vn 0.9918 -0.0650 0.1102
vn 0.9431 0.1350 0.3038
vn 0.9563 -0.0860 0.2795
vn -0.5734 0.4955 0.6524
vn -0.5479 0.4240 0.7211
vn -0.6672 0.6685 0.3284
vn -0.4574 0.2085 0.8645
vn -0.6712 0.5178 0.5305
vn -0.5117 0.8581 -0.0423
vn -0.6632 0.4396 0.6057
vn -0.6489 0.3595 0.6706
vn -0.6056 0.1970 0.7710
vn -0.5792 0.1216 0.8060
vn -0.5471 0.0487 0.8356
vn -0.4728 -0.0348 0.8805
vn -0.5118 -0.0174 0.8589
vn -0.3252 0.0324 0.9451
vn -0.7117 0.1301 0.6903
vn -0.7270 0.5779 0.3708
vn -0.6648 -0.0367 0.7461
vn -0.6394 -0.1264 0.7584
vn -0.5788 -0.0496 0.8139
vn -0.7123 0.6416 0.2845
vn -0.7781 0.5490 0.3052
vn -0.7450 0.4736 0.4697
vn -0.5793 0.7857 0.2169
vn -0.7493 0.3883 0.5364
vn -0.7452 0.3015 0.5948
vn -0.7323 0.2142 0.6464
vn -0.7506 0.6192 0.2305
vn -0.6882 0.0487 0.7238
vn -0.8125 0.4360 0.3870
vn -0.8277 0.3455 0.4423
vn -0.8329 0.2552 0.4910
vn -0.8287 0.1658 0.5345
vn -0.8165 0.0733 0.5726
vn -0.7612 0.6310 0.1497
vn -0.7778 -0.1380 0.6132
vn -0.7288 -0.2998 0.6156
vn -0.7503 -0.2366 0.6173
vn -0.7250 -0.3264 0.6064
vn -0.6352 -0.1797 0.7512
vn -0.7562 -0.2986 0.5823
vn -0.7191 -0.2038 0.6644
vn -0.6661 -0.2132 0.7147
vn -0.8178 -0.3498 0.4570
vn -0.8041 -0.2128 0.5551
vn -0.7990 -0.0292 0.6006
vn -0.8202 0.5261 0.2246
vn -0.8625 -0.2168 0.4572
vn -0.7266 0.6520 -0.2167
vn -0.6815 0.7175 -0.1442
vn -0.7794 0.6201 0.0890
vn -0.7882 0.6149 0.0246
vn -0.8009 -0.3877 0.4563
vn -0.8104 -0.3654 0.4579
vn -0.9517 -0.1393 0.2735
vn -0.8894 -0.0993 0.4461
vn -0.6057 0.7295 -0.3179
vn -0.6313 0.7504 -0.1958
vn -0.8813 -0.3524 0.3149
vn -0.8600 -0.2226 0.4592
vn -0.8620 -0.4127 0.2944
vn -0.8497 0.5103 0.1330
vn -0.8677 0.4068 0.2857
vn -0.7798 0.6029 0.1684
vn 0.4537 -0.7067 -0.5429
vn 0.5271 -0.6567 -0.5393
vn -0.8919 0.3121 0.3272
vn -0.9057 0.2179 0.3636
vn -0.9102 0.1237 0.3953
vn -0.9056 0.0204 0.4237
vn -0.7995 0.5924 0.0995
vn -0.8335 -0.3072 0.4592
vn -0.9064 0.3867 0.1701
vn -0.9372 0.2890 0.1955
vn -0.9569 0.1919 0.2178
vn -0.9668 0.0945 0.2376
vn -0.9665 -0.0136 0.2563
vn -0.8637 0.5027 0.0368
vn -0.9224 -0.2611 0.2845
vn -0.8902 -0.3535 0.2873
vn -0.8672 -0.4070 0.2868
vn -0.9378 -0.3316 0.1032
vn -0.9198 -0.2081 0.3327
vn -0.9087 -0.4074 0.0907
vn -0.9558 -0.2833 0.0791
vn -0.9035 -0.4205 0.0831
vn 0.3843 -0.4599 0.8005
vn 0.5101 -0.6679 0.5419
vn -0.9470 0.0222 0.3204
vn -0.8794 0.3052 0.3653
vn -0.8978 0.0143 0.4401
vn -0.8073 0.5883 -0.0458
vn -0.8087 0.5876 0.0275
vn -0.9251 0.3769 0.0471
vn -0.9592 0.2776 0.0541
vn -0.9820 0.1789 0.0603
vn -0.9946 0.0799 0.0658
vn -0.9970 -0.0303 0.0710
vn -0.9844 -0.1589 0.0759
vn -0.9906 0.0820 -0.1095
vn -0.9784 0.1808 -0.1003
vn -0.9232 -0.3759 0.0807
vn -0.9796 -0.1560 -0.1263
vn -0.9926 -0.0279 -0.1182
vn -0.9182 -0.3727 -0.1340
vn -0.9509 -0.2801 -0.1317
vn -0.9002 -0.4098 -0.1474
vn -0.8976 -0.4191 -0.1370
vn -0.9347 0.0217 -0.3548
vn -0.8681 0.3076 -0.3896
vn -0.9121 0.2911 -0.2888
vn -0.5416 0.8365 0.0834
vn -0.4900 0.8494 0.1959
vn -0.8854 0.0102 -0.4647
vn -0.9047 -0.2118 -0.3698
vn -0.8450 -0.2234 -0.4858
vn -0.8617 0.5038 -0.0612
vn -0.7042 0.7029 0.0997
vn -0.8527 -0.0039 0.5223
vn -0.8296 0.2167 0.5146
vn -0.8267 -0.0115 0.5625
vn -0.9224 0.3783 -0.0783
vn 0.0496 0.9799 -0.1933
vn -0.9941 0.0275 0.1053
vn -0.9226 0.2849 0.2600
vn -0.9762 -0.1858 0.1115
vn -0.8412 0.2968 0.4520
vn -0.7719 0.3576 0.5257
vn -0.8392 0.1352 0.5268
vn -0.7559 0.4541 0.4716
vn -0.7156 0.5453 0.4365
vn -0.8373 0.1335 -0.5302
vn -0.8241 -0.0078 -0.5664
vn -0.8165 -0.0161 -0.5772
vn -0.7679 -0.1259 -0.6281
vn -0.7551 -0.1011 -0.6478
vn -0.6970 0.5239 -0.4896
vn -0.7560 0.4072 -0.5125
vn -0.7491 0.3299 -0.5745
vn -0.8686 0.4598 0.1848
vn -0.8014 0.5498 0.2355
vn -0.8214 0.5003 0.2740
vn -0.8328 0.1875 -0.5209
vn -0.6501 -0.1621 -0.7423
vn -0.6842 -0.1062 -0.7215
vn -0.7088 -0.1719 -0.6841
vn -0.7657 0.5193 0.3795
vn -0.7249 0.5930 0.3506
vn -0.1846 0.9741 -0.1309
vn -0.9077 0.4161 0.0546
vn -0.8525 0.5010 0.1491
vn -0.9620 0.2606 0.0816
vn -0.2954 0.9400 -0.1709
vn 0.2405 0.9415 -0.2361
vn -0.0835 0.9563 -0.2802
vn 0.4100 0.8720 -0.2674
vn 0.1059 0.9268 -0.3604
vn 0.5753 0.7656 -0.2880
vn 0.2762 0.8643 -0.4204
vn 0.7317 0.6188 -0.2858
vn 0.4294 0.7759 -0.4622
vn 0.8114 0.5277 -0.2511
vn 0.8407 0.5361 -0.0757
vn 0.5820 0.6594 -0.4759
vn 0.5055 0.7204 -0.4749
vn 0.4698 0.6035 -0.6442
vn 0.6988 0.5588 -0.4466
vn -0.6643 0.7286 0.1667
vn 0.6457 0.6048 -0.4662
vn -0.2434 -0.9678 0.0643
vn -0.4612 -0.8786 -0.1240
vn -0.2401 -0.9648 -0.1069
vn 0.3423 0.7073 -0.6185
vn 0.3538 0.8235 -0.4435
vn 0.7290 0.5368 -0.4248
vn -0.2078 0.9531 -0.2198
vn -0.1288 0.9160 -0.3800
vn 0.5744 0.5284 -0.6252
vn 0.0133 0.9463 -0.3229
vn 0.9854 0.1526 -0.0757
vn 0.9002 0.4097 0.1476
vn 0.9805 0.1516 0.1248
vn -0.3218 0.9174 -0.2342
vn 0.1937 0.8990 -0.3929
vn 0.0457 0.8726 -0.4862
vn -0.0397 0.8987 -0.4368
vn 0.2028 0.8002 -0.5644
vn 0.1267 0.8394 -0.5286
vn -0.1862 0.8665 -0.4631
vn -0.2421 0.9228 -0.2996
vn 0.2743 0.7561 -0.5942
vn -0.0294 0.8074 -0.5893
vn 0.4080 0.6549 -0.6361
vn 0.1127 0.7238 -0.6807
vn 0.5270 0.5584 -0.6406
vn 0.2395 0.6250 -0.7430
vn 0.6047 0.5144 -0.6080
vn 0.3502 0.5250 -0.7757
vn 0.2198 0.4348 -0.8733
vn 0.2981 0.5723 -0.7639
vn 0.4384 0.4685 -0.7670
vn -0.4583 0.8730 -0.1668
vn 0.3961 0.4914 -0.7757
vn -0.3565 0.8886 -0.2885
vn 0.4512 0.4721 -0.7574
vn -0.2863 0.8850 -0.3671
vn -0.2533 0.8110 -0.5274
vn 0.2867 0.3987 -0.8711
vn -0.1063 0.8408 -0.5308
vn -0.3983 0.8552 -0.3317
vn 0.0437 0.7679 -0.6391
vn 0.1777 0.6760 -0.7151
vn -0.1161 0.7353 -0.6678
vn 0.0105 0.6404 -0.7679
vn -0.1837 0.7763 -0.6030
vn 0.1245 0.5357 -0.8352
vn -0.0512 0.6895 -0.7224
vn -0.3279 0.7522 -0.5715
vn -0.3387 0.8418 -0.4203
vn 0.0690 0.5889 -0.8052
vn -0.2111 0.6600 -0.7210
vn 0.1765 0.4821 -0.8582
vn -0.1000 0.5542 -0.8264
vn 0.2528 0.4042 -0.8790
vn 0.0025 0.4429 -0.8966
vn 0.3136 0.4222 -0.8505
vn 0.0923 0.3337 -0.9382
vn 0.1526 0.2706 -0.9505
vn 0.1267 0.2928 -0.9477
vn -0.4458 0.8188 -0.3618
vn 0.1950 0.2431 -0.9502
vn -0.0529 0.2210 -0.9738
vn 0.0500 0.3866 -0.9209
vn -0.3978 0.7953 -0.4574
vn -0.4077 0.6926 -0.5950
vn 0.0210 0.1500 -0.9885
vn -0.2692 0.7086 -0.6522
vn -0.4973 0.7810 -0.3777
vn -0.1546 0.6081 -0.7786
vn -0.0477 0.4989 -0.8653
vn -0.3119 0.5845 -0.7490
vn -0.2161 0.4679 -0.8569
vn -0.2637 0.5267 -0.8081
vn -0.1254 0.3472 -0.9294
vn -0.1697 0.4086 -0.8968
vn -0.4163 0.5109 -0.7521
vn -0.3603 0.6404 -0.6783
vn -0.0863 0.2830 -0.9552
vn -0.3356 0.3837 -0.8603
vn -0.0161 0.1730 -0.9848
vn -0.2500 0.2483 -0.9359
vn 0.0756 0.1022 -0.9919
vn 0.1765 0.1814 -0.9674
vn -0.1881 0.0911 -0.9779
vn -0.4617 0.7478 -0.4772
vn -0.4905 0.6342 -0.5976
vn -0.1257 0.0790 -0.9889
vn -0.5509 0.7436 -0.3788
vn -0.0687 0.0879 -0.9938
vn -0.5283 0.7010 -0.4790
vn -0.5951 0.6570 -0.4628
vn -0.5739 0.5787 -0.5794
vn -0.1703 0.0665 -0.9832
vn -0.2500 0.0785 -0.9651
vn -0.2985 0.0369 -0.9537
vn -0.5410 0.8125 -0.2169
vn -0.6910 0.6741 -0.2609
vn -0.4547 0.5738 -0.6812
vn -0.6042 0.7082 -0.3653
vn -0.3763 0.4473 -0.8114
vn -0.2941 0.3198 -0.9007
vn -0.5500 0.5105 -0.6610
vn -0.5218 0.4408 -0.7304
vn -0.2096 0.1651 -0.9638
vn -0.4907 0.3708 -0.7884
vn -0.4582 0.3012 -0.8363
vn -0.4239 0.2311 -0.8757
vn -0.3799 0.1538 -0.9122
vn -0.2678 -0.0095 -0.9634
vn -0.3202 0.0640 -0.9452
vn -0.6025 0.2960 -0.7412
vn -0.5780 0.2176 -0.7865
vn -0.5511 0.1427 -0.8222
vn -0.5196 0.0680 -0.8517
vn -0.1829 0.1207 -0.9757
vn -0.6568 0.6193 -0.4302
vn -0.6523 0.5294 -0.5425
vn -0.4222 -0.0596 -0.9046
vn -0.5486 0.8072 0.2179
vn -0.5537 0.8278 0.0898
vn -0.5666 0.8188 0.0929
vn -0.6501 0.7002 -0.2950
vn -0.6551 0.6759 -0.3375
vn -0.6411 0.4532 -0.6194
vn -0.6240 0.3753 -0.6854
vn -0.7015 0.6481 -0.2965
vn -0.7137 0.5857 -0.3841
vn -0.7272 0.4841 -0.4867
vn -0.7285 0.4004 -0.5559
vn -0.7219 0.3147 -0.6163
vn -0.4751 -0.0090 -0.8799
vn -0.7073 0.2276 -0.6692
vn -0.6856 0.1439 -0.7137
vn -0.4063 -0.0145 -0.9136
vn -0.2667 -0.0213 -0.9635
vn -0.6608 0.0651 -0.7477
vn -0.6350 -0.0136 -0.7724
vn -0.6066 -0.0951 -0.7893
vn -0.5978 -0.1340 -0.7903
vn -0.8052 0.1777 -0.5657
vn -0.7905 0.0886 -0.6060
vn -0.5733 0.0127 -0.8193
vn -0.7718 -0.0075 -0.6358
vn -0.7514 -0.1122 -0.6502
vn -0.7660 0.5557 -0.3232
vn -0.7965 0.4447 -0.4097
vn -0.7032 -0.2772 -0.6548
vn -0.6581 0.7327 -0.1734
vn -0.4642 0.8686 0.1734
vn -0.7419 0.6242 -0.2448
vn -0.8091 0.3554 -0.4681
vn -0.8120 0.2660 -0.5196
vn -0.7733 0.6065 -0.1848
vn -0.8106 0.5314 -0.2462
vn -0.8553 0.4133 -0.3126
vn -0.8774 0.3195 -0.3578
vn -0.8894 0.2262 -0.3973
vn -0.7239 -0.2142 -0.6558
vn -0.8921 0.1330 -0.4318
vn -0.8862 0.0316 -0.4622
vn -0.7117 -0.2996 -0.6354
vn -0.7440 -0.2855 -0.6040
vn -0.7937 -0.2017 -0.5739
vn -0.8703 -0.0856 -0.4851
vn -0.8449 -0.2018 -0.4955
vn -0.7941 -0.3501 -0.4967
vn -0.8012 -0.3438 -0.4898
vn -0.8163 -0.2927 -0.4979
vn -0.8475 -0.4097 -0.3376
vn -0.8653 -0.3543 -0.3546
vn -0.7838 -0.3768 -0.4935
vn 0.7234 -0.5344 0.4372
vn -0.9383 -0.1312 -0.3199
vn -0.9090 -0.2519 -0.3320
vn -0.8774 -0.3439 -0.3346
vn -0.8543 -0.3993 -0.3327
vn -0.8438 0.5134 -0.1564
vn -0.8985 0.3908 -0.1999
vn -0.9267 -0.3373 -0.1659
vn -0.9649 -0.1920 -0.1794
vn -0.7955 0.5945 -0.1172
vn -0.9279 0.2937 -0.2296
vn -0.9464 0.1972 -0.2557
vn -0.9551 0.1005 -0.2787
vn -0.9538 -0.0067 -0.3004
vn -0.9560 0.2793 -0.0900
vn -0.8815 0.4669 -0.0706
vn -0.8890 0.4560 0.0418
vn -0.9547 0.2650 -0.1351
vn 0.2973 -0.8220 0.4858
vn -0.9849 0.0248 -0.1713
vn -0.9002 0.4258 -0.0917
vn -0.8354 0.2851 -0.4700
vn -0.8442 -0.0083 -0.5359
vn -0.7527 0.5124 -0.4134
vn 0.6595 0.1908 -0.7271
vn 0.6884 0.1055 -0.7176
vn 0.7187 0.2041 -0.6647
vn -0.7046 0.5963 -0.3847
vn -0.8579 0.4700 -0.2076
vn -0.8416 0.5125 -0.1705
vn -0.2557 -0.9646 0.0653
vn -0.2523 -0.9615 -0.1086
vn 0.1016 -0.9818 0.1606
vn 0.0857 -0.9953 0.0454
vn -0.8075 0.5094 -0.2974
vn -0.7853 0.5623 -0.2593
vn -0.1580 -0.8935 -0.4203
vn -0.2226 -0.9351 -0.2757
vn -0.2108 -0.9392 -0.2711
vn -0.4332 -0.8615 0.2648
vn -0.4653 -0.8820 0.0741
vn -0.2205 -0.9476 0.2312
vn -0.2324 -0.9438 0.2352
vn -0.3437 -0.8141 -0.4680
vn -0.4203 -0.8535 -0.3081
vn -0.1731 -0.9066 0.3847
vn -0.1848 -0.9017 0.3909
vn 0.0877 -0.9935 -0.0725
vn -0.7730 -0.6292 0.0816
vn -0.8193 -0.5585 -0.1301
vn -0.7669 -0.6273 -0.1357
vn -0.3653 -0.8265 0.4282
vn -0.7668 -0.5596 -0.3144
vn -0.7974 -0.5292 -0.2902
vn -0.8371 -0.5327 -0.1243
vn -0.8242 -0.5608 0.0792
vn -0.8407 -0.5361 0.0757
vn -0.7841 -0.5581 0.2714
vn -0.7333 -0.6146 0.2907
vn -0.0872 -0.8321 -0.5477
vn -0.1694 -0.8884 -0.4266
vn 0.9958 -0.0627 -0.0663
vn 0.8973 -0.4357 0.0705
vn 0.9532 -0.1177 0.2784
vn 0.8757 -0.4476 0.1810
vn 0.9650 -0.1113 -0.2374
vn 0.9118 -0.1129 -0.3947
vn 0.9679 -0.0791 -0.2385
vn -0.7153 -0.6121 -0.3372
vn -0.6226 -0.5959 -0.5073
vn -0.6668 -0.5614 -0.4900
vn -0.6971 -0.5362 -0.4759
vn -0.0023 -0.7601 -0.6498
vn -0.0971 -0.8264 -0.5546
vn -0.2443 -0.7507 -0.6138
vn 0.9932 -0.0962 -0.0659
vn 0.9891 -0.0984 0.1095
vn 0.0930 -0.6821 -0.7253
vn -0.0102 -0.7543 -0.6564
vn 0.7382 -0.5258 -0.4226
vn 0.6715 -0.5652 -0.4792
vn 0.2343 -0.8716 0.4306
vn 0.1427 -0.9468 -0.2885
vn 0.1075 -0.9767 -0.1860
vn -0.1347 -0.6749 -0.7255
vn -0.4971 -0.5423 -0.6773
vn -0.5444 -0.5152 -0.6620
vn -0.5754 -0.5024 -0.6454
vn 0.7154 -0.2450 0.6544
vn 0.5506 -0.1928 0.8122
vn 0.6084 -0.3208 0.7259
vn 0.3007 -0.5178 -0.8009
vn 0.3816 -0.7583 -0.5285
vn 0.1916 -0.5970 -0.7790
vn 0.7981 -0.4913 -0.3488
vn -0.3588 -0.4736 -0.8044
vn -0.4106 -0.4583 -0.7882
vn 0.0871 -0.6767 -0.7311
vn 0.1958 -0.6019 -0.7742
vn -0.0203 -0.5870 -0.8093
vn 0.8996 -0.4345 -0.0442
vn 0.1335 -0.9547 0.2661
vn 0.8473 -0.4635 -0.2595
vn 0.8822 -0.4441 -0.1563
vn 0.7053 -0.2546 0.6617
vn 0.6029 -0.3181 0.7317
vn 0.2481 -0.8605 -0.4450
vn 0.1906 -0.9070 -0.3756
vn -0.3976 -0.4574 -0.7954
vn 0.0950 -0.4934 -0.8646
vn -0.2195 -0.3771 -0.8998
vn -0.2487 -0.3691 -0.8955
vn 0.2346 -0.3842 -0.8929
vn 0.3050 -0.5166 -0.8001
vn 0.6004 -0.6092 -0.5180
vn -0.0953 -0.2638 -0.9599
vn 0.1788 -0.9168 0.3570
vn 0.4976 -0.3819 0.7788
vn -0.2870 -0.3986 -0.8710
vn -0.2009 -0.2217 -0.9542
vn -0.1214 -0.2396 -0.9633
vn 0.2732 -0.5374 0.7978
vn 0.1649 -0.6169 0.7696
vn 0.8371 -0.4691 0.2814
vn 0.3125 -0.8102 -0.4959
vn 0.3366 -0.2733 -0.9011
vn 0.0571 -0.1421 -0.9882
vn -0.0406 -0.0848 -0.9956
vn -0.1588 -0.1580 -0.9746
vn 0.4123 -0.4409 -0.7973
vn 0.5463 -0.3078 0.7790
vn 0.1958 -0.6522 0.7323
vn 0.5535 -0.3053 0.7749
vn 0.7852 -0.4985 0.3673
vn 0.1090 -0.1081 -0.9881
vn 0.0145 -0.1232 -0.9923
vn 0.6287 -0.3019 -0.7167
vn 0.7298 -0.2399 -0.6402
vn 0.4071 -0.4406 -0.8001
vn 0.5238 -0.3679 -0.7683
vn 0.2063 -0.0468 -0.9774
vn 0.1673 -0.0797 -0.9827
vn 0.6370 -0.3017 -0.7094
vn 0.4396 -0.2198 -0.8709
vn 0.5777 -0.1706 -0.7983
vn 0.3029 -0.0156 -0.9529
vn 0.2544 -0.0728 -0.9644
vn 0.4963 -0.3856 0.7778
vn 0.3826 -0.4579 0.8024
vn 0.1894 -0.1301 -0.9733
vn -0.1168 -0.8430 0.5250
vn 0.2775 -0.5384 0.7957
vn 0.5297 -0.3694 -0.7636
vn 0.7389 -0.2279 -0.6341
vn 0.2901 0.0314 -0.9565
vn 0.8314 -0.1644 -0.5308
vn 0.7214 -0.0335 -0.6917
vn 0.8221 0.0536 -0.5668
vn 0.8261 -0.1861 -0.5319
vn 0.9074 -0.1425 -0.3954
vn 0.7540 0.1018 -0.6490
vn 0.7712 0.1499 -0.6187
vn 0.4941 0.0039 -0.8694
vn 0.6730 -0.0475 -0.7381
vn 0.8144 0.0166 -0.5800
vn 0.9012 0.1038 -0.4209
vn 0.7251 0.3264 -0.6063
vn 0.7561 0.2984 -0.5824
vn 0.8041 0.2126 -0.5552
vn 0.8178 0.3497 -0.4571
vn 0.8600 0.2224 -0.4592
vn 0.8009 0.3877 -0.4564
vn 0.8813 0.3522 -0.3150
vn 0.9198 0.2079 -0.3328
vn 0.8620 0.4126 -0.2946
vn 0.9547 0.1417 -0.2616
vn 0.9378 0.3313 -0.1032
vn 0.9763 0.1854 -0.1112
vn 0.9088 0.4073 -0.0909
vn 0.8411 -0.2968 -0.4521
vn 0.8980 -0.0147 -0.4398
vn 0.8527 0.0036 -0.5223
vn 0.9470 -0.0225 -0.3203
vn 0.8795 -0.3051 -0.3653
vn 0.9226 -0.2848 -0.2602
vn -0.1062 -0.8486 0.5183
vn 0.0685 -0.7019 0.7090
vn -0.0331 -0.7730 0.6336
vn 0.0620 -0.6964 0.7150
vn 0.9347 -0.0220 0.3547
vn 0.8682 -0.3074 0.3896
vn 0.8855 -0.0105 0.4646
vn 0.9047 0.2116 0.3697
vn 0.8451 0.2231 0.4858
vn 0.7724 -0.3565 -0.5256
vn 0.8296 -0.2168 -0.5145
vn 0.8388 -0.1352 -0.5274
vn 0.9941 -0.0278 -0.1049
vn 0.9621 -0.2603 -0.0815
vn 0.8266 0.0115 -0.5626
vn 0.7577 -0.4579 -0.4649
vn 0.7157 -0.5504 -0.4300
vn 0.8369 -0.1334 0.5308
vn 0.8240 0.0079 0.5665
vn 0.8330 -0.1883 0.5203
vn 0.7677 0.1260 0.6283
vn 0.8167 0.0156 0.5769
vn 0.7554 0.1003 0.6475
vn 0.6970 -0.5332 0.4795
vn 0.7481 -0.3278 0.5769
vn 0.7579 -0.4154 0.5030
vn 0.8526 -0.5009 -0.1493
vn 0.9078 -0.4157 -0.0546
vn 0.8687 -0.4595 -0.1849
vn 0.8015 -0.5497 -0.2356
vn 0.7085 0.1723 0.6843
vn 0.8215 -0.5000 -0.2741
vn 0.7661 -0.5193 -0.3787
vn 0.7270 -0.5920 -0.3480
vn 0.6851 0.1064 0.7207
vn 0.6497 0.1627 0.7426
vn -0.6880 -0.1048 0.7181
vn -0.0248 -0.7789 0.6267
vn -0.8114 -0.5276 0.2514
vn -0.6517 -0.5985 0.4660
vn -0.1639 -0.6945 0.7005
vn -0.7286 -0.5369 0.4252
vn -0.2687 -0.7684 0.5809
vn -0.5320 -0.5571 0.6377
vn -0.6938 -0.5658 0.4456
vn -0.6046 -0.5142 0.6083
vn -0.4383 -0.4689 0.7668
vn -0.3961 -0.4914 0.7756
vn 0.8027 -0.1988 0.5623
vn 0.1694 -0.6221 0.7644
vn -0.5741 -0.5331 0.6215
vn -0.4503 -0.4722 0.7578
vn -0.0485 -0.6101 0.7908
vn -0.2869 -0.3986 0.8711
vn -0.2529 -0.4042 0.8790
vn 0.8890 -0.1525 0.4317
vn 0.0650 -0.5172 0.8534
vn -0.1267 -0.2928 0.9477
vn 0.1980 -0.4138 0.8886
vn -0.1973 -0.2363 0.9514
vn -0.1769 -0.1780 0.9680
vn -0.1527 -0.2707 0.9505
vn 0.3182 -0.2998 0.8994
vn 0.0161 -0.1730 0.9848
vn -0.0763 -0.1010 0.9920
vn 0.1254 -0.0786 0.9890
vn 0.1701 -0.0665 0.9832
vn -0.0211 -0.1500 0.9885
vn 0.8085 -0.1795 0.5605
vn 0.0685 -0.0890 0.9937
vn 0.2497 -0.0789 0.9651
vn 0.2975 -0.0365 0.9540
vn 0.4053 -0.2366 0.8830
vn 0.2665 0.0211 0.9636
vn 0.1871 -0.1291 0.9738
vn -0.6948 -0.7122 -0.1002
vn -0.8205 -0.5656 -0.0827
vn -0.8212 -0.5662 -0.0705
vn -0.3624 -0.9258 -0.1077
vn -0.6917 -0.7125 -0.1178
vn 0.6982 -0.0715 0.7123
vn 0.4100 0.0121 0.9120
vn 0.8939 -0.1240 0.4307
vn 0.7974 0.0380 0.6023
vn 0.7117 0.2996 0.6354
vn 0.8849 0.0907 0.4569
vn 0.7440 0.2855 0.6041
vn 0.7937 0.2015 0.5739
vn 0.8012 0.3437 0.4898
vn 0.8474 0.4096 0.3377
vn 0.8653 0.3542 0.3547
vn 0.7838 0.3768 0.4935
vn 0.9267 0.3370 0.1661
vn 0.8816 -0.4667 0.0708
vn 0.9004 -0.4253 0.0919
vn 0.9649 0.1916 0.1795
vn 0.9548 -0.2645 0.1353
vn 0.9849 -0.0250 0.1713
vn 0.9121 -0.2910 0.2888
vn 0.8442 0.0081 0.5360
vn 0.8353 -0.2851 0.4701
vn 0.7536 -0.5127 0.4113
vn 0.8064 0.0640 0.5879
vn 0.6638 0.2619 0.7006
vn 0.8328 0.0547 0.5508
vn 0.8580 -0.4697 0.2077
vn 0.8417 -0.5124 0.1706
vn 0.5365 -0.8421 0.0554
vn 0.5866 -0.8075 0.0619
vn 0.5347 -0.8433 0.0539
vn 0.6028 0.2447 0.7595
vn 0.6574 0.2592 0.7075
vn 0.5237 -0.8509 0.0407
vn 0.5277 -0.8490 -0.0252
vn 0.5278 -0.8489 -0.0261
vn 0.8077 -0.5090 0.2975
vn 0.7853 -0.5621 0.2594
vn 0.7097 -0.5943 0.3783
vn 0.5762 -0.8152 -0.0588
vn 0.6105 -0.7894 -0.0643
vn 0.6107 -0.7893 -0.0640
vn 0.6236 -0.7799 0.0540
vn 0.5874 -0.8068 0.0630
vn 0.5241 -0.8507 0.0401
vn 0.7478 -0.6637 -0.0175
vn 0.6227 -0.7806 0.0528
vn 0.7481 -0.6636 -0.0075
vn 0.8858 -0.4572 -0.0797
vn 0.2886 -0.9574 0.0085
vn -0.3491 -0.9290 -0.1228
vn 0.8124 -0.4880 0.3191
vn 0.2859 -0.9582 -0.0085
vn 0.8900 -0.4498 -0.0750
vn 0.9253 -0.3662 -0.0986
vn -0.4140 -0.9019 0.1235
vn -0.6917 -0.7125 0.1178
vn -0.4038 -0.9035 0.1436
vn -0.6948 -0.7122 0.1002
vn -0.8205 -0.5656 0.0827
vn -0.4780 -0.8356 0.2707
vn -0.4485 -0.7862 0.4251
vn -0.4498 -0.7856 0.4248
vn 0.8012 -0.4795 0.3580
vn 0.5235 -0.0786 0.8484
vn 0.5653 0.0895 0.8200
vn 0.5635 0.0867 0.8215
vn 0.6020 0.2475 0.7591
vn -0.3148 -0.7248 0.6128
vn 0.2645 -0.6170 0.7411
vn -0.3197 -0.7149 0.6218
vn 0.5278 -0.0815 0.8454
vn -0.4690 -0.8800 0.0753
vn -0.4758 -0.8372 0.2695
vn 0.5280 -0.8474 -0.0565
vn 0.5259 -0.8488 -0.0553
vn 0.1678 0.0919 0.9815
vn 0.0532 0.0452 0.9976
vn 0.7061 -0.7080 -0.0089
vn 0.7074 -0.7068 -0.0039
vn 0.5731 -0.8176 -0.0558
vn 0.8089 0.0037 -0.5880
vn 0.6638 0.2619 -0.7006
vn 0.6574 0.2592 -0.7075
vn 0.6028 0.2447 -0.7594
vn 0.6020 0.2475 -0.7591
vn 0.8574 -0.5109 0.0612
vn 0.8634 -0.5012 0.0587
vn 0.9187 -0.3844 0.0905
vn 0.9198 -0.3833 0.0844
vn 0.1120 -0.9929 0.0409
vn 0.7261 -0.6514 -0.2202
vn 0.7211 -0.6461 -0.2501
vn 0.8315 -0.0257 -0.5550
vn 0.1085 -0.9924 0.0585
vn -0.4749 -0.8710 -0.1261
vn -0.4708 -0.8252 -0.3121
vn -0.4732 -0.8720 -0.1253
vn -0.2095 -0.6960 -0.6868
vn 0.3797 -0.6433 -0.6649
vn -0.2195 -0.6762 -0.7033
vn 0.5235 -0.0786 -0.8484
vn 0.5653 0.0895 -0.8200
vn 0.5278 -0.0815 -0.8454
vn 0.5635 0.0867 -0.8215
vn 0.5563 -0.2999 -0.7750
vn 0.4387 -0.6232 -0.6474
vn 0.5569 -0.2978 -0.7754
vn -0.4368 -0.7727 -0.4606
vn -0.4361 -0.7727 -0.4613
vn -0.4728 -0.8236 -0.3132
vn -0.4671 -0.8811 0.0746
vn 0.6773 -0.1513 -0.7200
vn 0.3828 -0.4746 -0.7926
vn 0.6722 -0.1429 -0.7264
vn -0.0840 0.0202 0.9963
vn -0.0003 -0.0567 0.9984
vn -0.0381 0.0381 0.9985
vn 0.0628 -0.1813 0.9814
vn 0.1850 -0.2543 0.9493
vn 0.1405 -0.1656 0.9761
vn -0.1930 -0.6059 0.7718
vn -0.0460 -0.6308 0.7746
vn -0.1956 -0.5971 0.7780
vn 0.1632 -0.3250 0.9315
vn 0.1216 -0.2664 0.9562
vn 0.1927 -0.0936 0.9768
vn 0.1106 -0.2632 0.9584
vn 0.1520 -0.3237 0.9339
vn 0.2102 -0.3061 0.9285
vn 0.2227 -0.2069 0.9527
vn 0.2540 -0.2727 0.9280
vn 0.2474 -0.2827 0.9268
vn 0.1597 0.0499 0.9859
vn 0.1661 0.0212 0.9859
vn -0.0045 -0.0762 0.9971
vn 0.1014 -0.0762 0.9919
vn 0.0793 -0.0140 0.9968
vn 0.1886 -0.0741 0.9792
vn 0.1617 0.1402 0.9768
vn 0.1607 0.0858 0.9833
vn -0.0321 -0.0871 0.9957
vn 0.0138 -0.1109 0.9937
vn 0.1879 -0.3659 0.9115
vn 0.2224 -0.3341 0.9159
vn -0.0278 -0.0899 0.9956
vn -0.0056 -0.1132 0.9936
vn 0.0510 -0.1832 0.9818
vn 0.0657 0.0289 0.9974
vn 0.1616 0.1120 0.9805
vn 0.2335 -0.4785 0.8465
vn 0.2402 -0.3701 0.8974
vn 0.2096 -0.4164 0.8847
vn 0.1891 0.1549 0.9697
vn 0.2552 -0.5448 0.7988
vn 0.2632 -0.4201 0.8685
vn 0.3044 -0.3468 0.8871
vn 0.2539 -0.5516 0.7945
vn 0.2819 -0.4776 0.8321
vn 0.3307 -0.3817 0.8631
vn 0.2311 -0.4875 0.8420
vn 0.3490 -0.4184 0.8385
vn 0.3690 -0.3695 0.8528
vn 0.3267 -0.3536 0.8765
vn 0.2759 -0.3226 0.9054
vn 0.2646 -0.6067 0.7496
vn 0.2814 -0.3362 0.8988
vn 0.1809 -0.3734 0.9098
vn 0.2652 -0.6123 0.7448
vn 0.2065 -0.4265 0.8806
vn 0.2646 -0.6670 0.6964
vn 0.2914 -0.5358 0.7925
vn 0.2614 -0.6685 0.6962
vn 0.3031 -0.6009 0.7397
vn 0.3602 -0.4715 0.8050
vn 0.3831 -0.5466 0.7446
vn 0.3912 -0.4578 0.7984
vn 0.2545 -0.7248 0.6402
vn 0.2636 -0.7243 0.6371
vn 0.3814 -0.4002 0.8333
vn 0.2730 -0.7292 0.6275
vn 0.3205 -0.6627 0.6769
vn 0.2447 -0.7743 0.5836
vn 0.3466 -0.6780 0.6482
vn 0.4162 -0.6174 0.6675
vn 0.4639 -0.6360 0.6167
vn 0.4255 -0.6473 0.6324
vn -0.0511 0.1833 -0.9817
vn -0.1216 0.2666 -0.9561
vn -0.1107 0.2634 -0.9583
vn -0.0431 -0.6378 0.7690
vn 0.1791 -0.6177 0.7657
vn 0.4389 -0.5992 0.6695
vn 0.4125 -0.5360 0.7366
vn 0.0886 -0.0278 -0.9957
vn 0.0005 0.0566 -0.9984
vn 0.0278 0.0900 -0.9956
vn 0.2001 -0.2442 -0.9489
vn 0.1732 -0.3233 -0.9303
vn 0.1355 -0.2712 -0.9529
vn 0.2240 -0.1953 -0.9548
vn 0.1913 -0.0718 -0.9789
vn 0.2223 -0.1769 -0.9588
vn 0.1881 0.1020 -0.9768
vn 0.1134 -0.2620 -0.9584
vn 0.1538 -0.3226 -0.9339
vn 0.1919 -0.0733 -0.9787
vn 0.1609 -0.1493 -0.9756
vn 0.0553 -0.1821 -0.9817
vn 0.2224 -0.2987 -0.9281
vn 0.2507 -0.2812 -0.9263
vn 0.2538 -0.2727 -0.9280
vn 0.1249 -0.0549 -0.9906
vn 0.0782 -0.1860 -0.9794
vn 0.0316 -0.1102 -0.9934
vn 0.1645 0.0558 -0.9848
vn 0.1058 0.0085 -0.9944
vn 0.0131 -0.0664 -0.9977
vn 0.2349 -0.3258 -0.9158
vn 0.2126 -0.4047 -0.8894
vn 0.1936 -0.3585 -0.9132
vn 0.1646 0.0507 -0.9851
vn 0.0005 -0.1125 -0.9937
vn 0.1660 0.1146 -0.9794
vn -0.0256 -0.0862 -0.9959
vn 0.0937 0.0511 -0.9943
vn 0.0105 -0.0349 -0.9993
vn 0.0855 0.0566 -0.9947
vn -0.0167 0.0359 -0.9992
vn 0.1761 0.1304 -0.9757
vn -0.0228 -0.0885 -0.9958
vn 0.1960 0.1618 -0.9672
vn 0.1694 0.1505 -0.9740
vn 0.2333 -0.4855 -0.8426
vn 0.2352 -0.4646 -0.8537
vn 0.2541 -0.3617 -0.8970
vn 0.2790 -0.4070 -0.8698
vn 0.2554 -0.5296 -0.8089
vn 0.3468 -0.3769 -0.8589
vn 0.3306 -0.3553 -0.8743
vn 0.3727 -0.3673 -0.8522
vn 0.2563 -0.5489 -0.7956
vn 0.3185 -0.3517 -0.8803
vn 0.2981 -0.4603 -0.8362
vn 0.3634 -0.4078 -0.8377
vn 0.3865 -0.3950 -0.8334
vn 0.3083 -0.5174 -0.7982
vn 0.2826 -0.3276 -0.9016
vn 0.2084 -0.4249 -0.8809
vn 0.2685 -0.6082 -0.7470
vn 0.1826 -0.3723 -0.9100
vn 0.2636 -0.5906 -0.7627
vn 0.2657 -0.6518 -0.7103
vn 0.3738 -0.4604 -0.8052
vn 0.3955 -0.4542 -0.7983
vn 0.2664 -0.6621 -0.7005
vn 0.3232 -0.5844 -0.7443
vn 0.3979 -0.5389 -0.7425
vn 0.2606 -0.7165 -0.6471
vn 0.4169 -0.5337 -0.7358
vn 0.3475 -0.6481 -0.6776
vn 0.2877 -0.7140 -0.6384
vn 0.2691 -0.7100 -0.6508
vn 0.4447 -0.5981 -0.6668
vn 0.2526 -0.7617 -0.5966
vn 0.4330 -0.6420 -0.6327
vn 0.4311 -0.6155 -0.6597
vn 0.0045 0.0763 -0.9971
vn -0.0656 -0.0289 -0.9974
vn -0.0792 0.0140 -0.9968
vn 0.4719 -0.6370 -0.6096
vn -0.1632 0.3251 -0.9315
vn -0.1851 0.2545 -0.9492
vn -0.0627 0.1814 -0.9814
vn -0.1405 0.1657 -0.9761
vn -0.2102 0.3061 -0.9285
vn -0.1929 0.0937 -0.9767
vn -0.2229 0.2071 -0.9526
vn -0.2475 0.2827 -0.9267
vn -0.2540 0.2726 -0.9280
vn -0.2214 0.1774 -0.9589
vn -0.1596 -0.0497 -0.9859
vn -0.1890 0.0749 -0.9791
vn 0.0321 0.0870 -0.9957
vn -0.0138 0.1109 -0.9937
vn 0.0056 0.1131 -0.9936
vn -0.1662 -0.0213 -0.9859
vn -0.1608 -0.0857 -0.9833
vn -0.1012 0.0762 -0.9919
vn -0.2551 0.5449 -0.7988
vn -0.2652 0.6122 -0.7449
vn -0.2539 0.5514 -0.7946
vn -0.1615 -0.1407 -0.9768
vn -0.1616 -0.1119 -0.9805
vn -0.1688 -0.0891 -0.9816
vn -0.0535 -0.0443 -0.9976
vn -0.2137 -0.1138 -0.9702
vn -0.1892 -0.1551 -0.9696
vn -0.2333 0.4785 -0.8465
vn -0.2095 0.4164 -0.8847
vn -0.2311 0.4874 -0.8420
vn -0.2065 0.4264 -0.8806
vn -0.2402 0.3700 -0.8974
vn -0.2632 0.4200 -0.8685
vn -0.2819 0.4776 -0.8321
vn -0.3044 0.3468 -0.8872
vn -0.3307 0.3816 -0.8631
vn -0.3490 0.4185 -0.8385
vn -0.3690 0.3695 -0.8528
vn -0.3815 0.4002 -0.8333
vn -0.3266 0.3537 -0.8765
vn -0.2760 0.3226 -0.9054
vn -0.2813 0.3360 -0.8989
vn -0.2614 0.6683 -0.6965
vn -0.2645 0.6068 -0.7496
vn -0.2645 0.6671 -0.6965
vn -0.1809 0.3734 -0.9099
vn -0.1520 0.3238 -0.9338
vn -0.2224 0.3341 -0.9159
vn -0.1879 0.3659 -0.9115
vn -0.2914 0.5357 -0.7925
vn -0.3032 0.6008 -0.7397
vn -0.3602 0.4715 -0.8050
vn -0.3832 0.5465 -0.7446
vn -0.3912 0.4578 -0.7983
vn -0.4125 0.5359 -0.7366
vn -0.2545 0.7246 -0.6404
vn -0.2447 0.7746 -0.5833
vn -0.2636 0.7241 -0.6373
vn -0.2731 0.7286 -0.6282
vn -0.3207 0.6626 -0.6768
vn -0.3471 0.6777 -0.6482
vn -0.4163 0.6174 -0.6674
vn -0.4251 0.6474 -0.6325
vn -0.4639 0.6362 -0.6165
vn -0.4387 0.5989 -0.6700
vn -0.9844 -0.1754 0.0122
vn -0.9334 -0.3589 0.0031
vn -0.9322 -0.3618 0.0044
vn 0.2187 0.1216 -0.9682
vn -0.1135 0.2622 0.9583
vn -0.1732 0.3234 0.9303
vn -0.1356 0.2713 0.9529
vn -0.2224 0.2988 0.9281
vn -0.2242 0.1955 0.9547
vn -0.2002 0.2444 0.9488
vn -0.1608 0.1495 0.9756
vn -0.0781 0.1861 0.9794
vn -0.0553 0.1822 0.9817
vn -0.1922 0.0732 0.9786
vn -0.1056 -0.0085 0.9944
vn -0.0316 0.1102 0.9934
vn -0.1247 0.0550 0.9907
vn -0.1661 -0.1145 0.9794
vn -0.1643 -0.0555 0.9849
vn -0.1915 0.0727 0.9788
vn -0.1935 0.3585 0.9133
vn -0.2348 0.3258 0.9158
vn -0.0004 0.1124 0.9937
vn -0.1692 -0.1508 0.9740
vn -0.1647 -0.0509 0.9850
vn 0.0257 0.0862 0.9959
vn -0.0131 0.0664 0.9977
vn -0.1761 -0.1304 0.9757
vn -0.0936 -0.0510 0.9943
vn 0.0228 0.0886 0.9958
vn -0.0104 0.0348 0.9993
vn 0.0863 -0.0288 0.9959
vn 0.0172 -0.0370 0.9992
vn -0.1961 -0.1619 0.9671
vn -0.2125 0.4046 0.8894
vn -0.2332 0.4854 0.8426
vn -0.2351 0.4646 0.8537
vn -0.2562 0.5488 0.7957
vn -0.2981 0.4603 0.8362
vn -0.3468 0.3768 0.8589
vn -0.2790 0.4070 0.8698
vn -0.2552 0.5296 0.8089
vn -0.2541 0.3617 0.8970
vn -0.3185 0.3518 0.8803
vn -0.2685 0.6080 0.7471
vn -0.2635 0.5906 0.7627
vn -0.2826 0.3276 0.9016
vn -0.2508 0.2813 0.9263
vn -0.3305 0.3553 0.8744
vn -0.2837 0.3360 0.8981
vn -0.2084 0.4249 0.8809
vn -0.1825 0.3722 0.9100
vn -0.2538 0.2726 0.9280
vn -0.2664 0.6618 0.7008
vn -0.2656 0.6518 0.7104
vn -0.3233 0.5844 0.7443
vn -0.3739 0.4603 0.8052
vn -0.3084 0.5174 0.7983
vn -0.3634 0.4078 0.8376
vn -0.2607 0.7163 0.6473
vn -0.2690 0.7099 0.6509
vn -0.2527 0.7617 0.5966
vn -0.4326 0.6420 0.6330
vn -0.3477 0.6481 0.6776
vn -0.3718 0.6620 0.6508
vn -0.2880 0.7134 0.6389
vn -0.3865 0.3950 0.8334
vn -0.3981 0.5388 0.7425
vn -0.4313 0.6154 0.6597
vn -0.8733 -0.4862 -0.0295
vn -0.8734 -0.4861 -0.0280
vn 0.6935 0.6718 -0.2602
vn 0.5187 0.8198 -0.2426
vn 0.6935 0.6713 -0.2617
vn -0.9933 -0.1063 -0.0458
vn -0.9977 -0.0622 -0.0255
vn -0.9978 -0.0637 -0.0208
vn 0.8353 0.4851 -0.2586
vn 0.8382 0.4752 -0.2675
vn -0.9851 -0.1720 0.0060
vn 0.9665 0.1157 -0.2290
vn 0.9342 0.3162 -0.1653
vn 0.9356 0.3136 -0.1621
vn 0.7321 0.6738 -0.1005
vn 0.7264 0.6783 -0.1104
vn 0.4842 0.8625 -0.1471
vn 0.4781 0.8633 -0.1617
vn 0.5214 0.8203 -0.2350
vn -0.9641 -0.2603 -0.0520
vn -0.9932 -0.1058 -0.0482
vn -0.9643 -0.2602 -0.0486
vn -0.8969 -0.4387 -0.0560
vn -0.7108 -0.6746 -0.1991
vn -0.7775 -0.6169 -0.1225
vn -0.7108 -0.6732 -0.2042
vn -0.6262 -0.7175 -0.3051
vn -0.6264 -0.7147 -0.3112
vn 0.9058 0.3800 -0.1873
vn 0.9544 0.1621 -0.2505
vn 0.9562 0.1608 -0.2447
vn 0.9655 0.1159 -0.2332
vn -0.8281 -0.5567 -0.0661
vn -0.8282 -0.5567 -0.0648
vn -0.7775 -0.6175 -0.1190
vn 0.7928 0.6033 -0.0866
vn 0.7090 0.7052 -0.0039
vn 0.7917 0.6044 -0.0888
vn 0.9038 0.3823 -0.1924
vn -0.5313 -0.7320 -0.4264
vn -0.5317 -0.7278 -0.4332
vn -0.4172 -0.7185 -0.5565
vn -0.4174 -0.7124 -0.5641
vn 0.7392 0.6734 0.0097
vn 0.8643 0.4786 -0.1546
vn 0.7369 0.6760 0.0064
vn 0.7103 0.7039 -0.0021
vn -0.2967 -0.6703 -0.6802
vn -0.2972 -0.6620 -0.6881
vn 0.3889 -0.4757 -0.7890
vn 0.1106 -0.6403 -0.7602
vn -0.2035 -0.6063 -0.7688
vn -0.2065 -0.5979 -0.7745
vn 0.8705 0.1683 -0.4625
vn 0.8752 0.1631 -0.4555
vn 0.8664 0.4762 -0.1505
vn -0.9334 -0.3589 -0.0031
vn -0.9844 -0.1754 -0.0122
vn -0.9322 -0.3618 -0.0044
vn -0.8733 -0.4862 0.0295
vn 0.6935 0.6718 0.2602
vn 0.5187 0.8198 0.2426
vn 0.5214 0.8203 0.2350
vn -0.9977 -0.0622 0.0255
vn -0.9933 -0.1063 0.0458
vn -0.9978 -0.0637 0.0208
vn -0.9851 -0.1720 -0.0060
vn 0.9342 0.3162 0.1653
vn 0.9665 0.1157 0.2290
vn 0.9356 0.3136 0.1621
vn 0.7321 0.6738 0.1005
vn 0.4842 0.8625 0.1471
vn 0.7264 0.6783 0.1104
vn 0.4781 0.8633 0.1617
vn -0.9641 -0.2603 0.0520
vn -0.9643 -0.2602 0.0485
vn -0.7108 -0.6746 0.1991
vn -0.7775 -0.6169 0.1225
vn -0.7775 -0.6175 0.1190
vn -0.6262 -0.7175 0.3051
vn -0.7108 -0.6732 0.2042
vn 0.9544 0.1621 0.2505
vn 0.9058 0.3800 0.1873
vn 0.9562 0.1608 0.2447
vn 0.9655 0.1159 0.2332
vn -0.8281 -0.5567 0.0661
vn -0.8282 -0.5567 0.0648
vn 0.7928 0.6033 0.0866
vn 0.7090 0.7052 0.0039
vn 0.7103 0.7039 0.0021
vn 0.9038 0.3823 0.1924
vn -0.5313 -0.7320 0.4264
vn -0.6264 -0.7147 0.3112
vn -0.4172 -0.7185 0.5565
vn -0.5317 -0.7278 0.4332
vn 0.7392 0.6734 -0.0097
vn 0.8643 0.4786 0.1546
vn 0.8664 0.4762 0.1504
vn 0.7369 0.6760 -0.0064
vn -0.2967 -0.6703 0.6802
vn -0.4174 -0.7124 0.5641
vn 0.7001 -0.1183 0.7042
vn 0.4494 -0.4034 0.7971
vn 0.4540 -0.4068 0.7927
vn 0.1819 -0.6226 0.7611
vn -0.4445 0.5978 0.6671
vn -0.4169 0.5336 0.7358
vn -0.2972 -0.6620 0.6881
vn 0.8705 0.1683 0.4625
vn 0.8752 0.1631 0.4555
vn -0.0868 -0.6222 -0.7780
vn 0.1124 -0.6448 -0.7561
vn 0.8907 0.3435 -0.2977
vn -0.0911 -0.6148 -0.7834
vn 0.0396 -0.0416 -0.9983
vn -0.9042 -0.4244 -0.0473
vn 0.2127 0.1182 0.9699
vn 0.1579 0.1614 0.9742
vn -0.8969 -0.4387 0.0560
vn -0.9042 -0.4244 0.0473
vn 0.8353 0.4851 0.2586
vn 0.6935 0.6712 0.2617
vn -0.4719 0.6372 0.6094
vn -0.3955 0.4541 0.7983
vn -0.3728 0.3673 0.8522
vn -0.1890 -0.0986 0.9770
vn -0.0860 -0.0552 0.9948
vn -0.2202 -0.1171 0.9684
vn -0.2225 0.1770 0.9587
vn 0.2838 -0.3361 -0.8980
vn -0.0817 0.0212 -0.9964
vn -0.8212 -0.5662 0.0705
vn 0.8382 0.4752 0.2675
vn 0.8907 0.3435 0.2977
vn -0.7162 0.6953 0.0593
vn -0.6305 0.7748 -0.0464
vn -0.6226 0.7801 -0.0613
vn -0.6129 0.7867 -0.0738
vn -0.5305 0.8445 0.0738
vn -0.6321 0.7737 0.0423
vn -0.6248 0.7787 0.0578
vn -0.6046 0.7924 0.0813
vn -0.6394 0.7688 0.0070
vn -0.6016 0.7944 -0.0834
vn -0.5506 0.8300 -0.0885
vn -0.5079 0.8609 0.0296
vn -0.5133 0.8570 0.0464
vn -0.5893 0.8029 -0.0898
vn -0.5634 0.8210 -0.0924
vn -0.5069 0.8616 -0.0252
vn -0.5188 0.8529 -0.0578
vn -0.5387 0.8386 -0.0813
vn -0.5796 0.8096 0.0924
vn -0.5764 0.8119 -0.0929
vn -0.5279 0.8463 -0.0709
vn -0.6391 0.7691 -0.0115
vn -0.6361 0.7711 -0.0296
vn -0.5925 0.8007 0.0885
vn -0.5209 0.8514 0.0613
vn -0.6155 0.7850 0.0709
vn -0.5740 0.8189 -0.0000
vn -0.5049 0.8631 0.0115
vn -0.6370 0.7704 0.0252
vn -0.1767 0.0901 0.9801
vn 0.0402 0.1516 0.9876
vn 0.0289 0.1225 0.9920
vn 0.9045 0.3855 0.1824
vn 0.9214 0.3887 -0.0000
vn 0.9185 0.3955 -0.0000
vn 0.7167 0.3246 0.6172
vn 0.5761 0.2842 0.7663
vn 0.5464 0.2713 0.7924
vn 0.2076 0.1762 0.9622
vn -0.4642 0.0964 0.8805
vn -0.3124 0.1259 0.9416
vn -0.3457 0.0857 0.9344
vn 0.8386 0.3593 0.4096
vn 0.7271 0.3268 0.6038
vn 0.3601 0.2111 0.9087
vn 0.2154 0.1689 0.9618
vn -0.1543 0.1323 0.9791
vn 0.9013 0.3794 0.2092
vn 0.8449 0.3617 0.3942
vn 0.5464 0.2713 -0.7924
vn 0.4019 0.2292 -0.8865
vn 0.5761 0.2842 -0.7663
vn -0.5404 0.1320 0.8310
vn -0.5408 0.1315 0.8308
vn -0.5384 0.1077 0.8358
vn -0.4198 0.1235 0.8992
vn -0.5444 0.1252 0.8294
vn -0.4913 0.1261 0.8618
vn -0.5258 0.1311 0.8405
vn 0.0402 0.1516 -0.9876
vn -0.1767 0.0901 -0.9801
vn 0.0289 0.1225 -0.9920
vn 0.9045 0.3855 -0.1824
vn 0.7167 0.3246 -0.6172
vn 0.7271 0.3268 -0.6038
vn 0.2076 0.1762 -0.9622
vn 0.2154 0.1689 -0.9618
vn -0.3124 0.1259 -0.9416
vn -0.4642 0.0964 -0.8805
vn -0.3457 0.0857 -0.9344
vn 0.8386 0.3593 -0.4096
vn 0.8449 0.3617 -0.3942
vn 0.3601 0.2111 -0.9087
vn -0.1543 0.1323 -0.9791
vn 0.9013 0.3794 -0.2092
vn -0.5408 0.1315 -0.8308
vn -0.5404 0.1320 -0.8310
vn -0.5462 -0.2713 -0.7925
vn -0.4027 -0.2295 -0.8861
vn -0.5766 -0.2843 -0.7659
vn -0.5384 0.1077 -0.8358
vn -0.4198 0.1235 -0.8992
vn -0.4913 0.1261 -0.8618
vn -0.5444 0.1252 -0.8294
vn -0.5258 0.1311 -0.8405
vn -0.5387 0.1319 -0.8321
vn -0.0403 -0.1514 -0.9877
vn 0.1759 -0.0903 -0.9803
vn -0.0303 -0.1229 -0.9920
vn -0.9213 -0.3887 -0.0000
vn -0.9046 -0.3855 -0.1818
vn -0.9185 -0.3955 -0.0000
vn -0.7167 -0.3246 -0.6173
vn -0.7274 -0.3269 -0.6033
vn -0.2077 -0.1761 -0.9622
vn -0.2163 -0.1690 -0.9616
vn 0.3127 -0.1256 -0.9415
vn 0.4641 -0.0965 -0.8805
vn 0.3457 -0.0856 -0.9344
vn -0.8386 -0.3593 -0.4095
vn -0.8452 -0.3618 -0.3934
vn -0.3597 -0.2110 -0.9089
vn 0.1547 -0.1319 -0.9791
vn -0.9012 -0.3794 -0.2094
vn -0.4027 -0.2295 0.8861
vn -0.5462 -0.2713 0.7925
vn -0.5766 -0.2843 0.7659
vn 0.5404 -0.1320 -0.8310
vn 0.5387 -0.1319 -0.8321
vn 0.5391 -0.1076 -0.8353
vn 0.4199 -0.1232 -0.8992
vn 0.4914 -0.1260 -0.8618
vn 0.5445 -0.1253 -0.8294
vn 0.5408 -0.1315 -0.8308
vn 0.5258 -0.1310 -0.8404
vn 0.1759 -0.0903 0.9803
vn -0.0403 -0.1514 0.9877
vn -0.0303 -0.1229 0.9920
vn -0.9046 -0.3855 0.1818
vn -0.7167 -0.3246 0.6173
vn -0.2077 -0.1761 0.9622
vn 0.4641 -0.0965 0.8805
vn 0.3127 -0.1256 0.9415
vn 0.3457 -0.0856 0.9344
vn -0.8386 -0.3593 0.4095
vn -0.7274 -0.3269 0.6033
vn -0.3597 -0.2110 0.9089
vn -0.2163 -0.1690 0.9616
vn 0.1547 -0.1319 0.9791
vn -0.9012 -0.3794 0.2094
vn -0.8452 -0.3618 0.3934
vn 0.5404 -0.1320 0.8310
vn 0.5387 -0.1319 0.8321
vn 0.5408 -0.1315 0.8308
vn 0.4195 -0.9052 0.0674
vn 0.4111 -0.9102 0.0496
vn 0.4102 -0.9107 0.0480
vn 0.3783 -0.9236 0.0620
vn 0.3783 -0.9236 0.0616
vn 0.5391 -0.1076 0.8353
vn 0.4199 -0.1232 0.8992
vn 0.5445 -0.1253 0.8294
vn 0.4914 -0.1260 0.8618
vn 0.5258 -0.1310 0.8404
vn 0.3955 -0.9122 0.1067
vn 0.4204 -0.9049 0.0661
vn 0.3947 -0.9119 0.1126
vn 0.3712 -0.9141 0.1634
vn 0.3689 -0.9137 0.1705
vn 0.3399 -0.9143 0.2204
vn 0.3358 -0.9141 0.2272
vn 0.2295 -0.9463 0.2277
vn -0.6920 0.6887 -0.2164
vn -0.7288 0.6785 -0.0925
vn -0.6897 0.6855 -0.2332
vn -0.3906 0.8668 -0.3100
vn -0.5571 0.7671 -0.3183
vn -0.3864 0.8635 -0.3240
vn -0.5606 0.7699 -0.3050
vn -0.7266 0.6827 -0.0770
vn -0.6780 0.7350 0.0051
vn -0.2473 0.9191 -0.3068
vn -0.5213 0.7227 -0.4538
vn -0.6739 0.7386 0.0162
vn -0.6130 0.7868 0.0718
vn -0.5625 0.8194 0.1103
vn -0.6119 0.7876 0.0727
vn -0.5016 0.8559 0.1255
vn -0.5643 0.8179 0.1118
vn -0.4948 0.8593 0.1292
vn -0.4397 0.8900 0.1209
vn -0.4031 0.9115 0.0819
vn -0.4379 0.8909 0.1208
vn -0.3954 0.9185 -0.0000
vn -0.4011 0.9122 0.0833
vn 0.3639 -0.9291 0.0655
vn 0.3639 -0.9292 0.0653
vn 0.3760 -0.9257 0.0422
vn 0.3759 -0.9257 0.0419
vn 0.3849 -0.9227 0.0219
vn 0.3843 -0.9230 0.0221
vn 0.3939 -0.9192 -0.0000
vn 0.3951 -0.9186 -0.0000
vn 0.4102 -0.9107 -0.0480
vn 0.3783 -0.9236 -0.0620
vn 0.4111 -0.9102 -0.0496
vn 0.4195 -0.9052 -0.0674
vn 0.4204 -0.9049 -0.0661
vn -0.7153 0.4480 -0.5364
vn -0.8027 0.2150 -0.5562
vn -0.8358 0.0292 -0.5482
vn -0.8391 -0.1578 -0.5206
vn -0.7975 -0.3952 -0.4559
vn -0.7153 0.4480 -0.5363
vn 0.0522 -0.9845 0.1675
vn 0.2237 -0.9467 0.2318
vn 0.0498 -0.9846 0.1676
vn -0.1441 0.9641 -0.2232
vn -0.4171 -0.8998 -0.1280
vn -0.1557 -0.9863 0.0547
vn -0.1567 -0.9862 0.0529
vn -0.1438 0.9614 -0.2345
vn -0.0473 0.9818 -0.1840
vn -0.2475 0.9190 -0.3069
vn -0.6582 -0.6815 -0.3198
vn -0.4169 -0.8999 -0.1280
vn 0.3358 -0.9141 -0.2272
vn 0.2295 -0.9463 -0.2277
vn 0.2237 -0.9467 -0.2318
vn 0.3955 -0.9122 -0.1067
vn 0.3947 -0.9119 -0.1126
vn 0.3712 -0.9141 -0.1634
vn 0.3689 -0.9137 -0.1705
vn 0.3399 -0.9143 -0.2204
vn -0.6920 0.6887 0.2164
vn -0.7288 0.6785 0.0925
vn -0.7266 0.6827 0.0770
vn -0.3906 0.8668 0.3100
vn -0.5571 0.7671 0.3183
vn -0.5606 0.7699 0.3050
vn -0.6897 0.6855 0.2332
vn -0.6780 0.7350 -0.0051
vn -0.6739 0.7386 -0.0162
vn -0.2473 0.9191 0.3068
vn -0.5213 0.7227 0.4538
vn -0.2475 0.9190 0.3069
vn -0.6130 0.7868 -0.0718
vn -0.6119 0.7876 -0.0727
vn -0.5625 0.8194 -0.1103
vn -0.5643 0.8179 -0.1118
vn -0.5016 0.8559 -0.1255
vn -0.4948 0.8593 -0.1292
vn -0.4397 0.8900 -0.1209
vn -0.4379 0.8909 -0.1208
vn -0.4031 0.9115 -0.0819
vn -0.4011 0.9122 -0.0833
vn -0.3951 0.9186 -0.0000
vn 0.3639 -0.9291 -0.0655
vn 0.3783 -0.9236 -0.0616
vn 0.3760 -0.9257 -0.0422
vn 0.3639 -0.9292 -0.0653
vn 0.3849 -0.9227 -0.0219
vn 0.3759 -0.9257 -0.0419
vn 0.3843 -0.9230 -0.0221
vn -0.7153 0.4480 0.5364
vn -0.8027 0.2150 0.5562
vn -0.8358 0.0292 0.5482
vn -0.8391 -0.1578 0.5206
vn -0.7975 -0.3952 0.4559
vn 0.0522 -0.9845 -0.1675
vn 0.0498 -0.9846 -0.1676
vn -0.1441 0.9641 0.2232
vn -0.3864 0.8635 0.3240
vn -0.4171 -0.8998 0.1280
vn -0.1557 -0.9863 -0.0547
vn -0.4169 -0.8999 0.1280
vn -0.1567 -0.9862 -0.0529
vn -0.0473 0.9818 0.1840
vn -0.1438 0.9614 0.2346
vn -0.0474 0.9814 0.1858
vn -0.6582 -0.6815 0.3198
vn 0.4019 0.2292 0.8865
vn -0.8921 0.4464 0.0700
vn -0.9587 0.2758 0.0698
vn -0.8921 0.4463 0.0700
vn 0.0650 -0.0756 0.9950
vn 0.0204 -0.0456 0.9988
vn 0.0427 -0.0509 0.9978
vn 0.2084 -0.9780 -0.0000
vn 0.0592 -0.9982 -0.0000
vn 0.0771 -0.2465 -0.9661
vn 0.0518 -0.2531 -0.9661
vn 0.0880 -0.2376 -0.9674
vn 0.3558 -0.9346 -0.0000
vn -0.4463 0.8912 -0.0813
vn -0.5702 0.8177 -0.0787
vn -0.4463 0.8911 -0.0820
vn -0.0640 0.0013 -0.9980
vn -0.0583 -0.0014 -0.9983
vn -0.0581 -0.0004 -0.9983
vn -0.4463 0.8911 0.0820
vn -0.2923 0.9522 0.0886
vn -0.2921 0.9522 0.0891
vn -0.9588 0.2754 0.0697
vn -0.9928 0.0972 0.0697
vn 0.1951 -0.1567 0.9682
vn 0.2190 -0.1477 0.9645
vn 0.1770 -0.1896 0.9658
vn 0.2339 -0.1176 0.9651
vn 0.2330 -0.1195 0.9651
vn 0.1787 -0.1879 0.9658
vn 0.2074 -0.1544 0.9660
vn 0.2545 0.0020 0.9671
vn 0.2565 -0.0238 0.9663
vn 0.2551 0.0089 0.9669
vn -0.1362 0.9866 -0.0901
vn 0.0278 0.9949 -0.0973
vn -0.1369 0.9865 -0.0901
vn -0.9929 0.0961 0.0698
vn -0.9968 -0.0277 0.0755
vn -0.9847 -0.1652 -0.0547
vn -0.9845 -0.1665 0.0551
vn -0.9847 -0.1652 0.0547
vn 0.0416 -0.0268 0.9988
vn -0.9913 -0.0864 0.0998
vn -0.9902 -0.0968 0.1003
vn 0.0416 -0.0268 -0.9988
vn 0.0650 -0.0756 -0.9950
vn 0.0962 -0.1039 -0.9899
vn 0.2560 -0.0289 0.9662
vn 0.2510 -0.0713 0.9654
vn -0.0519 0.0366 -0.9980
vn -0.0565 0.0281 -0.9980
vn -0.0523 0.0375 -0.9979
vn -0.6879 0.7220 0.0746
vn -0.8030 0.5918 0.0711
vn -0.8030 0.5918 0.0707
vn -0.0587 0.0053 0.9983
vn -0.0581 -0.0004 0.9983
vn -0.0592 0.0060 0.9982
vn 0.1297 -0.1952 0.9722
vn 0.1454 -0.1540 0.9773
vn 0.2505 -0.0730 0.9654
vn 0.2568 0.0083 0.9664
vn 0.2557 0.0075 0.9667
vn 0.2565 -0.0047 0.9665
vn -0.1369 0.9865 0.0901
vn -0.1362 0.9866 0.0901
vn 0.0518 -0.2531 0.9661
vn 0.0771 -0.2465 0.9661
vn 0.0880 -0.2376 0.9674
vn -0.0080 -0.2692 0.9631
vn -0.0255 -0.2683 0.9630
vn -0.0389 -0.2712 0.9617
vn 0.9975 0.0701 -0.0000
vn 0.9959 0.0903 -0.0000
vn -0.0279 0.0702 -0.9971
vn -0.0111 0.0761 -0.9970
vn -0.0287 0.0695 -0.9972
vn 0.5968 -0.8024 -0.0000
vn 0.8616 -0.5076 -0.0000
vn -0.4573 0.8893 -0.0000
vn -0.5928 0.8054 -0.0000
vn -0.7179 0.6961 -0.0000
vn 0.6199 -0.7847 -0.0000
vn 0.1383 -0.1710 0.9755
vn 0.1290 -0.2169 0.9676
vn 0.2546 0.0149 0.9669
vn 0.2031 -0.9792 -0.0000
vn -0.2385 -0.9711 -0.0000
vn 0.2551 0.0089 -0.9669
vn 0.2546 0.0149 -0.9669
vn 0.2557 0.0075 -0.9667
vn 0.7700 -0.6380 -0.0000
vn 0.9415 -0.3371 -0.0000
vn -0.0033 0.0869 0.9962
vn 0.0043 0.1104 0.9939
vn 0.0044 0.1450 0.9894
vn -0.0425 0.0598 -0.9973
vn -0.0483 0.0494 -0.9976
vn -0.0426 0.0611 -0.9972
vn 0.9984 0.0567 -0.0000
vn -0.0050 0.0772 0.9970
vn -0.0067 0.0807 0.9967
vn -0.0389 -0.2712 -0.9617
vn -0.0410 -0.2703 -0.9619
vn -0.0255 -0.2683 -0.9630
vn 0.1143 -0.2263 0.9673
vn 0.1207 -0.2218 0.9676
vn 0.7525 0.6586 -0.0000
vn 0.8575 0.5144 -0.0000
vn -0.2985 0.9544 -0.0000
vn 0.1143 -0.2263 -0.9673
vn -0.1921 -0.9814 -0.0000
vn -0.1011 -0.9949 -0.0000
vn -0.6497 -0.7602 -0.0000
vn -0.7566 -0.6539 -0.0000
vn 0.1297 -0.1952 -0.9722
vn 0.1290 -0.2169 -0.9676
vn 0.1383 -0.1710 -0.9755
vn -0.5702 0.8177 0.0787
vn -0.4463 0.8912 0.0813
vn 0.2339 -0.1176 -0.9651
vn 0.2505 -0.0730 -0.9654
vn 0.2510 -0.0713 -0.9654
vn 0.0108 -0.0127 0.9999
vn 0.0036 0.0618 0.9981
vn 0.2560 -0.0289 -0.9662
vn 0.2565 -0.0238 -0.9663
vn -0.9588 0.2754 -0.0697
vn -0.9928 0.0972 -0.0697
vn -0.9929 0.0961 -0.0698
vn 0.1787 -0.1879 -0.9658
vn 0.1444 -0.2098 -0.9670
vn 0.1207 -0.2218 -0.9676
vn -0.8030 0.5918 -0.0711
vn -0.6879 0.7220 -0.0746
vn -0.8030 0.5918 -0.0707
vn -0.5703 0.8177 0.0782
vn -0.6879 0.7219 0.0753
vn 0.1454 -0.1540 -0.9773
vn -0.9968 -0.0277 -0.0755
vn -0.9970 -0.0266 -0.0724
vn -0.9913 -0.0864 -0.0998
vn -0.9902 -0.0968 -0.1003
vn 0.0204 -0.0456 -0.9988
vn 0.0427 -0.0509 -0.9978
vn -0.8921 0.4464 -0.0700
vn -0.9587 0.2758 -0.0698
vn -0.8921 0.4463 -0.0700
vn 0.0962 -0.1039 0.9899
vn -0.0587 0.0053 -0.9983
vn -0.0592 0.0060 -0.9982
vn 0.0278 0.9949 0.0973
vn 0.0253 0.9956 0.0906
vn -0.0050 0.0767 -0.9970
vn -0.0103 0.0762 -0.9970
vn -0.0050 0.0772 -0.9970
vn 0.2545 0.0020 -0.9671
vn 0.0146 -0.2629 0.9647
vn 0.0374 -0.2617 0.9644
vn -0.9845 -0.1665 -0.0551
vn 0.2190 -0.1477 -0.9645
vn 0.2330 -0.1195 -0.9651
vn -0.2921 0.9522 -0.0891
vn -0.2923 0.9522 -0.0886
vn -0.9642 0.2652 -0.0000
vn -0.9963 0.0857 -0.0000
vn 0.6172 -0.7868 -0.0000
vn 0.6445 -0.7646 -0.0000
vn -0.0287 0.0695 0.9972
vn -0.0426 0.0611 0.9972
vn -0.0425 0.0598 0.9973
vn 0.2568 0.0083 -0.9664
vn 0.2565 -0.0047 -0.9665
vn -0.0050 0.0767 0.9970
vn -0.0103 0.0762 0.9970
vn -0.0111 0.0761 0.9970
vn 0.1951 -0.1567 -0.9682
vn 0.2074 -0.1544 -0.9660
vn -0.0483 0.0494 0.9976
vn 0.9946 -0.1040 -0.0000
vn 0.9999 0.0106 -0.0000
vn 0.0998 -0.1153 -0.9883
vn -0.0640 0.0013 0.9980
vn -0.0583 -0.0014 0.9983
vn -0.0760 0.0119 0.9970
vn -0.0519 0.0366 0.9980
vn -0.0565 0.0281 0.9980
vn -0.0565 0.0279 0.9980
vn -0.0279 0.0702 0.9971
vn 0.0108 -0.0127 -0.9999
vn -0.0605 0.0058 -0.9982
vn 0.9590 -0.2833 -0.0000
vn 0.2346 0.9646 -0.1207
vn 0.3338 0.9414 -0.0481
vn 0.3344 0.9412 -0.0481
vn 0.0047 1.0000 -0.0000
vn 0.1287 0.9917 -0.0000
vn 0.5221 -0.8529 -0.0000
vn -0.1495 0.9888 -0.0000
vn -0.1017 0.9948 -0.0000
vn -0.5703 0.8177 -0.0782
vn -0.6879 0.7219 -0.0753
vn -0.0599 0.0168 -0.9981
vn -0.0565 0.0279 -0.9980
vn -0.0596 0.0165 0.9981
vn 0.0043 0.1104 -0.9939
vn -0.0033 0.0869 -0.9962
vn 0.0044 0.1450 -0.9894
vn -0.0599 0.0168 0.9981
vn -0.0815 0.0163 -0.9965
vn -0.0760 0.0119 -0.9970
vn -0.0596 0.0165 -0.9981
vn -0.0479 0.0476 -0.9977
vn -0.8182 0.5750 -0.0000
vn -0.0410 -0.2703 0.9619
vn -0.0391 -0.2703 0.9620
vn -0.9091 0.4165 -0.0000
vn 0.1878 0.9726 -0.1371
vn -0.0067 0.0807 -0.9967
vn 0.0374 -0.2617 -0.9644
vn 0.0146 -0.2629 -0.9647
vn 0.3338 0.9414 0.0481
vn 0.0007 0.1528 0.9882
vn 0.0094 0.1517 0.9884
vn -0.0815 0.0163 0.9965
vn -0.0816 0.0183 0.9965
vn -0.0523 0.0375 0.9979
vn -0.0479 0.0476 0.9977
vn -0.8962 0.4437 -0.0000
vn -0.0080 -0.2692 -0.9631
vn -0.9982 -0.0594 -0.0000
vn -0.9964 -0.0849 -0.0000
vn -0.9999 -0.0121 -0.0000
vn 0.7826 -0.6225 -0.0000
vn 0.2346 0.9646 0.1207
vn 0.1878 0.9726 0.1371
vn 0.0007 0.1528 -0.9882
vn 0.0094 0.1517 -0.9884
vn 0.6709 -0.7415 -0.0000
vn 0.6710 -0.7415 -0.0000
vn -0.0931 0.9957 -0.0000
vn 0.1770 -0.1896 -0.9658
vn 0.0998 -0.1153 0.9883
vn 0.1444 -0.2098 0.9670
vn -0.8422 -0.3872 0.3752
vn -0.4076 -0.5481 -0.7304
vn -0.7468 -0.1755 -0.6415
vn -0.8738 -0.4004 0.2759
vn -0.7694 -0.0851 -0.6331
vn -0.9674 -0.0237 0.2519
vn -0.7986 -0.0996 -0.5936
vn -0.9839 0.0114 0.1785
vn 0.8975 0.4402 -0.0273
vn 0.1587 0.8867 -0.4342
vn 0.4992 0.4929 -0.7127
vn 0.7158 0.6557 0.2401
vn 0.1284 0.8949 -0.4273
vn -0.9250 -0.2781 0.2589
vn -0.9389 -0.3361 -0.0743
vn 0.7612 0.6485 0.0027
vn 0.3784 0.7341 -0.5639
vn 0.7811 0.6239 0.0254
vn 0.5500 0.7845 -0.2864
vn 0.3082 -0.8129 -0.4941
vn 0.7535 -0.4481 -0.4810
vn -0.3698 -0.8878 -0.2740
vn -0.7375 -0.6028 0.3045
vn -0.4785 -0.5926 -0.6480
vn 0.9684 0.2314 -0.0928
vn 0.7219 0.0103 -0.6919
vn 0.6995 0.0056 -0.7146
vn 0.8951 -0.2337 -0.3797
vn 0.9002 0.4339 -0.0368
vn 0.9277 0.3717 -0.0356
vn -0.7061 -0.6205 0.3412
vn -0.2214 -0.5575 -0.8001
vn -0.6816 -0.1916 -0.7062
vn 0.0838 -0.9630 -0.2562
vn 0.5045 -0.1938 -0.8414
vn 0.1053 -0.2894 -0.9514
vn -0.7676 -0.6036 0.2156
vn -0.9926 -0.0806 0.0910
vn 0.3156 0.9077 -0.2766
vn 0.8604 0.4928 -0.1297
vn 0.2452 0.7435 -0.6222
vn 0.6974 0.6857 0.2084
vn -0.2350 -0.9638 0.1262
vn -0.7100 -0.5309 -0.4627
vn 0.3115 -0.9498 0.0275
vn -0.0010 -0.9871 -0.1601
vn -0.1951 -0.6124 -0.7661
vn 0.6543 0.4079 -0.6367
vn -0.2173 0.2705 -0.9379
vn -0.1199 0.2341 -0.9648
vn -0.0098 0.1439 -0.9895
vn -0.6114 -0.5620 -0.5571
vn -0.3514 0.2139 -0.9114
vn -0.0612 0.2731 -0.9600
vn -0.3896 0.1550 -0.9079
vn -0.1237 0.2201 -0.9676
vn -0.1281 0.3382 -0.9323
vn 0.6889 0.7249 -0.0027
vn 0.7532 0.6535 -0.0751
vn -0.3873 0.2372 -0.8909
vn -0.1046 0.2102 -0.9720
vn -0.1400 0.2304 -0.9630
vn -0.1513 0.2202 -0.9637
vn -0.1819 0.0799 -0.9801
vn -0.1040 0.2476 -0.9633
vn -0.2313 0.1192 -0.9656
vn -0.2367 0.0140 -0.9715
vn -0.0215 0.2490 -0.9683
vn -0.5736 -0.7861 0.2303
vn -0.2501 -0.1362 -0.9586
vn -0.0219 -0.0537 -0.9983
vn -0.3658 0.0498 -0.9294
vn -0.1032 0.2002 -0.9743
vn -0.1907 0.2238 -0.9558
vn -0.2002 0.4183 -0.8860
vn -0.1298 0.4101 -0.9028
vn -0.0534 -0.0611 -0.9967
vn -0.2574 0.1144 -0.9595
vn -0.0801 0.3304 -0.9404
vn -0.1970 0.5219 -0.8300
vn -0.2216 0.4741 -0.8521
vn 0.1419 0.1026 -0.9846
vn -0.0476 0.2381 -0.9701
vn -0.1072 0.2348 -0.9661
vn -0.1779 0.3392 -0.9237
vn -0.1869 0.2806 -0.9415
vn 0.3514 -0.8272 -0.4384
vn 0.0608 -0.2906 -0.9549
vn -0.3755 0.9268 0.0044
vn -0.1369 0.8970 -0.4202
vn -0.2586 0.9640 -0.0622
vn -0.3573 0.8773 -0.3206
vn -0.3462 0.9379 -0.0211
vn -0.1284 0.2074 -0.9698
vn -0.0916 0.9837 -0.1550
vn -0.4421 0.8886 -0.1227
vn -0.3748 0.9255 -0.0540
vn -0.2776 0.3819 -0.8815
vn -0.6781 0.7173 -0.1604
vn -0.2664 0.9263 -0.2665
vn -0.0009 0.3361 -0.9418
vn -0.4596 0.2971 -0.8370
vn -0.3743 0.2525 -0.8923
vn -0.2527 0.5556 -0.7922
vn -0.2050 0.4652 -0.8611
vn -0.4911 0.3890 -0.7794
vn -0.2449 0.5218 -0.8171
vn -0.2636 0.3313 -0.9060
vn -0.1992 0.3952 -0.8967
vn -0.1106 0.6395 -0.7608
vn -0.1419 0.5393 -0.8300
vn -0.2054 0.7239 -0.6586
vn -0.2354 0.3325 -0.9133
vn -0.2201 0.4020 -0.8888
vn -0.3864 0.3501 -0.8533
vn -0.1417 0.5608 -0.8157
vn 0.0681 0.1972 -0.9780
vn -0.1269 0.5761 -0.8074
vn -0.2270 0.4541 -0.8615
vn -0.1550 0.6060 -0.7802
vn -0.0198 0.3738 -0.9273
vn -0.1018 0.7960 -0.5967
vn -0.3191 0.3285 -0.8890
vn -0.3191 0.7579 -0.5690
vn -0.1683 0.1610 -0.9725
vn 0.0280 0.5241 -0.8512
vn 0.1766 0.4316 -0.8846
vn -0.2501 0.1931 -0.9488
vn -0.0668 0.3010 -0.9513
vn -0.2102 0.3117 -0.9267
vn -0.1830 0.4433 -0.8775
vn -0.2269 0.6961 -0.6812
vn -0.2837 0.2391 -0.9286
vn -0.8422 -0.3873 -0.3752
vn -0.4076 -0.5480 0.7304
vn -0.5737 -0.7861 -0.2302
vn -0.7693 -0.0851 0.6332
vn -0.8739 -0.4003 -0.2759
vn -0.9675 -0.0238 -0.2519
vn -0.7986 -0.0996 0.5936
vn 0.8975 0.4402 0.0273
vn 0.1586 0.8867 0.4343
vn 0.7158 0.6558 -0.2400
vn 0.1283 0.8949 0.4274
vn 0.6026 0.7321 -0.3176
vn -0.9250 -0.2781 -0.2589
vn -0.9389 -0.3361 0.0743
vn 0.3783 0.7341 0.5639
vn 0.7613 0.6484 -0.0027
vn 0.7811 0.6239 -0.0254
vn 0.5500 0.7845 0.2864
vn 0.3083 -0.8129 0.4941
vn 0.0608 -0.2905 0.9549
vn -0.3697 -0.8878 0.2740
vn -0.7375 -0.6028 -0.3045
vn -0.9022 -0.4052 -0.1476
vn -0.7468 -0.1755 0.6415
vn 0.9684 0.2315 0.0928
vn 0.7219 0.0103 0.6919
vn 0.9277 0.3717 0.0356
vn 0.8951 -0.2337 0.3797
vn 0.9002 0.4338 0.0368
vn 0.4992 0.4928 0.7127
vn -0.7060 -0.6205 -0.3413
vn -0.2214 -0.5574 0.8002
vn -0.2350 -0.9638 -0.1262
vn 0.0838 -0.9630 0.2562
vn 0.5045 -0.1938 0.8414
vn 0.3514 -0.8272 0.4384
vn -0.6816 -0.1916 0.7062
vn -0.7676 -0.6037 -0.2155
vn -0.9926 -0.0805 -0.0910
vn 0.3156 0.9077 0.2767
vn 0.2452 0.7435 0.6222
vn 0.8604 0.4929 0.1297
vn 0.6974 0.6857 -0.2084
vn -0.7100 -0.5309 0.4626
vn -0.0010 -0.9871 0.1601
vn 0.3116 -0.9498 -0.0275
vn -0.1950 -0.6123 0.7662
vn 0.6543 0.4079 0.6368
vn -0.1067 0.2307 0.9672
vn -0.2173 0.2705 0.9379
vn -0.0098 0.1439 0.9895
vn -0.6114 -0.5619 0.5572
vn -0.3110 0.1445 0.9394
vn -0.0613 0.2731 0.9600
vn -0.1443 0.1726 0.9744
vn -0.1426 0.2467 0.9586
vn -0.1281 0.3382 0.9323
vn 0.6888 0.7249 0.0027
vn 0.7531 0.6536 0.0751
vn -0.3313 0.1397 0.9331
vn -0.0985 0.1974 0.9754
vn -0.0637 0.1660 0.9841
vn -0.1819 0.0799 0.9801
vn -0.1040 0.2476 0.9633
vn -0.2501 -0.1361 0.9586
vn -0.2366 0.0141 0.9715
vn -0.0802 0.2502 0.9649
vn -0.0219 -0.0537 0.9983
vn -0.2807 0.2659 0.9222
vn -0.3658 0.0498 0.9294
vn -0.1907 0.2238 0.9558
vn -0.2004 0.4182 0.8860
vn -0.2035 0.3166 0.9265
vn -0.0534 -0.0611 0.9967
vn -0.1724 0.5305 0.8300
vn -0.0802 0.3304 0.9404
vn -0.2216 0.4741 0.8521
vn 0.1418 0.1026 0.9846
vn -0.2160 0.2298 0.9490
vn -0.1284 0.2074 0.9698
vn -0.0384 0.2593 0.9650
vn 0.0077 0.3449 0.9386
vn -0.2017 0.2426 0.9489
vn -0.1369 0.8970 0.4202
vn -0.3755 0.9268 -0.0044
vn -0.2587 0.9640 0.0622
vn -0.3572 0.8773 0.3205
vn -0.3462 0.9379 0.0211
vn -0.2313 0.1193 0.9656
vn -0.0917 0.9837 0.1549
vn -0.4421 0.8886 0.1227
vn -0.1398 0.9065 0.3985
vn -0.2776 0.3818 0.8816
vn -0.1745 0.3460 0.9219
vn -0.6780 0.7173 0.1604
vn -0.2664 0.9263 0.2665
vn -0.3748 0.9255 0.0540
vn -0.3984 0.2409 0.8850
vn -0.0009 0.3361 0.9418
vn -0.3743 0.2525 0.8923
vn -0.3231 0.5296 0.7843
vn -0.2050 0.4652 0.8611
vn -0.4164 0.2131 0.8838
vn -0.0490 0.3869 0.9208
vn -0.2637 0.5569 0.7876
vn -0.2590 0.5763 0.7751
vn -0.1419 0.5393 0.8300
vn -0.2354 0.3325 0.9133
vn -0.1933 0.4135 0.8897
vn -0.2354 0.1913 0.9529
vn -0.4268 0.2333 0.8737
vn -0.1417 0.5608 0.8158
vn 0.0681 0.1972 0.9780
vn -0.1364 0.4840 0.8644
vn -0.3378 0.5358 0.7738
vn -0.2167 0.4089 0.8865
vn -0.0198 0.3738 0.9273
vn -0.1018 0.7960 0.5967
vn -0.3191 0.3285 0.8890
vn -0.1109 0.1902 0.9755
vn -0.3191 0.7579 0.5690
vn 0.0280 0.5241 0.8512
vn -0.3824 0.3646 0.8490
vn 0.1766 0.4316 0.8846
vn -0.1455 0.1974 0.9695
vn -0.0672 0.3007 0.9513
vn -0.2101 0.3117 0.9267
vn -0.1830 0.4433 0.8775
vn -0.2054 0.7238 0.6587
vn 0.7536 -0.4481 0.4810
vn -0.2269 0.6960 0.6812
vn -0.2837 0.2391 0.9286
vn -0.6278 -0.7358 0.2539
vn 0.1508 -0.9871 -0.0544
vn -0.0985 -0.7831 0.6140
vn 0.1508 -0.9871 0.0544
vn -0.6278 -0.7358 -0.2539
vn -0.0985 -0.7831 -0.6140
vn 0.5925 -0.8037 -0.0544
vn 0.3431 -0.5998 -0.7228
vn 0.1825 -0.6665 0.7228
vn 0.4195 0.1741 0.8909
vn 0.6241 -0.4832 0.6140
vn 0.0985 0.7831 0.6140
vn -0.0221 -0.0092 0.9997
vn -0.5925 0.8037 0.0544
vn -0.3431 0.5998 0.7228
vn -0.1825 0.6665 -0.7228
vn -0.1508 0.9871 -0.0544
vn -0.4195 -0.1741 -0.8909
vn -0.6241 0.4832 -0.6140
vn 0.2536 0.1127 -0.9607
vn 0.1192 -0.7213 -0.6823
vn -0.1826 -0.1108 -0.9769
vn 0.3834 -0.9236 -0.0000
vn 0.4160 -0.5929 0.6895
vn -0.1262 0.7132 0.6895
vn -0.3834 0.9236 -0.0000
vn 0.5789 0.2403 -0.7791
vn 0.0221 0.0092 -0.9997
vn -0.4480 -0.6611 0.6019
vn 0.7844 -0.1495 -0.6019
vn 0.9441 -0.2801 -0.1740
vn -0.5790 -0.2403 0.7791
vn 0.8333 0.3459 0.4312
vn -0.7844 0.1496 0.6019
vn 0.6278 0.7358 0.2539
vn -0.9643 0.0749 -0.2539
vn 0.4480 0.6611 -0.6019
vn 0.5554 -0.4978 -0.6661
vn 0.9801 -0.1951 0.0357
vn 0.6596 -0.7512 0.0234
vn -0.4148 -0.9098 -0.0161
vn 0.2234 -0.9747 0.0072
vn 0.9006 0.3738 -0.2219
vn -0.1181 0.6844 -0.7195
vn -0.6274 0.7785 -0.0156
vn -0.1712 0.9843 -0.0433
vn -0.4160 0.5929 -0.6895
vn 0.2049 0.0851 0.9751
vn -0.2049 -0.0851 -0.9751
vn 0.1262 -0.7132 -0.6895
vn -0.4554 0.8901 -0.0158
vn -0.3479 0.6287 0.6955
vn -0.5165 -0.7412 -0.4287
vn -0.8770 -0.4512 -0.1651
vn -0.7029 -0.3627 -0.6119
vn 0.0690 -0.7226 0.6878
vn 0.1826 0.1108 0.9769
vn 0.5052 -0.4991 0.7040
vn -0.5554 0.4978 0.6661
vn -0.2536 -0.1127 0.9607
vn -0.2234 0.9747 -0.0072
vn -0.1192 0.7213 0.6823
vn -0.5052 0.4991 -0.7040
vn -0.6596 0.7512 -0.0234
vn -0.0690 0.7226 -0.6878
vn 0.0273 -0.7473 -0.6639
vn 0.4554 -0.8901 0.0158
vn 0.2962 -0.6301 0.7178
vn 0.9134 -0.0329 -0.4057
vn -0.5137 -0.7484 0.4196
vn 0.8813 -0.0337 0.4714
vn -0.7202 -0.3579 0.5943
vn -0.9134 0.0329 0.4057
vn 0.6748 0.3567 0.6461
vn -0.9801 0.1951 -0.0357
vn 0.4816 0.7475 0.4575
vn 0.5137 0.7484 -0.4196
vn -0.6748 -0.3567 -0.6461
vn 0.7202 0.3579 -0.5943
vn 0.4260 -0.5493 -0.7189
vn 0.1826 -0.9831 0.0125
vn 0.1282 0.0541 -0.9903
vn -0.2670 -0.1478 -0.9523
vn -0.8895 -0.4557 -0.0330
vn -0.2962 0.6301 -0.7178
vn -0.0366 -0.0010 0.9993
vn 0.0366 0.0010 -0.9993
vn 0.3479 -0.6287 -0.6955
vn -0.9193 -0.3816 0.0966
vn -0.8333 -0.3459 -0.4312
vn 0.6157 0.2593 -0.7441
vn 0.8086 -0.1203 -0.5760
vn 0.3198 0.1347 0.9379
vn 0.1043 -0.7079 0.6986
vn 0.5701 -0.5122 0.6423
vn -0.4750 0.5526 0.6848
vn 0.0095 0.7598 0.6501
vn -0.5376 0.4813 -0.6923
vn 0.6106 -0.7904 -0.0495
vn -0.1692 -0.0683 0.9832
vn -0.8915 0.0323 -0.4519
vn 0.9496 -0.2720 -0.1559
vn 0.9525 -0.0887 0.2913
vn 0.5969 0.7448 0.2984
vn 0.8054 0.3384 0.4866
vn 0.4715 0.6656 -0.5785
vn 0.4588 0.8755 -0.1517
vn 0.4160 -0.5929 -0.6895
vn -0.4310 -0.9024 -0.0002
vn -0.5010 -0.7419 0.4455
vn -0.6952 -0.3354 0.6358
vn -0.8952 0.0700 0.4402
vn -0.9753 0.2200 -0.0185
vn 0.8674 0.3600 -0.3436
vn 0.9093 0.2804 -0.3075
vn -0.8447 -0.4878 0.2201
vn -0.8773 -0.4612 0.1328
vn 0.9419 0.2538 -0.2201
vn -0.4682 -0.8663 0.1740
vn 0.9643 -0.0749 0.2539
vn 0.9460 0.2957 -0.1327
vn -0.8406 -0.4459 0.3075
vn 0.9193 0.3816 -0.0966
vn -0.9093 -0.2804 0.3075
vn -0.8674 -0.3600 0.3436
vn 0.8773 0.4612 -0.1328
vn -0.9419 -0.2538 0.2201
vn 0.8447 0.4878 -0.2201
vn 0.4682 0.8663 -0.1740
vn -0.9441 0.2801 0.1740
vn 0.8406 0.4459 -0.3075
vn -0.9460 -0.2957 0.1328
vn -0.8383 -0.5317 -0.1209
vn -0.8777 -0.4519 -0.1594
vn 0.9264 0.3724 -0.0554
vn -0.4815 -0.7475 -0.4575
vn 0.9401 0.3393 0.0347
vn -0.8247 -0.5648 -0.0307
vn 0.9199 0.3722 0.1237
vn -0.8448 -0.5319 0.0582
vn 0.8777 0.4519 0.1594
vn -0.9264 -0.3724 0.0554
vn -0.8870 -0.4522 0.0939
vn 0.8383 0.5317 0.1209
vn 0.8247 0.5648 0.0307
vn 0.4148 0.9098 0.0161
vn -0.8813 0.0337 -0.4714
vn -0.9401 -0.3393 -0.0347
vn 0.8448 0.5319 -0.0582
vn -0.9199 -0.3722 -0.1237
vn 0.8870 0.4522 -0.0939
vn -0.8355 -0.5352 -0.1245
vn -0.8206 -0.5707 -0.0298
vn -0.8414 -0.5364 0.0652
vn -0.8864 -0.4512 0.1038
vn -0.9431 -0.3307 -0.0341
vn -0.9286 -0.3657 0.0626
vn -0.9215 -0.3667 -0.1283
vn 0.8656 0.3595 -0.3485
vn 0.9096 0.2758 -0.3108
vn 0.9441 0.2465 -0.2190
vn 0.9487 0.2902 -0.1255
vn 0.9201 0.3821 -0.0864
vn 0.8751 0.4674 -0.1253
vn 0.8407 0.4953 -0.2189
vn 0.8371 0.4500 -0.3111
vn 0.9496 -0.2720 0.1559
vn 0.9096 0.2758 0.3108
vn 0.8086 -0.1203 0.5760
vn -0.9193 -0.3816 -0.0966
vn -0.8773 -0.4612 -0.1328
vn -0.4480 -0.6611 -0.6019
vn -0.4682 -0.8663 -0.1740
vn -0.0221 -0.0092 -0.9997
vn 0.1825 -0.6665 -0.7228
vn -0.7844 0.1495 -0.6019
vn -0.5789 -0.2403 -0.7792
vn -0.5925 0.8037 -0.0544
vn -0.3431 0.5998 -0.7228
vn -0.9643 0.0749 0.2539
vn -0.9441 0.2801 -0.1740
vn -0.8333 -0.3459 0.4312
vn -0.6241 0.4832 0.6140
vn -0.6748 -0.3567 0.6461
vn 0.1192 -0.7213 0.6823
vn -0.1826 -0.1108 0.9769
vn -0.1262 0.7132 -0.6895
vn 0.3431 -0.5998 0.7228
vn 0.5790 0.2403 0.7791
vn 0.0221 0.0092 0.9997
vn -0.8447 -0.4878 -0.2201
vn 0.5925 -0.8037 0.0544
vn 0.7844 -0.1496 0.6019
vn 0.9643 -0.0749 -0.2539
vn 0.6241 -0.4832 -0.6140
vn -0.8406 -0.4459 -0.3075
vn 0.8333 0.3459 -0.4312
vn 0.4195 0.1741 -0.8909
vn -0.8674 -0.3600 -0.3436
vn 0.0985 0.7831 -0.6140
vn -0.9093 -0.2804 -0.3075
vn -0.1508 0.9871 0.0544
vn 0.6278 0.7358 -0.2539
vn -0.9419 -0.2538 -0.2201
vn 0.4480 0.6611 0.6019
vn -0.1825 0.6665 0.7228
vn -0.9460 -0.2957 -0.1328
vn -0.8383 -0.5317 0.1209
vn -0.4816 -0.7475 0.4575
vn 0.9006 0.3738 0.2219
vn -0.4160 0.5929 0.6895
vn 0.2050 0.0851 -0.9751
vn 0.2049 0.0851 -0.9751
vn 0.1262 -0.7132 0.6895
vn -0.2049 -0.0851 0.9751
vn -0.3479 0.6287 -0.6954
vn -0.4554 0.8901 0.0158
vn -0.3479 0.6287 -0.6955
vn -0.5137 -0.7484 -0.4196
vn 0.2234 -0.9747 -0.0072
vn -0.4148 -0.9098 0.0161
vn -0.7202 -0.3579 -0.5943
vn 0.0690 -0.7226 -0.6878
vn -0.5554 0.4978 -0.6661
vn -0.2536 -0.1127 -0.9607
vn -0.9134 0.0329 -0.4057
vn -0.6596 0.7512 0.0234
vn -0.9801 0.1951 0.0357
vn -0.5052 0.4991 0.7040
vn -0.8813 0.0338 0.4714
vn 0.0273 -0.7473 0.6639
vn -0.7029 -0.3627 0.6119
vn -0.5165 -0.7412 0.4287
vn 0.4554 -0.8901 -0.0158
vn 0.2962 -0.6301 -0.7178
vn -0.8777 -0.4519 0.1594
vn 0.9134 -0.0329 0.4057
vn 0.2536 0.1127 0.9607
vn 0.5554 -0.4978 0.6661
vn -0.8246 -0.5648 0.0307
vn 0.9801 -0.1951 -0.0357
vn 0.6596 -0.7512 -0.0234
vn 0.8813 -0.0337 -0.4714
vn 0.5052 -0.4991 -0.7040
vn -0.8448 -0.5319 -0.0582
vn 0.1826 0.1108 -0.9769
vn -0.8870 -0.4522 -0.0939
vn 0.4815 0.7475 -0.4575
vn -0.1192 0.7213 -0.6823
vn -0.9264 -0.3724 -0.0554
vn 0.4148 0.9098 -0.0161
vn -0.2234 0.9747 0.0072
vn -0.9401 -0.3393 0.0347
vn -0.0690 0.7226 0.6878
vn -0.9199 -0.3722 0.1237
vn 0.5137 0.7484 0.4196
vn 0.1826 -0.9831 -0.0125
vn 0.4260 -0.5493 0.7189
vn -0.4310 -0.9024 0.0002
vn -0.8895 -0.4557 0.0330
vn -0.2962 0.6301 0.7178
vn -0.0366 -0.0010 -0.9993
vn 0.3479 -0.6287 0.6955
vn 0.0366 0.0010 0.9993
vn -0.4195 -0.1741 0.8909
vn 0.9093 0.2804 0.3075
vn -0.9753 0.2200 0.0185
vn -0.4750 0.5526 -0.6848
vn -0.8952 0.0700 -0.4402
vn -0.5377 0.4813 0.6923
vn -0.8915 0.0323 0.4519
vn 0.1043 -0.7079 -0.6986
vn -0.5010 -0.7419 -0.4455
vn -0.6952 -0.3354 -0.6358
vn -0.6274 0.7785 0.0156
vn 0.6157 0.2593 0.7441
vn 0.1282 0.0542 0.9903
vn -0.1692 -0.0683 -0.9832
vn -0.8770 -0.4512 0.1651
vn -0.1712 0.9843 0.0433
vn 0.4715 0.6656 0.5785
vn 0.4588 0.8755 0.1517
vn 0.3198 0.1347 -0.9379
vn 0.9525 -0.0887 -0.2913
vn 0.5701 -0.5122 -0.6423
vn 0.0095 0.7598 -0.6501
vn 0.5969 0.7448 -0.2984
vn -0.1181 0.6844 0.7195
vn 0.6106 -0.7904 0.0495
vn 0.8054 0.3384 -0.4866
vn -0.8355 -0.5352 0.1245
vn -0.8206 -0.5707 0.0298
vn -0.8414 -0.5364 -0.0652
vn -0.8863 -0.4512 -0.1038
vn -0.9286 -0.3657 -0.0626
vn -0.9431 -0.3307 0.0341
vn -0.9215 -0.3667 0.1283
vn 0.9419 0.2538 0.2201
vn 0.9441 -0.2801 0.1740
vn 0.9460 0.2957 0.1328
vn 0.9193 0.3816 0.0966
vn 0.4682 0.8663 0.1740
vn 0.8773 0.4612 0.1328
vn 0.8447 0.4878 0.2201
vn 0.8406 0.4459 0.3075
vn 0.8870 0.4522 0.0939
vn 0.7202 0.3579 0.5943
vn 0.9264 0.3724 0.0554
vn 0.9401 0.3393 -0.0347
vn 0.6748 0.3567 -0.6461
vn 0.9199 0.3722 -0.1237
vn 0.8777 0.4519 -0.1594
vn 0.8383 0.5317 -0.1209
vn 0.8247 0.5648 -0.0307
vn 0.8448 0.5319 0.0582
vn -0.2670 -0.1478 0.9523
vn 0.8656 0.3595 0.3485
vn 0.9441 0.2465 0.2190
vn 0.9487 0.2902 0.1255
vn 0.8751 0.4674 0.1253
vn 0.9201 0.3821 0.0864
vn 0.8407 0.4953 0.2189
vn 0.8371 0.4500 0.3111
vn -0.5224 -0.7500 -0.4058
vn -0.9105 -0.3904 0.1362
vn -0.5186 -0.7510 -0.4088
vn 0.1777 -0.6741 -0.7170
vn 0.7654 -0.2089 -0.6087
vn 0.7718 -0.1997 -0.6037
vn -0.1729 0.6761 0.7162
vn 0.5224 0.7500 0.4058
vn -0.1777 0.6741 0.7170
vn 0.1729 -0.6761 -0.7162
vn -0.7654 0.2089 0.6087
vn -0.7718 0.1997 0.6037
vn 0.9105 0.3904 -0.1362
vn 0.5186 0.7510 0.4088
vn -0.9126 -0.3822 0.1450
vn -0.3663 0.6494 -0.6665
vn -0.7712 0.1997 0.6044
vn -0.1738 0.6559 0.7346
vn -0.1631 0.6511 0.7412
vn 0.5094 0.7355 0.4467
vn 0.5337 0.7291 0.4283
vn 0.9160 0.3866 -0.1073
vn 0.9192 0.3741 -0.1228
vn -0.9207 -0.3685 0.1287
vn -0.9136 -0.3948 0.0975
vn -0.5307 -0.7303 -0.4300
vn 0.7769 -0.2121 -0.5929
vn 0.7415 -0.2428 -0.6255
vn 0.1569 -0.6665 -0.7288
vn 0.1039 -0.6744 -0.7311
vn -0.3811 0.5855 -0.7155
vn -0.4033 0.4451 -0.7995
vn -0.3802 0.5900 -0.7123
vn -0.3456 0.7190 -0.6030
vn -0.3008 0.8264 -0.4761
vn -0.5224 -0.7500 0.4058
vn -0.9105 -0.3904 -0.1362
vn -0.9126 -0.3822 -0.1450
vn 0.1777 -0.6741 0.7170
vn 0.7654 -0.2089 0.6087
vn 0.1729 -0.6761 0.7162
vn -0.1729 0.6761 -0.7162
vn 0.5224 0.7500 -0.4058
vn 0.5186 0.7510 -0.4088
vn -0.5186 -0.7510 0.4088
vn -0.7654 0.2089 -0.6087
vn -0.1777 0.6741 -0.7170
vn 0.9105 0.3904 0.1362
vn 0.9126 0.3822 0.1450
vn -0.7718 0.1997 -0.6037
vn -0.3663 0.6494 0.6665
vn -0.7712 0.1997 -0.6044
vn -0.1738 0.6559 -0.7346
vn -0.7715 0.2107 -0.6003
vn 0.5094 0.7355 -0.4467
vn 0.5337 0.7291 -0.4283
vn 0.9160 0.3866 0.1073
vn -0.9207 -0.3685 -0.1287
vn -0.9136 -0.3948 -0.0975
vn -0.5307 -0.7303 0.4300
vn -0.5141 -0.7345 0.4430
vn 0.7769 -0.2121 0.5929
vn 0.9192 0.3741 0.1228
vn 0.1569 -0.6665 0.7288
vn 0.7415 -0.2428 0.6255
vn 0.1039 -0.6744 0.7311
vn -0.3811 0.5855 0.7155
vn -0.4033 0.4451 0.7995
vn -0.3008 0.8264 0.4761
vn -0.3456 0.7190 0.6030
vn -0.3802 0.5900 0.7123
vn 0.9126 0.3822 -0.1450
vn 0.7718 -0.1997 0.6037
vn -0.4658 0.0346 0.8842
vn -0.4642 -0.0771 0.8824
vn -0.4047 -0.0254 0.9141
vn -0.7431 0.2040 0.6373
vn -0.7153 0.1012 0.6914
vn -0.7009 0.1850 0.6889
vn -0.2844 0.1343 0.9492
vn -0.3635 0.2131 0.9069
vn -0.3502 0.1317 0.9274
vn -0.6405 0.1587 0.7514
vn -0.6490 0.1093 0.7529
vn -0.5422 -0.0090 0.8402
vn -0.6039 -0.0888 0.7921
vn -0.5342 -0.0994 0.8395
vn -0.3646 0.0479 0.9299
vn -0.5818 0.2325 0.7794
vn -0.5313 0.3322 0.7793
vn -0.6013 0.3100 0.7365
vn -0.6169 0.2020 0.7607
vn -0.6608 0.2583 0.7047
vn -0.4336 0.1273 0.8921
vn -0.4993 0.2394 0.8327
vn -0.4026 0.2798 0.8715
vn -0.4615 0.3216 0.8268
vn -0.4415 0.1753 0.8800
vn -0.7020 0.0198 0.7119
vn -0.6181 0.0219 0.7858
vn -0.6629 -0.0469 0.7473
vn -0.5459 0.1193 0.8293
vn -0.6412 0.0613 0.7650
vn -0.6907 0.2999 0.6580
vn -0.3033 0.0247 0.9526
vn -0.5251 -0.1679 0.8343
vn -0.6164 -0.1540 0.7723
vn -0.3557 -0.0712 0.9319
vn -0.4301 0.3828 0.8176
vn -0.6129 0.3675 0.6995
vn -0.6934 -0.0993 0.7137
vn -0.4336 -0.1388 0.8904
vn -0.7446 -0.0121 0.6674
vn -0.7620 0.0944 0.6406
vn -0.4422 0.0779 0.8935
vn -0.5405 0.2456 0.8047
vn -0.5009 0.0041 0.8655
vn -0.3530 0.3280 0.8762
vn -0.3019 0.2408 0.9224
vn -0.5833 -0.0027 0.8122
vn -0.4646 0.2147 0.8591
vn -0.5972 -0.7497 -0.2852
vn -0.7766 -0.4436 -0.4473
vn 0.7766 0.4436 0.4473
vn 0.8378 0.0699 0.5414
vn -0.3268 -0.9417 -0.0796
vn -0.4888 0.5375 0.6871
vn 0.0315 0.8871 0.4604
vn -0.2510 0.9301 0.2683
vn -0.4946 -0.3225 0.8070
vn -0.5323 0.0822 0.8426
vn -0.5457 0.0780 0.8344
vn 0.5971 0.7497 0.2852
vn -0.3145 0.8883 -0.3348
vn 0.0067 0.9904 -0.1381
vn -0.0066 -0.9904 0.1381
vn 0.3268 0.9417 0.0796
vn -0.5877 0.6509 -0.4805
vn 0.3145 -0.8883 0.3348
vn -0.7715 0.3145 -0.5530
vn 0.5878 -0.6509 0.4805
vn -0.8379 -0.0699 -0.5414
vn 0.7715 -0.3145 0.5531
vn -0.5703 0.0880 0.8167
vn -0.8289 -0.0851 0.5528
vn -0.7510 -0.2180 0.6233
vn -0.5459 0.1171 0.8296
vn -0.0489 0.9974 -0.0530
vn 0.3211 0.9429 0.0881
vn 0.0010 0.9916 -0.1296
vn 0.2701 0.7177 0.6418
vn -0.3498 0.5164 0.7816
vn -0.2324 0.4330 0.8709
vn -0.5445 0.1210 0.8300
vn -0.5318 0.1584 0.8319
vn -0.5451 0.1214 0.8295
vn -0.5476 0.1183 0.8283
vn -0.5777 0.1007 0.8100
vn -0.6336 -0.3014 0.7125
vn 0.0207 -0.7277 0.6856
vn -0.2627 -0.8178 0.5121
vn -0.5451 0.1604 0.8229
vn 0.5291 -0.6354 0.5624
vn 0.3088 -0.8870 0.3433
vn 0.5821 -0.6496 0.4890
vn -0.7838 -0.6054 0.1386
vn -0.5452 -0.7749 0.3200
vn -0.6496 -0.7337 -0.1993
vn -0.3806 -0.9247 0.0052
vn -0.5209 0.0921 0.8486
vn -0.3552 -0.2782 0.8924
vn -0.2365 -0.1751 0.9557
vn 0.2618 -0.5182 0.8142
vn -0.5590 0.0800 0.8253
vn -0.5472 0.1176 0.8287
vn -0.6283 0.4932 0.6017
vn -0.5585 0.1562 0.8147
vn -0.5452 0.1173 0.8301
vn -0.5343 0.8399 0.0948
vn -0.5466 0.1213 0.8286
vn -0.1567 -0.0291 0.9872
vn -0.5133 0.1061 0.8516
vn 0.4240 -0.2213 0.8782
vn -0.5466 0.1172 0.8291
vn -0.7469 0.3901 0.5385
vn -0.7755 0.6305 -0.0338
vn -0.5441 0.1186 0.8306
vn -0.5105 0.1221 0.8512
vn -0.1279 0.1378 0.9822
vn -0.9421 -0.3353 -0.0045
vn -0.5472 0.1208 0.8283
vn -0.5699 0.1463 0.8086
vn 0.4825 0.1178 0.8679
vn -0.8267 0.2440 0.5069
vn -0.9376 0.3336 -0.0978
vn -0.5440 0.1195 0.8306
vn -0.5131 0.1377 0.8472
vn -0.1545 0.3001 0.9413
vn -0.5775 0.1323 0.8056
vn 0.4284 0.4475 0.7850
vn -0.9961 -0.0055 -0.0875
vn -0.5803 0.1163 0.8061
vn -0.8555 0.0771 0.5120
vn -0.5205 0.1504 0.8405
vn -0.5476 0.1200 0.8281
vn -0.5441 0.1203 0.8303
vn -0.5478 0.1192 0.8281
vn -0.0622 -0.9731 0.2218
vn 0.2573 -0.8715 0.4174
vn -0.3324 -0.9405 -0.0710
vn -0.8281 -0.4291 -0.3606
vn 0.2695 0.9490 0.1636
vn -0.3201 0.8895 -0.3262
vn -0.3684 0.8958 -0.2486
vn -0.0123 -0.9891 0.1466
vn 0.7659 -0.3132 0.5616
vn 0.7120 -0.3007 0.6346
vn -0.5933 0.6521 -0.4719
vn -0.6402 0.6597 -0.3936
vn 0.8322 0.0711 0.5499
vn 0.7779 0.0816 0.6230
vn -0.8231 0.3250 -0.4658
vn -0.7771 0.3157 -0.5445
vn 0.7709 0.4448 0.4559
vn 0.7170 0.4534 0.5294
vn -0.8890 -0.0574 -0.4542
vn -0.8434 -0.0686 -0.5328
vn 0.5385 0.7580 0.3681
vn 0.5915 0.7509 0.2937
vn -0.7822 -0.4423 -0.4388
vn -0.6027 -0.7484 -0.2766
vn -0.4047 -0.0254 -0.9141
vn -0.5009 0.0041 -0.8655
vn -0.4658 0.0346 -0.8842
vn -0.7009 0.1850 -0.6889
vn -0.7620 0.0945 -0.6406
vn -0.7431 0.2040 -0.6373
vn -0.3635 0.2131 -0.9069
vn -0.2844 0.1343 -0.9492
vn -0.3502 0.1317 -0.9274
vn -0.6405 0.1587 -0.7514
vn -0.7153 0.1012 -0.6914
vn -0.6040 -0.0888 -0.7921
vn -0.5422 -0.0090 -0.8402
vn -0.5342 -0.0994 -0.8395
vn -0.4422 0.0779 -0.8935
vn -0.3646 0.0479 -0.9299
vn -0.5313 0.3322 -0.7793
vn -0.5818 0.2325 -0.7794
vn -0.6013 0.3100 -0.7365
vn -0.6169 0.2020 -0.7607
vn -0.6608 0.2583 -0.7047
vn -0.4336 0.1273 -0.8921
vn -0.4026 0.2798 -0.8715
vn -0.4993 0.2394 -0.8327
vn -0.4615 0.3216 -0.8268
vn -0.4415 0.1753 -0.8800
vn -0.4646 0.2147 -0.8591
vn -0.6412 0.0613 -0.7650
vn -0.7020 0.0198 -0.7119
vn -0.6181 0.0219 -0.7858
vn -0.6629 -0.0469 -0.7473
vn -0.5405 0.2456 -0.8047
vn -0.5833 -0.0027 -0.8122
vn -0.5459 0.1193 -0.8293
vn -0.6907 0.2999 -0.6580
vn -0.3033 0.0247 -0.9526
vn -0.6129 0.3675 -0.6995
vn -0.3557 -0.0712 -0.9319
vn -0.5251 -0.1679 -0.8343
vn -0.6164 -0.1540 -0.7723
vn -0.4642 -0.0771 -0.8824
vn -0.4336 -0.1388 -0.8904
vn -0.4301 0.3828 -0.8176
vn -0.5213 0.3966 -0.7556
vn -0.6934 -0.0993 -0.7137
vn -0.7446 -0.0121 -0.6674
vn -0.6490 0.1093 -0.7529
vn -0.3530 0.3280 -0.8762
vn -0.3019 0.2408 -0.9224
vn -0.7766 -0.4436 0.4474
vn -0.5972 -0.7497 0.2852
vn 0.7766 0.4436 -0.4473
vn 0.8378 0.0699 -0.5414
vn -0.3268 -0.9417 0.0796
vn 0.0315 0.8871 -0.4604
vn -0.4888 0.5375 -0.6871
vn -0.2510 0.9301 -0.2683
vn -0.5457 0.0780 -0.8344
vn -0.3552 -0.2782 -0.8924
vn -0.4946 -0.3226 -0.8070
vn 0.5971 0.7497 -0.2852
vn 0.0066 0.9904 0.1381
vn -0.3145 0.8883 0.3348
vn -0.0066 -0.9904 -0.1381
vn 0.3268 0.9417 -0.0796
vn -0.5877 0.6509 0.4805
vn 0.3145 -0.8883 -0.3348
vn -0.7715 0.3145 0.5531
vn -0.7715 0.3144 0.5531
vn 0.5878 -0.6509 -0.4805
vn -0.8378 -0.0699 0.5414
vn 0.7715 -0.3145 -0.5530
vn -0.7510 -0.2181 -0.6232
vn -0.5777 0.1007 -0.8100
vn -0.5703 0.0880 -0.8167
vn -0.5323 0.0822 -0.8426
vn -0.5459 0.1171 -0.8296
vn -0.5451 0.1173 -0.8301
vn 0.0010 0.9916 0.1296
vn 0.2695 0.9490 -0.1636
vn -0.0489 0.9974 0.0530
vn -0.2324 0.4330 -0.8709
vn 0.2701 0.7177 -0.6419
vn -0.5445 0.1210 -0.8300
vn -0.5318 0.1584 -0.8319
vn -0.5205 0.1504 -0.8405
vn -0.5472 0.1176 -0.8287
vn -0.6336 -0.3014 -0.7125
vn -0.5590 0.0800 -0.8253
vn -0.2627 -0.8178 -0.5121
vn 0.0207 -0.7277 -0.6856
vn -0.5451 0.1604 -0.8229
vn 0.5821 -0.6496 -0.4890
vn 0.2573 -0.8715 -0.4174
vn 0.5291 -0.6354 -0.5624
vn -0.5459 0.1216 -0.8290
vn -0.7838 -0.6054 -0.1386
vn -0.5452 -0.7749 -0.3200
vn -0.6496 -0.7337 0.1993
vn -0.3806 -0.9247 -0.0052
vn -0.2365 -0.1751 -0.9557
vn -0.5209 0.0921 -0.8486
vn 0.2618 -0.5182 -0.8142
vn -0.5466 0.1172 -0.8292
vn -0.6283 0.4932 -0.6017
vn -0.5585 0.1562 -0.8147
vn -0.5445 0.1178 -0.8304
vn -0.5343 0.8399 -0.0948
vn -0.5466 0.1213 -0.8286
vn -0.5133 0.1061 -0.8516
vn 0.4240 -0.2213 -0.8782
vn -0.1567 -0.0291 -0.9872
vn -0.7469 0.3901 -0.5384
vn -0.7755 0.6305 0.0338
vn -0.5699 0.1463 -0.8086
vn -0.5441 0.1186 -0.8306
vn -0.5105 0.1221 -0.8512
vn -0.9421 -0.3353 0.0045
vn -0.8289 -0.0851 -0.5528
vn -0.5472 0.1208 -0.8282
vn 0.4825 0.1178 -0.8679
vn -0.1279 0.1378 -0.9822
vn -0.8267 0.2440 -0.5069
vn -0.9376 0.3336 0.0978
vn -0.5775 0.1323 -0.8056
vn -0.5440 0.1195 -0.8306
vn -0.1545 0.3001 -0.9413
vn -0.5131 0.1377 -0.8472
vn -0.5476 0.1200 -0.8281
vn 0.4285 0.4475 -0.7849
vn -0.9961 -0.0055 0.0875
vn -0.8555 0.0771 -0.5120
vn -0.5803 0.1163 -0.8061
vn -0.5441 0.1203 -0.8303
vn -0.5477 0.1191 -0.8281
vn -0.3498 0.5164 -0.7816
vn -0.5476 0.1183 -0.8283
vn -0.0123 -0.9891 -0.1466
vn -0.0622 -0.9731 -0.2218
vn -0.6027 -0.7485 0.2766
vn -0.8281 -0.4291 0.3606
vn -0.3684 0.8958 0.2486
vn 0.7120 -0.3007 -0.6346
vn -0.5933 0.6521 0.4719
vn -0.6402 0.6597 0.3936
vn 0.8322 0.0711 -0.5499
vn 0.7779 0.0816 -0.6230
vn -0.7771 0.3157 0.5445
vn -0.8231 0.3250 0.4658
vn 0.7709 0.4448 -0.4559
vn 0.7170 0.4534 -0.5294
vn -0.8891 -0.0574 0.4542
vn 0.5915 0.7509 -0.2937
vn 0.5385 0.7580 -0.3681
vn -0.8434 -0.0686 0.5328
vn 0.3211 0.9429 -0.0881
vn -0.7822 -0.4423 0.4388
vn 0.3134 -0.8540 -0.4152
vn -0.1239 -0.9076 0.4011
vn -0.1725 -0.8718 -0.4584
vn 0.5014 0.4992 0.7067
vn 0.0381 -0.1452 0.9887
vn 0.1471 0.8249 0.5458
vn 0.1632 -0.0329 0.9861
vn 0.4238 -0.7925 0.4385
vn -0.6636 0.5433 -0.5144
vn -0.5832 0.0199 0.8121
vn -0.7314 -0.4890 -0.4753
vn 0.0570 -0.0890 -0.9944
vn -0.6164 -0.5617 -0.5518
vn 0.0712 0.8983 -0.4336
vn -0.2232 0.8245 0.5200
vn -0.3330 0.7954 -0.5064
vn 0.6888 0.5953 -0.4138
vn -0.0784 -0.0121 -0.9968
vn 0.9388 -0.1015 -0.3292
vn 0.1577 0.0186 -0.9873
vn -0.5392 0.5877 -0.6032
vn -0.9707 0.0852 0.2246
vn -0.7266 0.6351 0.2622
vn -0.3481 0.0172 0.9373
vn -0.7522 -0.5820 0.3092
vn -0.2377 -0.1973 0.9511
vn 0.6746 -0.0854 0.7333
vn -0.0918 0.9708 0.2216
vn -0.2752 0.2041 0.9395
vn 0.0830 0.4060 0.9101
vn 0.1604 -0.0130 -0.9870
vn 0.7232 -0.6328 -0.2766
vn -0.7418 0.0879 -0.6648
vn 0.4492 -0.4963 0.7429
vn -0.2125 0.7644 -0.6087
vn -0.0951 -0.2169 -0.9715
vn 0.1429 -0.9760 -0.1645
vn 0.3654 0.9289 0.0605
vn -0.3026 -0.9528 0.0236
vn -0.4224 -0.2930 -0.8577
vn -0.2312 -0.5039 -0.8323
vn -0.0307 0.6751 -0.7371
vn 0.2356 0.3609 -0.9024
vn 0.4438 0.3515 0.8243
vn 0.0790 -0.6352 0.7683
vn 0.1836 -0.6048 0.7749
vn 0.5167 0.8406 -0.1623
vn 0.2797 0.5185 0.8081
vn -0.0343 -0.6129 0.7894
vn 0.2082 0.1958 0.9583
vn -0.3461 -0.9367 -0.0528
vn 0.0709 -0.3004 -0.9512
vn 0.8099 0.0667 -0.5828
vn 0.8168 0.5335 0.2194
vn 0.0479 0.5838 0.8105
vn -0.5434 0.6888 0.4799
vn 0.7696 -0.4562 -0.4467
vn 0.8613 -0.2501 0.4422
vn -0.0361 -0.1097 -0.9933
vn -0.0868 -0.1516 -0.9846
vn 0.1885 0.8559 -0.4815
vn -0.7449 0.5827 -0.3249
vn -0.7515 0.5339 -0.3875
vn -0.0703 0.8254 0.5602
vn -0.6984 -0.0398 0.7146
vn -0.0424 0.3433 0.9383
vn 0.8326 0.4371 0.3402
vn -0.0689 0.7905 0.6085
vn 0.8346 0.4504 0.3171
vn 0.8452 -0.1092 0.5232
vn 0.7923 0.6101 -0.0033
vn 0.9102 -0.3664 0.1930
vn 0.8384 -0.5420 -0.0585
vn 0.9037 0.3671 0.2204
vn 0.8032 -0.3812 -0.4579
vn 0.2363 0.1634 0.9579
vn 0.9266 0.0882 0.3656
vn -0.9022 0.3269 0.2813
vn -0.8276 -0.4427 -0.3451
vn -0.8241 -0.4627 -0.3268
vn 0.0673 -0.7585 -0.6482
vn 0.0671 -0.7585 -0.6482
vn -0.1412 0.9044 -0.4028
vn 0.8173 0.5193 -0.2498
vn -0.0993 0.9789 -0.1785
vn 0.8953 -0.3217 -0.3081
vn 0.8937 -0.3409 -0.2917
vn 0.8276 0.4427 0.3451
vn -0.0673 0.7585 0.6482
vn -0.8993 0.3154 0.3030
vn 0.1105 0.9863 0.1222
vn -0.7247 0.4565 0.5161
vn 0.1532 0.7344 0.6612
vn 0.8993 -0.3154 -0.3030
vn -0.9070 0.4135 0.0793
vn -0.1479 -0.7848 0.6018
vn 0.7333 -0.6586 0.1688
vn 0.7578 -0.6132 0.2230
vn 0.8941 -0.4469 0.0286
vn 0.0821 -0.9796 0.1834
vn 0.8814 -0.4682 -0.0624
vn 0.7969 0.4590 -0.3926
vn 0.0689 -0.7905 -0.6085
vn -0.8326 -0.4371 -0.3402
vn -0.8953 0.3218 0.3081
vn -0.8346 -0.4504 -0.3171
vn -0.8785 0.4586 0.1341
vn -0.8946 -0.4439 -0.0510
vn -0.8584 -0.4733 -0.1981
vn 0.8241 0.4626 0.3268
vn -0.0716 0.8383 0.5404
vn -0.0684 0.7905 0.6086
vn -0.8937 0.3408 0.2917
vn -0.0671 0.7585 0.6482
vn 0.0602 -0.9402 -0.3352
vn 0.9046 -0.3486 -0.2453
vn 0.0699 -0.8382 -0.5409
vn -0.8360 -0.4699 -0.2834
vn 0.0684 -0.7905 -0.6086
vn 0.8206 0.4893 0.2954
vn 0.9022 -0.3269 -0.2813
vn 0.3096 -0.9500 -0.0412
vn -0.5802 -0.6915 -0.4304
vn 0.3401 -0.8056 -0.4852
vn -0.0707 0.9929 0.0956
vn 0.8396 0.5215 0.1520
vn -0.0714 0.9771 0.2002
vn 0.0059 -0.9850 0.1724
vn -0.8189 -0.5618 0.1177
vn -0.7915 -0.5559 0.2542
vn 0.8830 0.4670 0.0476
vn 0.9184 -0.3804 -0.1092
vn 0.1632 0.7538 -0.6365
vn -0.7026 0.6988 -0.1341
vn 0.1631 0.7508 -0.6401
vn -0.8325 -0.5537 -0.0158
vn -0.9008 0.4320 0.0437
vn -0.8328 -0.5317 -0.1543
vn 0.8805 -0.4670 -0.0815
vn 0.8808 -0.4706 -0.0524
vn -0.0789 0.9399 0.3323
vn 0.7974 0.5611 0.2221
vn -0.2006 -0.7349 -0.6479
vn -0.9015 0.4257 0.0784
vn -0.8582 -0.0624 0.5096
vn -0.1489 -0.7603 0.6323
vn -0.1446 -0.7583 0.6357
vn -0.1559 -0.5623 0.8121
vn -0.7500 -0.5156 0.4143
vn 0.1334 -0.8985 0.4182
vn 0.8503 0.4239 -0.3120
vn -0.0385 0.9813 -0.1885
vn -0.8295 0.5142 -0.2180
vn -0.9469 -0.3093 0.0880
vn -0.7096 0.2323 -0.6652
vn 0.7468 0.3125 0.5870
vn -0.7216 0.6683 -0.1808
vn 0.1705 0.7565 -0.6313
vn -0.5976 -0.3307 -0.7304
vn 0.9184 -0.2939 0.2649
vn -0.9866 -0.1039 0.1260
vn 0.9370 0.0298 -0.3481
vn 0.9689 -0.2165 -0.1199
vn 0.2797 -0.9591 -0.0440
vn 0.9640 -0.2653 -0.0151
vn 0.2577 -0.9626 0.0839
vn -0.9971 0.0715 0.0255
vn -0.3204 0.2630 0.9100
vn 0.6982 0.6094 0.3756
vn 0.7973 0.2668 -0.5415
vn -0.9373 -0.3334 0.1013
vn -0.1751 -0.9221 0.3450
vn -0.9436 -0.3297 0.0315
vn 0.2865 -0.2623 -0.9215
vn 0.2341 -0.8899 -0.3914
vn 0.6849 -0.7230 0.0906
vn -0.3614 0.8032 0.4736
vn 0.6882 0.7134 0.1323
vn -0.9829 0.1552 -0.0990
vn -0.6821 0.7252 -0.0938
vn -0.9639 -0.2643 -0.0325
vn -0.9621 -0.2508 -0.1066
vn 0.0395 -0.9786 -0.2020
vn 0.0395 -0.9947 -0.0946
vn -0.3272 0.9441 0.0400
vn 0.6515 0.7586 0.0005
vn -0.9736 0.2203 -0.0596
vn -0.6945 -0.7195 -0.0028
vn -0.6264 -0.7679 -0.1341
vn 0.8612 0.0544 -0.5054
vn 0.8867 0.0944 -0.4527
vn 0.7790 -0.5500 0.3012
vn 0.9160 0.1553 -0.3700
vn 0.9396 0.2484 -0.2356
vn 0.9771 -0.2048 0.0581
vn 0.2756 -0.9570 -0.0909
vn 0.2807 -0.9582 0.0554
vn -0.1819 -0.9782 -0.1002
vn -0.9660 0.2248 0.1280
vn -0.3211 0.9452 -0.0587
vn 0.9457 -0.2192 0.2398
vn 0.2176 -0.7754 0.5928
vn 0.2721 -0.8977 0.3465
vn 0.6491 0.7600 -0.0308
vn -0.3131 0.9450 0.0946
vn -0.9740 0.2080 -0.0901
vn -0.9259 0.3775 0.0137
vn -0.2827 0.9366 0.2069
vn -0.9377 -0.2532 0.2379
vn -0.1590 -0.8596 0.4856
vn -0.6971 -0.7160 0.0382
vn -0.9443 0.2035 0.2587
vn 0.7324 0.6401 -0.2323
vn 0.8928 -0.0704 0.4449
vn 0.9275 -0.1295 0.3507
vn -0.2236 0.5582 -0.7990
vn 0.2803 -0.9370 -0.2085
vn 0.9464 -0.1944 -0.2578
vn 0.9425 -0.2029 -0.2655
vn -0.6616 -0.3453 0.6656
vn -0.7572 0.5790 -0.3023
vn -0.9449 0.1927 0.2646
vn 0.6768 0.7337 -0.0605
vn 0.6611 0.7487 -0.0496
vn 0.7869 -0.5397 0.2992
vn -0.6793 -0.7317 0.0559
vn 0.3120 -0.9447 -0.1011
vn 0.9636 -0.2224 -0.1485
vn -0.6610 -0.7484 0.0549
vn 0.2674 -0.9417 -0.2040
vn 0.9358 0.3373 -0.1023
vn 0.2040 0.8113 -0.5479
vn 0.6929 0.7191 -0.0528
vn -0.9136 -0.1607 0.3734
vn -0.1450 -0.7654 0.6270
vn -0.2784 0.9555 0.0970
vn -0.2692 0.9407 0.2063
vn 0.7090 -0.6937 0.1269
vn 0.3222 -0.9430 0.0827
vn 0.9732 -0.2257 0.0447
vn -0.6474 -0.7608 0.0448
vn -0.8378 -0.0380 0.5447
vn -0.4220 -0.9050 0.0538
vn 0.1367 0.9294 -0.3429
vn -0.9808 0.1902 -0.0418
vn -0.9694 0.1961 0.1475
vn 0.3621 -0.2846 -0.8876
vn 0.8413 0.0281 -0.5399
vn -0.8281 -0.5252 -0.1958
vn -0.7457 0.6611 0.0826
vn -0.6432 -0.7645 0.0425
vn -0.2758 0.8969 -0.3458
vn 0.7179 0.6890 -0.0995
vn -0.2856 0.9548 -0.0823
vn 0.6989 0.7144 -0.0360
vn -0.8238 0.4736 0.3115
vn -0.0268 0.4836 0.8749
vn -0.0351 0.9553 0.2936
vn 0.0540 -0.9982 0.0247
vn 0.8800 -0.4658 -0.0928
vn -0.0771 0.9968 -0.0218
vn 0.8408 0.5411 0.0144
vn -0.9330 0.0231 -0.3591
vn -0.2266 0.7765 -0.5880
vn -0.9461 0.1037 -0.3068
vn -0.7091 -0.6506 0.2719
vn -0.9714 0.1266 -0.2009
vn -0.6494 -0.7473 0.1406
vn 0.2173 -0.5817 0.7839
vn 0.7843 0.5149 -0.3460
vn -0.9004 0.4243 0.0967
vn -0.7366 -0.5344 0.4145
vn 0.8317 0.5425 -0.1184
vn -0.1465 -0.8217 0.5507
vn 0.7735 -0.5105 0.3756
vn 0.9121 0.4064 -0.0544
vn -0.9216 -0.1134 -0.3712
vn -0.8248 -0.4793 -0.3001
vn -0.9018 0.3454 0.2598
vn -0.8029 -0.2332 0.5486
vn 0.1512 -0.5884 0.7943
vn 0.0377 -0.1385 0.9896
vn 0.8769 0.2335 -0.4202
vn 0.2954 -0.8893 0.3490
vn -0.6446 -0.5695 0.5101
vn -0.6121 -0.5882 0.5285
vn 0.0700 -0.8254 -0.5601
vn 0.8957 -0.3558 -0.2668
vn 0.8453 0.0730 0.5293
vn -0.8207 0.2884 -0.4933
vn -0.1658 0.3043 -0.9380
vn -0.4891 -0.4845 -0.7253
vn -0.6470 0.0689 0.7594
vn 0.9728 -0.2270 0.0462
vn 0.3020 -0.9367 -0.1773
vn 0.3032 -0.9357 -0.1801
vn 0.8086 0.3511 0.4721
vn -0.0077 -0.4868 -0.8735
vn -0.0897 0.1489 -0.9848
vn 0.9252 -0.1110 -0.3628
vn -0.9863 -0.0738 -0.1476
vn -0.2481 -0.1386 -0.9588
vn 0.1828 -0.9382 -0.2938
vn 0.7951 -0.0563 -0.6039
vn -0.8550 -0.5178 0.0301
vn -0.9047 -0.2556 -0.3408
vn -0.7377 0.6307 -0.2407
vn 0.9227 -0.2824 -0.2626
vn 0.9422 -0.2090 -0.2619
vn -0.8929 0.3832 0.2363
vn 0.1853 0.7746 -0.6047
vn 0.6197 0.5885 -0.5192
vn 0.6029 0.6258 -0.4949
vn -0.9379 0.2724 0.2147
vn 0.8892 -0.4058 -0.2115
vn 0.0492 -0.8663 -0.4972
vn 0.8649 -0.3764 -0.3322
vn 0.9295 -0.3256 -0.1734
vn 0.3072 -0.9174 0.2529
vn -0.6580 -0.6759 0.3320
vn 0.9513 -0.2923 -0.0979
vn -0.9717 0.2284 -0.0604
vn -0.7708 -0.6359 0.0381
vn -0.6701 -0.7049 -0.2325
vn -0.3439 0.8867 -0.3090
vn -0.2602 0.9332 -0.2479
vn -0.3109 0.9307 -0.1927
vn 0.6706 0.6701 -0.3181
vn -0.9626 0.2365 0.1320
vn -0.6835 -0.7228 0.1016
vn -0.9794 0.2000 0.0276
vn -0.6737 -0.7335 -0.0897
vn -0.3207 0.9446 -0.0699
vn 0.9673 -0.2496 0.0448
vn 0.6845 0.7227 -0.0954
vn -0.9775 0.2054 -0.0478
vn -0.6674 -0.7216 -0.1840
vn -0.8933 0.3686 0.2571
vn -0.3062 0.9510 0.0422
vn -0.9736 0.2219 -0.0537
vn -0.9746 0.2172 -0.0539
vn 0.9702 -0.2376 0.0473
vn 0.6867 0.7214 0.0893
vn 0.9724 -0.2296 0.0406
vn 0.2963 -0.9457 -0.1337
vn -0.8166 -0.5397 -0.2047
vn -0.8982 0.0738 0.4333
vn -0.8214 -0.3601 -0.4423
vn -0.3038 0.9439 0.1295
vn 0.6744 0.7073 0.2120
vn 0.6776 0.7129 0.1803
vn 0.6712 0.7087 0.2174
vn -0.6684 -0.7093 -0.2239
vn -0.3045 0.9381 0.1652
vn 0.2966 -0.9290 0.2214
vn -0.3028 0.9388 0.1644
vn -0.9213 0.3394 -0.1897
vn 0.7713 -0.1718 -0.6128
vn -0.0395 -0.4560 -0.8891
vn -0.8840 -0.1009 0.4564
vn 0.9855 -0.1098 0.1290
vn 0.1910 -0.4233 0.8856
vn -0.8446 -0.3403 0.4134
vn 0.9707 0.0248 0.2390
vn 0.6469 0.7579 -0.0850
vn -0.8776 0.1127 -0.4660
vn 0.9311 0.2799 0.2340
vn 0.0484 0.4637 0.8847
vn 0.6959 0.3990 -0.5971
vn -0.2299 0.9470 -0.2242
vn -0.1488 0.4325 -0.8893
vn -0.1685 0.5778 -0.7986
vn -0.8962 0.3309 0.2956
vn -0.0536 0.9422 0.3307
vn 0.8568 0.4918 0.1553
vn -0.0373 0.8727 0.4869
vn -0.8255 -0.5455 -0.1451
vn 0.8393 0.5295 0.1233
vn -0.8961 0.3986 0.1951
vn -0.0532 0.9599 0.2752
vn -0.8951 0.4267 0.1290
vn -0.8279 -0.5387 -0.1565
vn 0.0713 -0.9545 -0.2895
vn 0.8957 -0.4214 -0.1423
vn 0.0725 -0.9626 -0.2612
vn -0.0470 0.9656 0.2558
vn 0.8370 0.5297 0.1375
vn -0.8908 0.4497 0.0653
vn 0.8377 0.5132 0.1867
vn 0.0659 -0.9369 -0.3432
vn 0.8950 -0.4407 -0.0693
vn 0.8324 0.4701 0.2936
vn 0.0700 -0.9931 0.0940
vn -0.6427 -0.7081 0.2924
vn 0.1141 0.5537 -0.8249
vn 0.9717 -0.1993 -0.1269
vn 0.2690 -0.9362 0.2262
vn 0.6698 0.0590 0.7402
vn 0.7264 -0.6092 0.3181
vn 0.9638 -0.2526 0.0850
vn -0.8480 0.2114 0.4860
vn 0.7591 0.6506 0.0199
vn 0.0223 -0.5267 0.8498
vn -0.9489 -0.3155 0.0023
vn 0.5314 -0.7106 -0.4612
vn 0.4323 0.3893 -0.8134
vn 0.1220 0.1334 -0.9835
vn -0.4389 0.7867 -0.4341
vn -0.4879 -0.3346 0.8062
vn -0.5208 0.6709 0.5278
vn -0.8457 0.4032 0.3497
vn 0.6499 0.1758 0.7394
vn 0.4454 -0.7437 0.4985
vn 0.9202 0.0857 0.3819
vn 0.6340 0.6116 -0.4733
vn 0.9919 -0.1262 -0.0167
vn -0.3867 0.7407 -0.5495
vn 0.1630 0.0668 -0.9844
vn -0.2534 -0.1200 -0.9599
vn 0.4517 -0.7624 0.4634
vn 0.8457 -0.4032 -0.3497
vn 0.3085 -0.8051 0.5066
vn 0.3214 -0.7807 0.5359
vn 0.5208 -0.6709 -0.5278
vn -0.4216 0.7357 -0.5300
vn -0.1335 0.8891 0.4378
vn 0.6547 0.0984 0.7495
vn 0.2453 0.9425 0.2271
vn 0.1044 -0.8578 -0.5033
vn -0.6499 -0.1758 -0.7394
vn -0.1220 -0.1335 0.9835
vn 0.4388 -0.7868 0.4341
vn -0.4323 -0.3893 0.8134
vn 0.4102 -0.8103 0.4184
vn 0.3500 -0.7571 0.5516
vn -0.4454 0.7437 -0.4985
vn -0.9202 -0.0857 -0.3819
vn -0.3386 0.8317 -0.4400
vn -0.1044 0.8578 0.5033
vn 0.2921 0.9136 0.2828
vn 0.9129 0.0123 0.4080
vn 0.5035 0.8564 -0.1144
vn -0.2921 -0.9136 -0.2828
vn 0.3735 -0.8268 0.4206
vn 0.2759 0.0451 0.9601
vn 0.3867 -0.7407 0.5495
vn -0.1630 -0.0668 0.9844
vn -0.9919 0.1262 0.0167
vn 0.5624 0.8235 -0.0747
vn -0.3148 0.8238 -0.4715
vn 0.5720 0.6539 -0.4952
vn 0.9814 -0.1902 0.0271
vn -0.6340 -0.6116 0.4733
vn 0.3386 -0.8317 0.4400
vn 0.4216 -0.7357 0.5300
vn 0.2534 0.1200 0.9599
vn 0.3148 -0.8238 0.4715
vn 0.4879 0.3346 -0.8062
vn -0.3085 0.8051 -0.5066
vn -0.4517 0.7624 -0.4634
vn -0.5624 -0.8235 0.0747
vn -0.3214 0.7807 -0.5359
vn -0.5314 0.7106 0.4612
vn -0.3500 0.7571 -0.5516
vn -0.8417 0.4548 0.2910
vn 0.8417 -0.4548 -0.2910
vn -0.9814 0.1902 -0.0271
vn -0.5035 -0.8564 0.1144
vn -0.9129 -0.0123 -0.4080
vn -0.4102 0.8103 -0.4184
vn -0.2759 -0.0451 -0.9601
vn -0.3735 0.8268 -0.4206
vn -0.6547 -0.0984 -0.7495
vn 0.1335 -0.8891 -0.4378
vn -0.2453 -0.9425 -0.2271
vn -0.5720 -0.6539 0.4952
vn 0.4323 0.3893 0.8134
vn 0.5314 -0.7106 0.4612
vn 0.1220 0.1334 0.9835
vn -0.4388 0.7867 0.4341
vn -0.4102 0.8103 0.4184
vn -0.8457 0.4032 -0.3497
vn -0.1630 -0.0668 -0.9844
vn -0.4879 -0.3346 -0.8063
vn 0.9202 0.0857 -0.3819
vn 0.4216 -0.7357 -0.5300
vn 0.6499 0.1758 -0.7394
vn 0.6340 0.6116 0.4733
vn 0.5624 0.8235 0.0747
vn -0.5208 0.6709 -0.5278
vn -0.2534 -0.1200 0.9599
vn -0.3500 0.7571 0.5516
vn -0.3867 0.7407 0.5495
vn 0.9919 -0.1262 0.0167
vn 0.4388 -0.7867 -0.4341
vn 0.4517 -0.7624 -0.4634
vn 0.3085 -0.8051 -0.5066
vn 0.3214 -0.7807 -0.5359
vn 0.5208 -0.6710 0.5278
vn 0.1630 0.0668 0.9844
vn 0.2453 0.9425 -0.2271
vn -0.4216 0.7357 0.5300
vn 0.2759 0.0450 -0.9601
vn 0.6547 0.0984 -0.7495
vn -0.6499 -0.1758 0.7394
vn 0.1044 -0.8578 0.5033
vn -0.4323 -0.3893 -0.8134
vn 0.4102 -0.8103 -0.4184
vn -0.1220 -0.1334 -0.9835
vn 0.8457 -0.4032 0.3497
vn 0.3500 -0.7571 -0.5516
vn -0.9202 -0.0857 0.3819
vn -0.4454 0.7437 0.4985
vn -0.1044 0.8578 -0.5033
vn -0.3386 0.8317 0.4400
vn 0.2921 0.9136 -0.2828
vn 0.5035 0.8564 0.1144
vn 0.9129 0.0123 -0.4080
vn -0.5624 -0.8235 -0.0747
vn -0.2921 -0.9136 0.2828
vn 0.3735 -0.8268 -0.4206
vn 0.3867 -0.7407 -0.5495
vn -0.9919 0.1262 -0.0167
vn -0.4517 0.7623 0.4634
vn -0.3148 0.8238 0.4715
vn 0.9814 -0.1902 -0.0271
vn 0.5720 0.6539 0.4952
vn -0.6340 -0.6116 -0.4733
vn 0.3386 -0.8317 -0.4400
vn -0.3085 0.8051 0.5066
vn 0.3148 -0.8238 -0.4715
vn 0.4879 0.3346 0.8062
vn -0.3214 0.7807 0.5359
vn -0.8417 0.4548 -0.2910
vn -0.5314 0.7106 -0.4612
vn 0.8417 -0.4548 0.2910
vn -0.9814 0.1902 0.0271
vn -0.5035 -0.8564 -0.1144
vn -0.5720 -0.6539 -0.4952
vn -0.2759 -0.0450 0.9601
vn -0.3735 0.8268 0.4206
vn 0.1335 -0.8891 0.4378
vn -0.1335 0.8891 -0.4378
vn -0.6547 -0.0984 0.7495
vn -0.2453 -0.9425 0.2271
vn 0.2534 0.1200 -0.9599
vn 0.4454 -0.7437 -0.4985
vn -0.2384 -0.8357 0.4947
vn 0.3501 -0.8770 0.3290
vn 0.2041 -0.7915 0.5762
vn 0.6235 0.2870 0.7272
vn 0.3954 0.2944 0.8700
vn 0.5056 0.1849 0.8427
vn 0.2783 0.1952 0.9404
vn 0.8105 0.4040 0.4242
vn -0.1768 0.5607 0.8089
vn 0.6098 0.5406 0.5796
vn 0.4731 0.6861 0.5526
vn 0.8498 0.4847 0.2070
vn 0.8291 0.4575 0.3215
vn -0.4378 0.8624 0.2541
vn -0.2805 0.9537 0.1081
vn -0.3879 0.9143 0.1165
vn 0.6143 0.7019 0.3604
vn 0.5995 0.3821 0.7033
vn 0.6582 0.7527 0.0125
vn 0.6311 0.7007 -0.3327
vn 0.5916 0.8062 0.0011
vn 0.6396 0.2113 0.7391
vn 0.6795 0.6432 0.3531
vn 0.7405 0.5827 0.3348
vn 0.8551 0.3080 0.4171
vn 0.8198 0.3824 0.4262
vn 0.7954 0.1880 0.5761
vn 0.8496 0.1771 0.4968
vn 0.6528 0.1696 0.7383
vn 0.8225 0.3072 0.4787
vn 0.6656 0.6777 0.3127
vn 0.7310 0.6292 0.2641
vn 0.7998 0.3411 0.4939
vn 0.1042 0.8569 0.5049
vn -0.3765 0.7758 0.5064
vn -0.3237 0.6705 0.6676
vn 0.8083 0.5883 0.0228
vn 0.8299 0.3853 -0.4034
vn 0.7266 0.5396 -0.4254
vn -0.6707 0.7416 -0.0143
vn -0.0483 0.9926 -0.1116
vn -0.1397 0.9774 0.1587
vn -0.6993 0.5596 0.4449
vn -0.6706 0.7340 0.1074
vn -0.5217 0.7730 0.3610
vn 0.9877 0.1566 0.0007
vn 0.7949 -0.4902 -0.3576
vn 0.9258 0.1530 -0.3456
vn 0.5177 0.8556 -0.0053
vn 0.7711 0.4556 0.4447
vn 0.6923 0.0021 0.7216
vn 0.7913 0.3027 0.5313
vn 0.6501 0.2002 0.7330
vn 0.8927 0.1449 0.4267
vn 0.5413 -0.2399 0.8059
vn 0.9003 0.1566 0.4061
vn -0.4657 -0.4612 0.7553
vn 0.1189 -0.3814 0.9167
vn 0.0714 -0.2763 0.9584
vn 0.7595 0.4869 0.4314
vn 0.3680 0.0264 0.9294
vn 0.5718 0.3435 0.7450
vn 0.5323 0.0690 0.8437
vn 0.8632 0.5041 0.0281
vn 0.7672 0.4034 0.4987
vn 0.7948 0.6066 0.0192
vn 0.5602 -0.0644 0.8259
vn 0.7822 0.5098 0.3581
vn 0.9523 0.3052 -0.0027
vn 0.7934 0.4316 -0.4293
vn 0.5727 0.7303 -0.3724
vn 0.9893 0.1437 0.0236
vn 0.5999 0.7977 -0.0619
vn -0.1159 0.8734 -0.4730
vn 0.7883 -0.3165 0.5276
vn 0.9899 -0.1167 0.0805
vn 0.8940 -0.4073 0.1865
vn 0.4054 -0.5639 0.7195
vn 0.7724 -0.5108 0.3776
vn 0.9983 0.0554 0.0171
vn 0.8841 0.1331 0.4480
vn 0.4424 -0.3671 0.8183
vn 0.7392 -0.0826 0.6684
vn 0.4945 -0.5663 -0.6593
vn 0.8342 -0.2766 -0.4770
vn 0.8895 -0.1492 -0.4319
vn 0.2447 -0.9671 0.0696
vn 0.8689 -0.4946 -0.0174
vn 0.1518 -0.8867 0.4366
vn 0.6034 -0.5344 0.5919
vn 0.6510 -0.0295 0.7585
vn 0.6863 -0.2294 0.6902
vn 0.6438 -0.4618 0.6102
vn 0.7734 0.4426 -0.4539
vn 0.8784 0.3090 -0.3647
vn 0.7804 0.3062 -0.5452
vn -0.9036 0.4278 0.0219
vn -0.4602 0.8746 -0.1526
vn -0.2667 0.6803 0.6827
vn -0.1888 0.4272 0.8842
vn 0.2609 -0.8997 -0.3500
vn 0.4759 -0.4990 -0.7242
vn 0.9134 -0.3726 0.1636
vn 0.9755 -0.1520 0.1588
vn 0.9844 -0.1762 0.0028
vn 0.0028 0.6676 0.7445
vn 0.4859 0.6231 0.6129
vn 0.2352 0.9088 0.3446
vn -0.3997 -0.5341 0.7450
vn 0.1838 -0.4606 0.8684
vn -0.5613 0.8143 0.1479
vn 0.0635 0.8413 0.5368
vn 0.1684 0.9790 0.1146
vn 0.9231 0.1396 -0.3582
vn 0.6014 -0.1011 -0.7925
vn 0.6936 -0.4696 -0.5462
vn 0.7138 -0.1423 -0.6857
vn 0.4852 0.7526 -0.4451
vn 0.4382 0.3208 -0.8397
vn 0.5279 0.3231 -0.7854
vn 0.6010 -0.7106 -0.3659
vn 0.6802 -0.7322 -0.0341
vn -0.5405 -0.3426 -0.7684
vn -0.8429 -0.3737 -0.3872
vn -0.6044 -0.2404 -0.7595
vn 0.9409 -0.2047 0.2698
vn 0.9394 -0.1949 0.2820
vn 0.1645 0.3539 0.9207
vn 0.9795 0.2005 0.0192
vn -0.8724 -0.2911 -0.3928
vn 0.7142 0.6567 -0.2424
vn 0.3630 -0.6076 0.7064
vn -0.6694 0.1079 0.7351
vn -0.6667 0.4063 0.6249
vn -0.5261 -0.3792 0.7612
vn -0.9437 0.3099 0.1159
vn 0.1209 -0.1889 -0.9745
vn -0.4747 -0.4218 -0.7725
vn -0.6855 0.7264 -0.0496
vn -0.6646 0.6678 -0.3352
vn -0.5075 0.8221 -0.2581
vn 0.5888 0.7754 0.2281
vn 0.2656 0.9641 -0.0048
vn -0.3825 0.9235 0.0289
vn -0.6684 0.7343 0.1183
vn -0.1902 -0.6203 -0.7610
vn -0.6870 -0.5581 -0.4654
vn -0.3114 -0.5616 -0.7666
vn -0.5934 0.7060 -0.3865
vn -0.3105 0.9334 -0.1801
vn -0.3206 0.8644 -0.3873
vn 0.6327 0.7088 -0.3119
vn 0.5147 0.8158 -0.2636
vn 0.3963 -0.9177 -0.0295
vn -0.1245 -0.9495 0.2879
vn -0.1085 -0.9940 -0.0164
vn -0.2700 -0.8162 -0.5108
vn 0.3294 -0.8631 -0.3828
vn -0.1419 -0.9376 -0.3173
vn -0.5784 -0.2717 0.7691
vn -0.8502 -0.3087 0.4264
vn -0.8235 -0.3909 0.4111
vn 0.0018 -0.7201 0.6939
vn -0.5835 -0.6360 0.5050
vn -0.4308 -0.7207 0.5432
vn -0.6703 0.7403 -0.0516
vn -0.3898 0.9191 -0.0572
vn -0.7610 0.6232 -0.1803
vn -0.4612 0.8662 -0.1923
vn -0.6005 -0.6168 -0.5089
vn -0.0233 -0.6837 -0.7294
vn -0.4562 -0.6989 -0.5509
vn -0.7453 -0.5114 -0.4278
vn -0.4038 -0.4975 -0.7677
vn -0.5731 0.6900 0.4422
vn -0.8934 0.0569 0.4456
vn -0.6441 0.7643 0.0314
vn 0.4620 0.4383 -0.7710
vn 0.6100 0.3200 -0.7249
vn 0.5627 -0.0645 -0.8242
vn -0.8755 -0.1802 0.4484
vn -0.8565 0.3586 0.3713
vn -0.7425 0.6208 0.2517
vn -0.2908 0.9554 -0.0505
vn -0.2015 0.4761 -0.8560
vn 0.0277 -0.1542 0.9876
vn -0.2817 0.7103 -0.6451
vn -0.1764 -0.6587 0.7314
vn -0.6709 -0.5744 0.4689
vn -0.2650 0.9639 0.0239
vn -0.3090 0.8479 0.4307
vn 0.5558 0.0791 -0.8276
vn 0.8427 0.3876 -0.3737
vn -0.0999 0.1912 0.9765
vn 0.8203 0.4107 0.3980
vn -0.3067 0.9224 0.2346
vn 0.8588 -0.4337 -0.2727
vn 0.9111 -0.3131 -0.2680
vn -0.6634 -0.0774 -0.7442
vn -0.0995 0.2531 -0.9623
vn -0.6339 -0.1153 0.7648
vn -0.0201 -0.0005 0.9998
vn 0.3467 0.8050 -0.4814
vn 0.4987 -0.6697 0.5503
vn 0.5430 -0.1621 -0.8239
vn 0.6292 -0.7157 0.3032
vn 0.2476 -0.5464 0.8001
vn -0.3078 -0.5984 0.7398
vn 0.5934 0.5453 -0.5921
vn 0.6707 0.5740 -0.4698
vn 0.3453 -0.3965 -0.8506
vn 0.5324 -0.0028 -0.8465
vn 0.6241 -0.1909 -0.7577
vn 0.4700 -0.1180 -0.8747
vn 0.6630 0.3984 -0.6338
vn 0.3232 0.1925 -0.9266
vn 0.5023 0.3239 -0.8017
vn 0.5287 0.3289 -0.7825
vn 0.2230 0.7185 -0.6588
vn 0.4646 0.6445 -0.6073
vn 0.6311 0.2174 -0.7446
vn 0.8375 0.2862 -0.4655
vn -0.5443 0.7384 -0.3982
vn -0.3717 0.7506 -0.5463
vn 0.8241 0.2997 -0.4806
vn 0.6613 -0.0427 -0.7489
vn 0.3708 0.1266 -0.9200
vn 0.5387 0.6293 -0.5602
vn -0.0357 0.6082 -0.7930
vn -0.1017 0.6322 -0.7681
vn 0.0686 -0.0816 -0.9943
vn 0.7973 -0.4499 -0.4024
vn 0.6333 0.0223 -0.7736
vn 0.1316 -0.7170 -0.6846
vn -0.7673 -0.4840 0.4207
vn -0.7263 -0.5258 0.4428
vn 0.9003 0.2094 -0.3816
vn 0.8120 0.3648 -0.4557
vn 0.2435 -0.4815 -0.8420
vn 0.2069 -0.3875 -0.8984
vn -0.2330 0.7496 -0.6195
vn -0.8252 0.5582 -0.0869
vn -0.7851 -0.4667 -0.4072
vn -0.6997 0.1475 -0.6990
vn 0.1570 -0.3001 -0.9409
vn -0.9158 0.0784 -0.3939
vn -0.6883 0.4393 -0.5773
vn -0.8735 0.3745 -0.3111
vn -0.7976 -0.4392 0.4135
vn 0.1729 -0.7654 -0.6199
vn 0.7888 0.1421 -0.5980
vn -0.0144 0.0517 -0.9986
vn 0.4631 -0.6426 -0.6104
vn 0.3263 -0.5674 -0.7560
vn -0.8977 -0.1595 -0.4108
vn -0.8153 -0.4225 -0.3959
vn 0.5780 0.7699 -0.2705
vn 0.9261 -0.3270 0.1879
vn 0.7849 -0.3121 0.5353
vn 0.5799 0.7244 -0.3728
vn 0.9081 -0.3458 0.2362
vn 0.7666 -0.2250 0.6014
vn 0.4072 0.6015 0.6873
vn 0.4417 0.8787 0.1813
vn 0.5563 -0.3131 0.7697
vn 0.9223 0.1665 -0.3487
vn 0.4413 0.1285 0.8881
vn 0.6736 0.5834 -0.4538
vn 0.6693 -0.1290 0.7317
vn 0.1972 -0.6627 -0.7225
vn 0.7674 0.2485 -0.5911
vn 0.8515 -0.3756 -0.3659
vn 0.7605 0.3706 -0.5332
vn 0.6171 0.0727 0.7835
vn 0.7294 -0.6105 0.3086
vn 0.2923 -0.9416 0.1672
vn 0.8427 -0.0508 -0.5360
vn 0.6129 0.3148 0.7247
vn 0.1839 -0.5089 0.8409
vn 0.2881 0.1271 -0.9491
vn 0.8925 -0.3352 -0.3018
vn 0.6264 -0.7447 -0.2301
vn 0.6197 0.6316 0.4659
vn 0.8298 -0.5250 -0.1893
vn -0.0024 0.1067 0.9943
vn 0.7577 0.6525 0.0089
vn 0.6710 -0.5638 0.4815
vn -0.2189 0.6876 0.6923
vn 0.9105 0.3266 -0.2537
vn 0.4484 0.0244 0.8935
vn -0.3314 0.9435 -0.0003
vn 0.9833 -0.1640 0.0790
vn 0.3615 0.8160 0.4512
vn -0.2797 0.7559 -0.5919
vn 0.6257 0.6660 -0.4061
vn 0.8308 -0.2243 0.5094
vn -0.1839 0.4631 -0.8670
vn 0.7514 -0.3352 -0.5683
vn 0.5595 -0.6312 0.5371
vn -0.0757 0.1694 -0.9826
vn 0.1674 -0.5657 -0.8075
vn 0.2568 -0.7476 0.6125
vn 0.0844 -0.2899 -0.9533
vn 0.3113 -0.9489 -0.0519
vn 0.3427 0.0901 0.9351
vn 0.0015 0.0867 0.9962
vn 0.2522 -0.8436 -0.4741
vn 0.2666 -0.8450 0.4635
vn 0.0284 0.0121 0.9995
vn 0.2355 -0.6490 0.7235
vn -0.7338 -0.2961 0.6115
vn 0.0086 0.0303 0.9995
vn -0.3104 0.8997 0.3069
vn -0.2048 0.6508 0.7311
vn -0.6196 -0.2995 0.7255
vn 0.0219 0.0225 0.9995
vn -0.2112 0.6370 -0.7414
vn 0.1924 -0.6198 -0.7608
vn 0.7302 -0.2004 -0.6532
vn -0.6609 -0.2716 -0.6996
vn -0.0360 0.0617 -0.9974
vn 0.3213 -0.9435 -0.0810
vn 0.6379 -0.7525 0.1640
vn -0.8493 0.2010 -0.4882
vn -0.3267 0.9400 0.0984
vn -0.2461 0.6788 -0.6919
vn -0.3762 -0.8050 -0.4588
vn -0.2122 0.7377 0.6410
vn -0.9572 0.0679 0.2814
vn -0.2609 -0.9371 0.2319
vn -0.2877 0.9234 -0.2541
vn -0.9799 0.0811 -0.1821
vn -0.5633 -0.2114 0.7988
vn -0.1720 0.4657 -0.8681
vn -0.8881 -0.1201 -0.4436
vn -0.7843 0.2077 0.5846
vn -0.7691 -0.3888 -0.5072
vn 0.0135 -0.1488 -0.9888
vn -0.9133 0.4049 0.0434
vn -0.6374 -0.6583 -0.4004
vn 0.2135 -0.6743 -0.7069
vn -0.8884 0.2159 -0.4050
vn -0.5529 -0.8313 -0.0570
vn 0.3321 -0.9432 -0.0073
vn -0.8133 -0.0025 -0.5818
vn -0.4692 -0.7926 0.3893
vn 0.2752 -0.7425 0.6107
vn -0.7281 -0.1974 -0.6564
vn -0.5185 -0.6104 0.5988
vn 0.1835 -0.4566 0.8706
vn -0.5983 -0.4120 0.6872
vn 0.0820 -0.1696 0.9821
vn -0.5636 -0.5040 -0.6544
vn -0.0668 0.2624 0.9627
vn -0.7871 -0.1173 0.6056
vn -0.3344 -0.9050 -0.2629
vn -0.2492 0.8050 0.5384
vn -0.9679 0.1253 0.2181
vn -0.2934 -0.7118 -0.6381
vn -0.2699 -0.8617 0.4297
vn -0.2974 0.8855 -0.3570
vn -0.9724 0.0393 -0.2301
vn -0.1125 -0.9784 0.1737
vn -0.8371 0.4028 0.3702
vn -0.0766 0.1153 -0.9904
vn -0.8442 -0.3107 -0.4368
vn -0.8459 0.1306 -0.5172
vn -0.7412 -0.6486 -0.1731
vn 0.2923 -0.9002 -0.3227
vn -0.5480 -0.7787 0.3056
vn 0.2184 -0.6278 0.7471
vn -0.5923 -0.8044 0.0448
vn -0.1420 -0.8624 0.4858
vn -0.8963 0.3996 0.1921
vn -0.4261 -0.1199 0.8967
vn 0.7096 -0.5971 -0.3740
vn 0.2380 -0.6903 0.6833
vn 0.2810 -0.9340 -0.2207
vn 0.6013 0.7099 0.3667
vn 0.8006 0.2260 0.5549
vn 0.5832 0.2568 -0.7707
vn 0.8708 -0.3887 0.3009
vn 0.6048 0.5871 -0.5380
vn -0.3308 0.9428 -0.0423
vn -0.8194 0.1807 0.5441
vn 0.9703 -0.1998 0.1365
vn 0.3893 0.1638 -0.9065
vn 0.3674 0.6285 -0.6856
vn 0.9412 0.1538 0.3010
vn 0.5104 -0.2820 -0.8124
vn 0.6739 0.7219 -0.1573
vn 0.9605 -0.1932 -0.2002
vn 0.8029 0.5482 -0.2342
vn -0.0493 0.0695 -0.9964
vn 0.8157 0.5395 0.2086
vn 0.1344 -0.4753 -0.8695
vn -0.0598 0.1456 -0.9875
vn 0.9133 -0.3184 -0.2539
vn 0.5936 0.7594 0.2665
vn 0.7522 -0.2899 -0.5917
vn -0.2481 0.7620 -0.5982
vn 0.6994 0.5659 0.4366
vn 0.6257 -0.0994 -0.7737
vn -0.2715 0.9124 0.3064
vn 0.7905 0.3503 0.5023
vn 0.5708 0.1041 -0.8145
vn -0.1209 0.4311 0.8942
vn 0.8722 -0.0708 0.4839
vn 0.5703 0.3437 -0.7461
vn 0.0706 -0.1875 0.9797
vn 0.5923 0.6501 -0.4759
vn 0.8388 -0.5311 0.1202
vn 0.2533 -0.7013 0.6664
vn 0.7567 0.6532 -0.0272
vn 0.6414 -0.5437 -0.5413
vn 0.3309 -0.9424 -0.0489
vn 0.9240 0.3174 0.2132
vn 0.3959 0.0600 -0.9163
vn 0.2386 -0.7176 -0.6543
vn 0.9769 -0.1597 -0.1422
vn 0.3357 0.8335 -0.4390
vn 0.1322 -0.4218 -0.8970
vn 0.6489 0.6503 0.3950
vn 0.7996 -0.2032 -0.5651
vn 0.0247 -0.1308 -0.9911
vn 0.7827 -0.3564 0.5103
vn 0.5268 -0.6090 -0.5930
vn -0.1221 0.2998 -0.9461
vn 0.2132 -0.5967 0.7736
vn -0.2791 0.8252 -0.4910
vn 0.3127 -0.9499 -0.0035
vn -0.2752 0.8705 0.4081
vn -0.0190 0.0763 0.9969
vn 0.3095 -0.9119 0.2696
vn 0.1740 -0.5978 -0.7825
vn 0.2201 -0.7227 -0.6552
vn -0.0562 0.1257 -0.9905
vn 0.4314 0.8856 -0.1719
vn -0.7683 -0.2727 -0.5791
vn -0.9718 0.0778 -0.2227
vn -0.5812 -0.7053 -0.4059
vn 0.3244 -0.9456 0.0252
vn -0.9676 0.0728 0.2417
vn -0.8611 -0.1384 0.4893
vn -0.3499 -0.8227 0.4479
vn -0.7388 -0.4093 0.5353
vn -0.2749 -0.9275 -0.2531
vn -0.6139 -0.6742 0.4105
vn -0.4055 -0.6032 -0.6868
vn -0.5496 -0.8335 0.0562
vn -0.6088 -0.1805 -0.7725
vn -0.4919 -0.7773 -0.3923
vn -0.8166 0.2296 -0.5296
vn -0.2578 0.7140 -0.6510
vn -0.5530 -0.5870 -0.5913
vn -0.9139 0.4052 0.0254
vn -0.3297 0.9424 0.0565
vn -0.6376 -0.3854 -0.6671
vn -0.8632 0.1989 0.4640
vn -0.2441 0.7318 0.6363
vn -0.8210 -0.0944 -0.5631
vn -0.7783 -0.0262 0.6274
vn -0.1329 0.4285 0.8937
vn -0.9787 0.1327 -0.1565
vn -0.6891 -0.2237 0.6892
vn -0.0184 0.1306 0.9913
vn -0.9573 0.0292 0.2875
vn 0.1392 -0.3270 0.9347
vn -0.5254 -0.5299 0.6657
vn -0.2567 -0.7367 0.6256
vn -0.1709 -0.8429 -0.5102
vn -0.8178 -0.3286 0.4724
vn 0.2782 -0.8613 0.4252
vn -0.3196 -0.9150 0.2462
vn -0.1235 -0.9709 -0.2051
vn -0.4775 -0.0851 -0.8745
vn -0.7306 -0.6558 0.1901
vn 0.2383 -0.8259 -0.5110
vn -0.2953 -0.8445 -0.4469
vn -0.5657 -0.7667 -0.3037
vn -0.0296 0.0514 -0.9982
vn -0.5265 -0.2521 -0.8119
vn 0.6271 0.2270 0.7451
vn 0.6357 0.5662 0.5247
vn -0.8566 0.4161 -0.3050
vn -0.3266 0.9107 -0.2529
vn -0.9055 0.4059 -0.1240
vn 0.6827 0.7159 0.1462
vn -0.8143 0.1093 0.5700
vn -0.1671 0.6071 0.7768
vn -0.5949 -0.8027 -0.0419
vn 0.4443 0.8511 0.2798
vn -0.5576 -0.7213 0.4110
vn 0.4283 0.8619 -0.2714
vn -0.2572 -0.0350 0.9657
vn 0.8891 -0.4558 -0.0419
vn 0.5753 -0.0082 0.8179
vn -0.3136 -0.4220 0.8506
vn 0.9261 -0.3660 -0.0915
vn 0.2213 -0.1772 0.9590
vn 0.3717 -0.6620 -0.6508
vn -0.1539 0.3227 0.9339
vn -0.8734 -0.4861 0.0280
vn -0.9932 -0.1058 0.0482
vn 0.7917 0.6044 0.0888
vn 0.6956 -0.1103 0.7099
vn 0.8889 0.3334 -0.3142
vn 0.8889 0.3334 0.3141
vn -0.5387 0.1319 0.8321
vn -0.0474 0.9814 -0.1858
vn 0.0253 0.9956 -0.0906
vn -0.9970 -0.0266 0.0724
vn -0.0391 -0.2703 -0.9620
vn -0.0605 0.0058 0.9982
vn 0.0036 0.0618 -0.9981
vn -0.0816 0.0183 -0.9965
vn 0.3344 0.9412 0.0481
vn 0.6026 0.7321 0.3177
vn -0.9022 -0.4051 0.1477
vn -0.2227 0.2354 -0.9461
vn -0.1443 0.1726 -0.9744
vn -0.1398 0.9065 -0.3985
vn -0.3151 0.9408 0.1250
vn -0.4967 0.6664 -0.5561
vn -0.9839 0.0113 -0.1785
vn -0.4785 -0.5925 0.6480
vn 0.6994 0.0057 0.7147
vn 0.1052 -0.2894 0.9514
vn -0.2227 0.2354 0.9461
vn -0.1298 0.4101 0.9028
vn -0.3152 0.9408 -0.1250
vn -0.4967 0.6664 0.5561
vn 0.8674 0.3600 0.3436
vn -0.7715 0.2107 0.6003
vn -0.5141 -0.7345 -0.4430
vn -0.3468 0.7153 -0.6067
vn -0.1631 0.6511 -0.7412
vn -0.3468 0.7153 0.6067
vn -0.5213 0.3966 0.7556
vn -0.7766 -0.4436 -0.4474
vn -0.5458 0.1215 0.8290
vn -0.5445 0.1178 0.8304
vn -0.5451 0.1214 -0.8295
vn 0.3088 -0.8870 -0.3433
vn -0.3324 -0.9405 0.0711
vn -0.3201 0.8895 0.3262
vn 0.7659 -0.3132 -0.5616
vn -0.9129 -0.0123 0.4080
vn -0.6606 0.7500 0.0340
vn -0.3658 -0.6302 0.6849
vn -0.4789 -0.2845 0.8305
vn -0.0000 -0.0000 -1.0000
vn -0.0000 -0.0000 1.0000
vn 0.0001 -0.0000 1.0000
vn 0.0001 -0.0000 -1.0000
vn 0.0001 0.0001 1.0000
vt 0.973853 0.055092
vt 0.966728 0.060011
vt 0.966728 0.055092
vt 0.973853 0.065493
vt 0.966728 0.071296
vt 0.966728 0.065493
vt 0.973853 0.060011
vt 0.973853 0.076686
vt 0.973853 0.071296
vt 0.966728 0.050173
vt 0.973853 0.050173
vt 0.973853 0.044691
vt 0.966728 0.038888
vt 0.973853 0.038888
vt 0.966728 0.044691
vt 0.973853 0.033498
vt 0.541798 0.008627
vt 0.537254 0.001502
vt 0.541798 0.001502
vt 0.532295 0.001502
vt 0.526905 0.008627
vt 0.526905 0.001502
vt 0.537255 0.008627
vt 0.521677 0.008627
vt 0.521677 0.001502
vt 0.546342 0.001502
vt 0.556691 0.001502
vt 0.551301 0.008627
vt 0.551301 0.001502
vt 0.546342 0.008627
vt 0.561920 0.008627
vt 0.556691 0.008627
vt 0.517844 0.025762
vt 0.512445 0.024099
vt 0.513678 0.022342
vt 0.507817 0.021335
vt 0.508691 0.019375
vt 0.503084 0.019856
vt 0.503458 0.017743
vt 0.498544 0.017507
vt 0.498544 0.019653
vt 0.739276 0.011642
vt 0.732152 0.009495
vt 0.739276 0.009495
vt 0.479244 0.025762
vt 0.484643 0.024099
vt 0.480606 0.027421
vt 0.483410 0.022342
vt 0.489271 0.021335
vt 0.488397 0.019375
vt 0.494005 0.019856
vt 0.493631 0.017743
vt 0.752084 0.001500
vt 0.759209 0.003646
vt 0.752084 0.003646
vt 0.923395 0.233564
vt 0.917144 0.242281
vt 0.915360 0.236009
vt 0.917682 0.248717
vt 0.925483 0.241041
vt 0.926117 0.248701
vt 0.943936 0.248683
vt 0.952592 0.237065
vt 0.953517 0.248683
vt 0.899380 0.252689
vt 0.892585 0.248808
vt 0.899824 0.248793
vt 0.909424 0.248738
vt 0.931717 0.231046
vt 0.940421 0.228424
vt 0.934104 0.239767
vt 0.943108 0.238447
vt 0.934835 0.248690
vt 0.963677 0.248690
vt 0.973402 0.234078
vt 0.974507 0.248708
vt 0.916936 0.255167
vt 0.949608 0.225667
vt 0.959378 0.222749
vt 0.962658 0.235612
vt 0.986066 0.248751
vt 0.997322 0.230686
vt 0.998444 0.248840
vt 0.933845 0.257635
vt 0.907508 0.238414
vt 0.912362 0.230040
vt 0.981054 0.216268
vt 0.969832 0.219637
vt 0.984903 0.232446
vt 0.319250 0.067907
vt 0.335692 0.079288
vt 0.319264 0.079625
vt 0.952296 0.260336
vt 0.993174 0.212537
vt 0.351684 0.067122
vt 0.335199 0.056228
vt 0.351291 0.055866
vt 0.335410 0.067660
vt 0.319201 0.056396
vt 0.973079 0.263392
vt 0.352204 0.078321
vt 0.352785 0.089599
vt 0.336015 0.091188
vt 0.996938 0.267060
vt 0.892352 0.246033
vt 0.898408 0.241119
vt 0.899500 0.244903
vt 0.860606 0.261048
vt 0.866594 0.253229
vt 0.867701 0.254515
vt 0.908983 0.243505
vt 0.302746 0.079031
vt 0.974419 0.200502
vt 0.975841 0.178280
vt 0.985973 0.194874
vt 0.883876 0.250269
vt 0.877893 0.248842
vt 0.884047 0.248827
vt 0.858174 0.258643
vt 0.865782 0.251735
vt 0.881822 0.243502
vt 0.886110 0.236476
vt 0.888397 0.238490
vt 0.368029 0.066450
vt 0.367564 0.055279
vt 0.368570 0.077336
vt 0.369147 0.088130
vt 0.873797 0.232523
vt 0.872473 0.240918
vt 0.870363 0.232774
vt 0.856269 0.255759
vt 0.865310 0.250080
vt 0.908208 0.224518
vt 0.905031 0.233584
vt 0.901604 0.229136
vt 0.879969 0.264170
vt 0.878979 0.256026
vt 0.883001 0.262900
vt 0.892263 0.251586
vt 0.919886 0.226428
vt 0.101097 0.318368
vt 0.117339 0.329631
vt 0.099349 0.321667
vt 0.927700 0.222697
vt 0.935895 0.218796
vt 0.944566 0.214680
vt 0.953811 0.210302
vt 0.963731 0.205606
vt 0.915015 0.219798
vt 0.929575 0.209776
vt 0.922109 0.214906
vt 0.937496 0.204345
vt 0.945963 0.198547
vt 0.955080 0.192312
vt 0.964997 0.185574
vt 0.902986 0.219586
vt 0.384299 0.065599
vt 0.383974 0.054396
vt 0.384601 0.076350
vt 0.384880 0.086881
vt 0.894042 0.234271
vt 0.890230 0.240800
vt 0.896573 0.237543
vt 0.952649 0.171830
vt 0.945658 0.149252
vt 0.962202 0.162831
vt 0.880412 0.255199
vt 0.885727 0.261217
vt 0.883501 0.245990
vt 0.891560 0.243339
vt 0.401645 0.064133
vt 0.401221 0.052850
vt 0.401563 0.085932
vt 0.401711 0.075107
vt 0.890875 0.231396
vt 0.897304 0.225189
vt 0.896812 0.215383
vt 0.892235 0.221853
vt 0.889977 0.256846
vt 0.883410 0.251669
vt 0.891386 0.254291
vt 0.908874 0.213843
vt 0.915042 0.207875
vt 0.921557 0.201602
vt 0.928492 0.194944
vt 0.935922 0.187821
vt 0.943933 0.180145
vt 0.901597 0.208735
vt 0.912004 0.194522
vt 0.906644 0.201811
vt 0.917732 0.186776
vt 0.923883 0.178481
vt 0.930519 0.169537
vt 0.937701 0.159833
vt 0.897120 0.196907
vt 0.419532 0.062850
vt 0.419031 0.050769
vt 0.419023 0.076064
vt 0.887155 0.229001
vt 0.883428 0.234821
vt 0.889837 0.212036
vt 0.886520 0.219230
vt 0.870789 0.241423
vt 0.866988 0.233569
vt 0.888074 0.259178
vt 0.882661 0.252985
vt 0.437693 0.060288
vt 0.437036 0.048143
vt 0.423959 0.092669
vt 0.417946 0.089909
vt 0.882976 0.227161
vt 0.880425 0.233580
vt 0.882239 0.209657
vt 0.880307 0.217411
vt 0.883923 0.247386
vt 0.537139 0.062731
vt 0.530447 0.077848
vt 0.523708 0.067171
vt 0.893360 0.204630
vt 0.456306 0.068151
vt 0.437056 0.073640
vt 0.901149 0.188770
vt 0.905483 0.180123
vt 0.910156 0.170865
vt 0.915206 0.160890
vt 0.920675 0.150078
vt 0.926822 0.138283
vt 0.889291 0.184542
vt 0.886722 0.193324
vt 0.895150 0.165252
vt 0.892097 0.175218
vt 0.898466 0.154532
vt 0.902052 0.142933
vt 0.906056 0.130278
vt 0.456351 0.056470
vt 0.455242 0.045042
vt 0.876799 0.181882
vt 0.455554 0.079966
vt 0.878446 0.225939
vt 0.877183 0.232798
vt 0.873763 0.216449
vt 0.876707 0.264974
vt 0.873972 0.257044
vt 0.875708 0.256972
vt 0.884375 0.201663
vt 0.477761 0.072560
vt 0.477160 0.063038
vt 0.873691 0.225400
vt 0.867047 0.216414
vt 0.874225 0.208299
vt 0.863783 0.234914
vt 0.867835 0.243253
vt 0.860862 0.236798
vt 0.096946 0.328913
vt 0.096416 0.332711
vt 0.874895 0.199885
vt 0.875756 0.191109
vt 0.878016 0.172110
vt 0.879398 0.161698
vt 0.880931 0.150529
vt 0.882574 0.138566
vt 0.476283 0.053137
vt 0.473735 0.041858
vt 0.863633 0.170943
vt 0.863284 0.137651
vt 0.863233 0.149199
vt 0.863609 0.126059
vt 0.486515 0.053533
vt 0.851290 0.181675
vt 0.863986 0.180925
vt 0.485534 0.061283
vt 0.860378 0.217318
vt 0.865983 0.208052
vt 0.868835 0.225575
vt 0.486524 0.069782
vt 0.877633 0.241090
vt 0.882794 0.244682
vt 0.041980 0.389409
vt 0.011953 0.391172
vt 0.036786 0.378847
vt 0.865139 0.199403
vt 0.864481 0.190386
vt 0.864017 0.226497
vt 0.863389 0.160364
vt 0.857759 0.208933
vt 0.877690 0.249731
vt 0.855382 0.200234
vt 0.853213 0.191163
vt 0.849636 0.171708
vt 0.848116 0.161170
vt 0.846628 0.150027
vt 0.844812 0.126446
vt 0.845399 0.138495
vt 0.507249 0.043751
vt 0.490282 0.036327
vt 0.505853 0.032858
vt 0.835395 0.174226
vt 0.854420 0.218870
vt 0.828707 0.153035
vt 0.825587 0.141255
vt 0.512562 0.047266
vt 0.859379 0.228180
vt 0.848477 0.221574
vt 0.850180 0.210716
vt 0.874214 0.240697
vt 0.846186 0.202204
vt 0.842392 0.193306
vt 0.838799 0.183994
vt 0.855070 0.230629
vt 0.832057 0.163938
vt 0.842663 0.213812
vt 0.837129 0.205608
vt 0.831827 0.196967
vt 0.826706 0.187886
vt 0.821723 0.178374
vt 0.858341 0.239196
vt 0.812095 0.158118
vt 0.802606 0.135047
vt 0.807373 0.147098
vt 0.546095 0.033211
vt 0.524346 0.029118
vt 0.541592 0.022424
vt 0.550858 0.044053
vt 0.531967 0.051813
vt 0.527709 0.040620
vt 0.566402 0.036512
vt 0.555948 0.054861
vt 0.816863 0.168468
vt 0.842513 0.225685
vt 0.797644 0.164475
vt 0.863450 0.262931
vt 0.869049 0.255559
vt 0.856335 0.242067
vt 0.865296 0.247678
vt 0.854960 0.245343
vt 0.561129 0.025916
vt 0.556036 0.015659
vt 0.790448 0.181719
vt 0.803313 0.174417
vt 0.873330 0.265276
vt 0.872245 0.256833
vt 0.580681 0.029505
vt 0.571818 0.047214
vt 0.574980 0.019218
vt 0.837338 0.230926
vt 0.835231 0.218404
vt 0.851241 0.233834
vt 0.136719 0.323396
vt 0.137991 0.327206
vt 0.828289 0.210555
vt 0.821656 0.202183
vt 0.815293 0.193324
vt 0.809174 0.184032
vt 0.848050 0.237768
vt 0.791958 0.154039
vt 0.828594 0.224304
vt 0.820220 0.216936
vt 0.812222 0.208906
vt 0.804586 0.200288
vt 0.797313 0.191172
vt 0.833247 0.237177
vt 0.783926 0.171976
vt 0.777512 0.161807
vt 0.786055 0.142990
vt 0.569550 0.009179
vt 0.594470 0.021738
vt 0.586651 0.039751
vt 0.588430 0.011835
vt 0.770479 0.180878
vt 0.582732 0.002017
vt 0.067167 0.314624
vt 0.097939 0.325202
vt 0.593021 0.049809
vt 0.583640 0.068836
vt 0.577483 0.057939
vt 0.855001 0.252461
vt 0.847974 0.260127
vt 0.845742 0.255472
vt 0.845668 0.242380
vt 0.822972 0.231537
vt 0.813041 0.224897
vt 0.803520 0.217370
vt 0.794442 0.209061
vt 0.785852 0.200089
vt 0.777870 0.190653
vt 0.804555 0.297944
vt 0.803693 0.280575
vt 0.812144 0.289270
vt 0.763432 0.170730
vt 0.770976 0.151134
vt 0.790505 0.316571
vt 0.786037 0.297879
vt 0.797330 0.307100
vt 0.813201 0.273037
vt 0.777567 0.336470
vt 0.770619 0.317081
vt 0.783999 0.326311
vt 0.794623 0.288896
vt 0.063367 0.019724
vt 0.056129 0.002048
vt 0.069059 0.009787
vt 0.778044 0.307317
vt 0.763513 0.327206
vt 0.770971 0.347143
vt 0.756461 0.337682
vt 0.060072 0.059027
vt 0.070916 0.077837
vt 0.053546 0.069946
vt 0.876353 0.246636
vt 0.879202 0.241675
vt 0.076415 0.066429
vt 0.066028 0.048284
vt 0.081578 0.055251
vt 0.837168 0.267010
vt 0.866683 0.244539
vt 0.561339 0.065625
vt 0.549669 0.083422
vt 0.543190 0.073249
vt 0.828443 0.273723
vt 0.833365 0.260733
vt 0.925247 0.256380
vt 0.607944 0.040468
vt 0.600141 0.059914
vt 0.600927 0.031352
vt 0.566807 0.076612
vt 0.547590 0.094942
vt 0.538539 0.087241
vt 0.556460 0.093868
vt 0.563554 0.104641
vt 0.112760 0.092581
vt 0.112669 0.080383
vt 0.120488 0.082841
vt 0.118604 0.069541
vt 0.126839 0.071889
vt 0.091214 0.109834
vt 0.098694 0.100374
vt 0.104019 0.100720
vt 0.608429 0.070712
vt 0.598449 0.093202
vt 0.590748 0.080641
vt 0.105958 0.090586
vt 0.127435 0.047078
vt 0.131966 0.060621
vt 0.123497 0.058319
vt 0.572664 0.088912
vt 0.578912 0.102262
vt 0.908806 0.253980
vt 0.624883 0.058365
vt 0.617427 0.082112
vt 0.615828 0.049300
vt 0.898171 0.256489
vt 0.942828 0.258948
vt 0.914948 0.261482
vt 0.962348 0.261812
vt 0.931198 0.266424
vt 0.984566 0.265119
vt 0.949008 0.271836
vt 0.302994 0.067707
vt 0.969168 0.277973
vt 0.302448 0.090473
vt 0.319268 0.091633
vt 0.992457 0.285302
vt 0.980369 0.281441
vt 0.985015 0.302950
vt 0.286265 0.078392
vt 0.869223 0.242206
vt 0.286851 0.056178
vt 0.286603 0.067418
vt 0.112304 0.240987
vt 0.125761 0.209500
vt 0.124255 0.240808
vt 0.962698 0.292182
vt 0.958744 0.274796
vt 0.285885 0.089315
vt 0.907160 0.259102
vt 0.911755 0.267515
vt 0.270168 0.077763
vt 0.922926 0.263910
vt 0.261118 0.308134
vt 0.267933 0.290876
vt 0.273583 0.300802
vt 0.896228 0.260090
vt 0.939860 0.269055
vt 0.926927 0.274875
vt 0.919192 0.271128
vt 0.943654 0.282965
vt 0.935050 0.278804
vt 0.907423 0.273119
vt 0.904520 0.263981
vt 0.952834 0.287407
vt 0.921096 0.282785
vt 0.973386 0.297346
vt 0.936278 0.293454
vt 0.270307 0.066964
vt 0.270430 0.055735
vt 0.953652 0.305655
vt 0.270033 0.088367
vt 0.974189 0.319857
vt 0.960003 0.335528
vt 0.963455 0.312491
vt 0.253346 0.076875
vt 0.881652 0.254174
vt 0.253252 0.066026
vt 0.893600 0.263395
vt 0.253574 0.087508
vt 0.900946 0.268492
vt 0.902046 0.278141
vt 0.235887 0.077416
vt 0.914111 0.277859
vt 0.890352 0.266309
vt 0.928457 0.287961
vt 0.944643 0.299329
vt 0.913815 0.289937
vt 0.926999 0.302997
vt 0.907787 0.283920
vt 0.942152 0.317959
vt 0.920197 0.296270
vt 0.895752 0.282437
vt 0.896521 0.272512
vt 0.934293 0.310198
vt 0.905251 0.296116
vt 0.950656 0.326379
vt 0.916025 0.311284
vt 0.253381 0.054749
vt 0.235284 0.064989
vt 0.235533 0.053145
vt 0.928490 0.328652
vt 0.236979 0.090194
vt 0.943296 0.349016
vt 0.218184 0.077270
vt 0.217171 0.063420
vt 0.886569 0.268747
vt 0.227023 0.094798
vt 0.924264 0.359860
vt 0.935491 0.338402
vt 0.891354 0.275926
vt 0.888702 0.285874
vt 0.199016 0.072194
vt 0.900368 0.289135
vt 0.882350 0.270631
vt 0.910453 0.303470
vt 0.922019 0.319647
vt 0.895622 0.301124
vt 0.903647 0.318034
vt 0.899480 0.309324
vt 0.913052 0.337364
vt 0.908158 0.327347
vt 0.885194 0.304798
vt 0.892040 0.293339
vt 0.918359 0.348173
vt 0.890232 0.323019
vt 0.198487 0.060082
vt 0.217487 0.051065
vt 0.896317 0.343829
vt 0.200290 0.084568
vt 0.219918 0.091979
vt 0.903599 0.368055
vt 0.885575 0.278625
vt 0.881084 0.288338
vt 0.178491 0.067350
vt 0.877806 0.271886
vt 0.178440 0.077535
vt 0.879356 0.280521
vt 0.872829 0.281549
vt 0.873099 0.289773
vt 0.179063 0.056833
vt 0.164579 0.064682
vt 0.163428 0.056928
vt 0.877394 0.256625
vt 0.866593 0.264266
vt 0.883028 0.296396
vt 0.873060 0.272464
vt 0.887591 0.313640
vt 0.893134 0.333039
vt 0.873587 0.298255
vt 0.874277 0.307091
vt 0.899787 0.355421
vt 0.875158 0.316371
vt 0.876224 0.326185
vt 0.199200 0.048429
vt 0.877465 0.336625
vt 0.878871 0.347735
vt 0.882303 0.371616
vt 0.880523 0.359356
vt 0.862572 0.317366
vt 0.862253 0.327339
vt 0.180695 0.045656
vt 0.862093 0.337904
vt 0.862024 0.349073
vt 0.163779 0.073231
vt 0.866185 0.281648
vt 0.864948 0.290092
vt 0.863045 0.372177
vt 0.875952 0.240756
vt 0.875861 0.246470
vt 0.875339 0.246387
vt 0.869923 0.265046
vt 0.868241 0.272321
vt 0.863943 0.298810
vt 0.863142 0.307881
vt 0.863485 0.271424
vt 0.860010 0.280980
vt 0.857197 0.289411
vt 0.854618 0.298141
vt 0.852234 0.307224
vt 0.862271 0.360605
vt 0.850074 0.316700
vt 0.848149 0.326633
vt 0.146277 0.046683
vt 0.163108 0.041294
vt 0.160365 0.052130
vt 0.846325 0.337129
vt 0.844509 0.348312
vt 0.842969 0.360378
vt 0.842088 0.373515
vt 0.837788 0.314434
vt 0.834067 0.324210
vt 0.129853 0.035016
vt 0.137323 0.051557
vt 0.830405 0.334429
vt 0.826782 0.345177
vt 0.854100 0.279377
vt 0.849702 0.287592
vt 0.819967 0.369437
vt 0.870584 0.256337
vt 0.880613 0.242488
vt 0.858934 0.269754
vt 0.845555 0.296154
vt 0.841601 0.305091
vt 0.854732 0.267306
vt 0.847803 0.276394
vt 0.841951 0.284290
vt 0.836413 0.292616
vt 0.831134 0.301362
vt 0.823266 0.356739
vt 0.826061 0.310526
vt 0.821149 0.320089
vt 0.107428 0.040454
vt 0.103136 0.051578
vt 0.098395 0.062591
vt 0.816393 0.329978
vt 0.811735 0.340239
vt 0.801998 0.362796
vt 0.086609 0.044150
vt 0.806999 0.351073
vt 0.077182 0.026873
vt 0.071709 0.037513
vt 0.091510 0.033242
vt 0.111367 0.029268
vt 0.096393 0.336500
vt 0.803189 0.324066
vt 0.797578 0.334007
vt 0.791927 0.344452
vt 0.786007 0.355560
vt 0.842046 0.272232
vt 0.834785 0.279666
vt 0.057269 0.029991
vt 0.050792 0.040271
vt 0.851026 0.264089
vt 0.827885 0.287648
vt 0.821312 0.296130
vt 0.815020 0.305075
vt 0.808977 0.314426
vt 0.820101 0.281173
vt 0.082393 0.016615
vt 0.012325 0.057270
vt 0.019318 0.082151
vt 0.002221 0.066624
vt 0.050173 0.011640
vt 0.043854 0.021312
vt 0.037098 0.030697
vt 0.029793 0.039611
vt 0.036443 0.060494
vt 0.021645 0.048298
vt 0.823113 0.266386
vt 0.103182 0.315391
vt 0.043917 0.050369
vt 0.028119 0.071128
vt 0.088189 0.084707
vt 0.093272 0.073546
vt 0.082992 0.097203
vt 0.719353 0.270884
vt 0.709678 0.255057
vt 0.723401 0.259426
vt 0.077543 0.110719
vt 0.046089 0.081684
vt 0.038154 0.094034
vt 0.114695 0.273689
vt 0.122190 0.273768
vt 0.113794 0.308039
vt 0.116752 0.307544
vt 0.064655 0.090270
vt 0.057944 0.103507
vt 0.148017 0.246546
vt 0.129670 0.275152
vt 0.136226 0.242671
vt 0.093942 0.212795
vt 0.109684 0.209760
vt 0.100508 0.242964
vt 0.107287 0.274993
vt 0.157546 0.216862
vt 0.141808 0.211953
vt 0.089055 0.246923
vt 0.100058 0.277505
vt 0.119735 0.307669
vt 0.516152 0.244974
vt 0.532023 0.233842
vt 0.531734 0.245249
vt 0.078762 0.218213
vt 0.547048 0.256758
vt 0.531489 0.256346
vt 0.516085 0.256156
vt 0.548110 0.234749
vt 0.548756 0.223531
vt 0.532341 0.222017
vt 0.516187 0.233494
vt 0.516209 0.221572
vt 0.500160 0.234041
vt 0.500449 0.245132
vt 0.159415 0.252373
vt 0.137045 0.277787
vt 0.018432 0.404192
vt 0.048574 0.399115
vt 0.026884 0.416308
vt 0.101780 0.349818
vt 0.066948 0.364801
vt 0.099597 0.346930
vt 0.170007 0.371822
vt 0.208053 0.375118
vt 0.203891 0.387656
vt 0.547508 0.245758
vt 0.562892 0.257317
vt 0.563425 0.246292
vt 0.564065 0.235551
vt 0.564733 0.224795
vt 0.170199 0.260045
vt 0.144172 0.281689
vt 0.172505 0.224138
vt 0.075868 0.379204
vt 0.070851 0.372317
vt 0.180146 0.269411
vt 0.150912 0.286802
vt 0.138830 0.339367
vt 0.139096 0.335299
vt 0.105547 0.312815
vt 0.125538 0.309638
vt 0.122678 0.308369
vt 0.186988 0.234237
vt 0.579187 0.247073
vt 0.579517 0.236429
vt 0.579828 0.225915
vt 0.030287 0.342355
vt 0.004815 0.326536
vt 0.031119 0.329239
vt 0.167320 0.308395
vt 0.135083 0.319833
vt 0.162649 0.300287
vt 0.137980 0.343313
vt 0.596151 0.248448
vt 0.578850 0.258141
vt 0.596277 0.226687
vt 0.157121 0.293042
vt 0.189041 0.280268
vt 0.200512 0.246657
vt 0.104519 0.352286
vt 0.110906 0.309098
vt 0.136527 0.347030
vt 0.134466 0.350415
vt 0.062152 0.340159
vt 0.062793 0.331875
vt 0.130801 0.313795
vt 0.128264 0.311457
vt 0.596307 0.237521
vt 0.212536 0.261072
vt 0.613603 0.249662
vt 0.595696 0.259640
vt 0.613140 0.236470
vt 0.222828 0.277232
vt 0.196693 0.292372
vt 0.138802 0.331207
vt 0.631389 0.252225
vt 0.613105 0.261674
vt 0.108139 0.310701
vt 0.033507 0.316387
vt 0.612077 0.222609
vt 0.617887 0.219860
vt 0.630738 0.238919
vt 0.070815 0.306448
vt 0.075313 0.298832
vt 0.097971 0.343695
vt 0.133092 0.316607
vt 0.131800 0.353380
vt 0.230992 0.294977
vt 0.649642 0.256010
vt 0.630749 0.264264
vt 0.648892 0.232583
vt 0.629384 0.224818
vt 0.171165 0.317136
vt 0.610912 0.355585
vt 0.629395 0.361306
vt 0.610063 0.357928
vt 0.096905 0.340190
vt 0.670854 0.239777
vt 0.649607 0.244403
vt 0.175558 0.335713
vt 0.176110 0.344515
vt 0.202832 0.305504
vt 0.173946 0.326326
vt 0.669078 0.259252
vt 0.648563 0.267313
vt 0.670095 0.249306
vt 0.210061 0.333114
vt 0.235059 0.313031
vt 0.239670 0.329381
vt 0.666580 0.270531
vt 0.679200 0.258768
vt 0.678482 0.250900
vt 0.064435 0.323155
vt 0.037658 0.303514
vt 0.679657 0.242413
vt 0.093124 0.281231
vt 0.043338 0.291220
vt 0.207427 0.319275
vt 0.211139 0.347657
vt 0.684932 0.266367
vt 0.698295 0.279165
vt 0.682905 0.276113
vt 0.210527 0.361837
vt 0.243007 0.349116
vt 0.241293 0.368890
vt 0.175428 0.353569
vt 0.173377 0.362929
vt 0.714959 0.243750
vt 0.728410 0.248168
vt 0.700012 0.268272
vt 0.704557 0.264165
vt 0.721588 0.232610
vt 0.237212 0.385794
vt 0.737415 0.278047
vt 0.716267 0.282519
vt 0.742039 0.267014
vt 0.747091 0.255844
vt 0.757407 0.274253
vt 0.762900 0.263154
vt 0.752210 0.285022
vt 0.733075 0.288881
vt 0.771539 0.280837
vt 0.777625 0.270188
vt 0.765847 0.291334
vt 0.165369 0.380119
vt 0.197998 0.399411
vt 0.231990 0.401394
vt 0.760538 0.301456
vt 0.747297 0.295325
vt 0.785109 0.288039
vt 0.791705 0.278034
vt 0.779041 0.298208
vt 0.773427 0.308175
vt 0.758429 0.232600
vt 0.768789 0.251796
vt 0.752639 0.244488
vt 0.784217 0.259521
vt 0.775234 0.240035
vt 0.791621 0.248648
vt 0.078135 0.252743
vt 0.058615 0.269347
vt 0.086606 0.286100
vt 0.080627 0.292011
vt 0.263727 0.251174
vt 0.273923 0.231913
vt 0.279756 0.244078
vt 0.269953 0.262410
vt 0.285192 0.255755
vt 0.739258 0.214835
vt 0.741076 0.226209
vt 0.729771 0.222726
vt 0.798960 0.268400
vt 0.807142 0.258956
vt 0.734406 0.237121
vt 0.748253 0.215246
vt 0.755819 0.204453
vt 0.315652 0.217923
vt 0.315699 0.230461
vt 0.308818 0.219757
vt 0.321585 0.241660
vt 0.323481 0.228009
vt 0.329755 0.239274
vt 0.292948 0.200507
vt 0.306479 0.209712
vt 0.301109 0.209701
vt 0.809005 0.225536
vt 0.816392 0.249382
vt 0.800058 0.237237
vt 0.790068 0.214655
vt 0.326331 0.253055
vt 0.782459 0.227533
vt 0.764465 0.219581
vt 0.770661 0.205944
vt 0.334702 0.250659
vt 0.330054 0.264422
vt 0.518198 0.056121
vt 0.067930 0.260278
vt 0.499826 0.222694
vt 0.484555 0.245274
vt 0.484833 0.256262
vt 0.500590 0.256118
vt 0.051185 0.235743
vt 0.483658 0.223670
vt 0.064552 0.225748
vt 0.468857 0.245587
vt 0.484121 0.234501
vt 0.468556 0.224444
vt 0.452333 0.235712
vt 0.452312 0.246426
vt 0.062547 0.348207
vt 0.468976 0.256604
vt 0.050367 0.279741
vt 0.468702 0.234965
vt 0.452460 0.225146
vt 0.038742 0.247993
vt 0.435478 0.235026
vt 0.434893 0.247350
vt 0.064169 0.356714
vt 0.027839 0.261889
vt 0.452454 0.257523
vt 0.435121 0.259046
vt 0.417288 0.248878
vt 0.018628 0.277291
vt 0.426968 0.217738
vt 0.420098 0.220551
vt 0.418360 0.235168
vt 0.011435 0.293837
vt 0.417561 0.261059
vt 0.399086 0.252151
vt 0.400893 0.227895
vt 0.379676 0.244853
vt 0.380318 0.255289
vt 0.399630 0.240191
vt 0.030852 0.355455
vt 0.379515 0.234725
vt 0.365887 0.247228
vt 0.364989 0.255050
vt 0.007434 0.311029
vt 0.399757 0.263604
vt 0.381865 0.266337
vt 0.362088 0.259946
vt 0.364923 0.238743
vt 0.533588 0.294207
vt 0.525660 0.290139
vt 0.527340 0.288298
vt 0.539204 0.299689
vt 0.531896 0.296037
vt 0.001514 0.343283
vt 0.364664 0.270715
vt 0.347822 0.265200
vt 0.349368 0.274810
vt 0.332324 0.276484
vt 0.033090 0.367531
vt 0.002950 0.361905
vt 0.310660 0.271019
vt 0.007094 0.377310
vt 0.306446 0.259830
vt 0.301717 0.248609
vt 0.290344 0.267103
vt 0.281307 0.284138
vt 0.275799 0.273445
vt 0.314512 0.282123
vt 0.295222 0.278033
vt 0.261755 0.280517
vt 0.286441 0.294324
vt 0.299865 0.288440
vt 0.216347 0.251387
vt 0.222862 0.226706
vt 0.231662 0.237834
vt 0.255261 0.298490
vt 0.248988 0.288616
vt 0.255084 0.270007
vt 0.234616 0.269597
vt 0.240156 0.248859
vt 0.247931 0.259513
vt 0.256888 0.239588
vt 0.296437 0.237213
vt 0.226041 0.260542
vt 0.242166 0.278904
vt 0.291008 0.225288
vt 0.285542 0.212234
vt 0.563591 0.318818
vt 0.569472 0.327784
vt 0.561842 0.320593
vt 0.249266 0.227372
vt 0.241351 0.214899
vt 0.049677 0.182230
vt 0.041628 0.196493
vt 0.047292 0.181507
vt 0.579944 0.335031
vt 0.571285 0.326075
vt 0.053414 0.165779
vt 0.051450 0.149228
vt 0.053931 0.148991
vt 0.267505 0.218918
vt 0.260835 0.205539
vt 0.280033 0.198613
vt 0.045532 0.116646
vt 0.035464 0.104633
vt 0.037381 0.103040
vt 0.034759 0.210531
vt 0.043853 0.197614
vt 0.050949 0.165414
vt 0.021225 0.220371
vt 0.032927 0.208841
vt 0.022844 0.222266
vt 0.007684 0.229407
vt 0.546196 0.306086
vt 0.537560 0.301561
vt 0.556910 0.316942
vt 0.544594 0.307995
vt 0.008807 0.231632
vt 0.001910 0.232220
vt 0.707129 0.036502
vt 0.714561 0.033111
vt 0.708706 0.038432
vt 0.712935 0.031222
vt 0.721001 0.027437
vt 0.684234 0.381225
vt 0.663879 0.372751
vt 0.664983 0.370516
vt 0.558461 0.314990
vt 0.599954 0.350502
vt 0.587981 0.345439
vt 0.589524 0.343481
vt 0.578187 0.336799
vt 0.644929 0.362166
vt 0.629490 0.358816
vt 0.644149 0.364533
vt 0.598734 0.352675
vt 0.702624 0.393963
vt 0.682928 0.383348
vt 0.050808 0.132392
vt 0.048400 0.133035
vt 0.437874 0.092488
vt 0.457393 0.084771
vt 0.025972 0.091186
vt 0.024274 0.093010
vt 0.043244 0.117634
vt 0.681921 0.054567
vt 0.675766 0.063347
vt 0.674006 0.061582
vt 0.665075 0.070267
vt 0.666776 0.072088
vt 0.011422 0.083175
vt 0.012631 0.080996
vt 0.001899 0.078383
vt 0.002826 0.076070
vt 0.702816 0.040234
vt 0.691948 0.051067
vt 0.690505 0.049034
vt 0.683614 0.056396
vt 0.704380 0.042175
vt 0.546818 0.125894
vt 0.566482 0.115581
vt 0.548317 0.127885
vt 0.604204 0.095187
vt 0.618030 0.095111
vt 0.604912 0.097576
vt 0.644595 0.085111
vt 0.656719 0.080421
vt 0.645747 0.087321
vt 0.655238 0.078416
vt 0.633485 0.089853
vt 0.617921 0.092622
vt 0.634262 0.092221
vt 0.584541 0.102887
vt 0.585614 0.105136
vt 0.565194 0.113447
vt 0.529417 0.140622
vt 0.531132 0.142430
vt 0.343773 0.284290
vt 0.351320 0.283303
vt 0.344877 0.286524
vt 0.487877 0.075152
vt 0.480958 0.082584
vt 0.479191 0.077699
vt 0.494937 0.106984
vt 0.465583 0.124972
vt 0.463916 0.115963
vt 0.865579 0.014076
vt 0.875263 0.019124
vt 0.864949 0.016487
vt 0.500679 0.124435
vt 0.498500 0.115853
vt 0.439014 0.124999
vt 0.513657 0.112038
vt 0.516266 0.120487
vt 0.467165 0.133768
vt 0.441000 0.133785
vt 0.430273 0.147882
vt 0.444404 0.142135
vt 0.423513 0.122123
vt 0.438867 0.115486
vt 0.484146 0.088896
vt 0.462013 0.106448
vt 0.460157 0.097607
vt 0.421720 0.131787
vt 0.426409 0.112562
vt 0.439255 0.106411
vt 0.493977 0.085423
vt 0.489477 0.097503
vt 0.502359 0.133304
vt 0.468827 0.142802
vt 0.489852 0.079516
vt 0.501344 0.093839
vt 0.508922 0.103254
vt 0.458662 0.090611
vt 0.438855 0.098941
vt 0.504086 0.153051
vt 0.470407 0.152100
vt 0.503565 0.142748
vt 0.427046 0.104516
vt 0.503623 0.164665
vt 0.471758 0.161797
vt 0.451718 0.159549
vt 0.517884 0.161406
vt 0.473102 0.172798
vt 0.453909 0.169414
vt 0.519311 0.149440
vt 0.455321 0.180673
vt 0.445741 0.174202
vt 0.442784 0.164034
vt 0.448305 0.150589
vt 0.501905 0.177667
vt 0.437116 0.155511
vt 0.518074 0.129233
vt 0.514392 0.174414
vt 0.519178 0.138753
vt 0.498837 0.190342
vt 0.474635 0.185601
vt 0.508936 0.186974
vt 0.476051 0.198224
vt 0.456705 0.193311
vt 0.458891 0.205215
vt 0.446582 0.198780
vt 0.501955 0.197527
vt 0.494535 0.201008
vt 0.446557 0.185999
vt 0.489682 0.210131
vt 0.477057 0.208778
vt 0.494643 0.205691
vt 0.477820 0.218043
vt 0.462458 0.214528
vt 0.459672 0.221685
vt 0.466849 0.222196
vt 0.701968 0.209766
vt 0.691473 0.197449
vt 0.706677 0.201245
vt 0.875912 0.016719
vt 0.887892 0.023158
vt 0.453164 0.217712
vt 0.448202 0.210094
vt 0.680930 0.237707
vt 0.673994 0.230199
vt 0.682878 0.233303
vt 0.192282 0.130057
vt 0.160691 0.130715
vt 0.162426 0.121979
vt 0.217503 0.138802
vt 0.230158 0.133979
vt 0.227690 0.142510
vt 0.217848 0.096808
vt 0.137484 0.116226
vt 0.135053 0.124763
vt 0.219546 0.130064
vt 0.193677 0.121003
vt 0.142043 0.107306
vt 0.190746 0.138900
vt 0.213335 0.147013
vt 0.221946 0.150311
vt 0.195014 0.111447
vt 0.165100 0.112955
vt 0.169096 0.103315
vt 0.228142 0.124327
vt 0.196265 0.102538
vt 0.173035 0.094485
vt 0.189053 0.147960
vt 0.158204 0.149184
vt 0.159274 0.139722
vt 0.218747 0.120487
vt 0.149444 0.097686
vt 0.217200 0.111243
vt 0.156654 0.089078
vt 0.197379 0.095415
vt 0.175524 0.087854
vt 0.198415 0.089406
vt 0.177051 0.082599
vt 0.217029 0.103534
vt 0.160659 0.083064
vt 0.224199 0.106751
vt 0.225022 0.114805
vt 0.132644 0.153896
vt 0.157665 0.159316
vt 0.187462 0.157290
vt 0.186159 0.167037
vt 0.157799 0.170765
vt 0.202173 0.174276
vt 0.209769 0.166792
vt 0.207039 0.177052
vt 0.134345 0.165880
vt 0.204434 0.164214
vt 0.184885 0.178081
vt 0.201237 0.185793
vt 0.206502 0.188898
vt 0.183360 0.190889
vt 0.208505 0.155297
vt 0.132537 0.143164
vt 0.138144 0.178866
vt 0.133434 0.133582
vt 0.158740 0.183789
vt 0.160655 0.196537
vt 0.200646 0.198535
vt 0.206796 0.201715
vt 0.143909 0.191360
vt 0.181748 0.203471
vt 0.198926 0.210298
vt 0.151166 0.201805
vt 0.205457 0.213108
vt 0.180239 0.213957
vt 0.166988 0.216533
vt 0.163561 0.207224
vt 0.200665 0.220878
vt 0.158712 0.209842
vt 0.189809 0.225861
vt 0.194993 0.219131
vt 0.677162 0.223884
vt 0.651945 0.222136
vt 0.653390 0.215221
vt 0.194232 0.225027
vt 0.693634 0.189013
vt 0.658599 0.188411
vt 0.687943 0.206052
vt 0.657012 0.197184
vt 0.660146 0.179710
vt 0.632249 0.188088
vt 0.634089 0.179553
vt 0.637414 0.171344
vt 0.623245 0.165573
vt 0.617439 0.173030
vt 0.616947 0.190602
vt 0.614940 0.181219
vt 0.687004 0.227350
vt 0.682497 0.215337
vt 0.694392 0.218983
vt 0.632273 0.197368
vt 0.632797 0.206349
vt 0.655188 0.206492
vt 0.696342 0.149280
vt 0.707029 0.139706
vt 0.710638 0.152574
vt 0.620032 0.200055
vt 0.632452 0.213815
vt 0.631472 0.220278
vt 0.650696 0.227947
vt 0.619720 0.215328
vt 0.620707 0.208201
vt 0.696894 0.160733
vt 0.696446 0.170891
vt 0.712157 0.164376
vt 0.712098 0.174916
vt 0.663346 0.161476
vt 0.664642 0.151894
vt 0.665906 0.141021
vt 0.644751 0.154103
vt 0.646966 0.144311
vt 0.648344 0.133128
vt 0.638816 0.139560
vt 0.639618 0.127800
vt 0.635788 0.149686
vt 0.641304 0.162980
vt 0.630064 0.158101
vt 0.701429 0.127263
vt 0.694512 0.136407
vt 0.691306 0.123855
vt 0.711048 0.184311
vt 0.709268 0.192957
vt 0.661795 0.170706
vt 0.695292 0.180223
vt 0.667345 0.128319
vt 0.668656 0.115837
vt 0.649647 0.120585
vt 0.651728 0.108873
vt 0.639552 0.115112
vt 0.641054 0.104012
vt 0.694287 0.116849
vt 0.686808 0.108813
vt 0.686851 0.113342
vt 0.681898 0.104282
vt 0.669569 0.105470
vt 0.670317 0.096276
vt 0.655212 0.099822
vt 0.659609 0.092270
vt 0.652446 0.092886
vt 0.645932 0.096666
vt 0.491365 0.269078
vt 0.481217 0.268293
vt 0.481851 0.265883
vt 0.225011 0.099644
vt 0.338973 0.197083
vt 0.362125 0.182910
vt 0.363817 0.191462
vt 0.391915 0.174860
vt 0.418414 0.174829
vt 0.393381 0.183546
vt 0.394658 0.192305
vt 0.366423 0.200171
vt 0.343466 0.205688
vt 0.420277 0.183239
vt 0.397039 0.210323
vt 0.370353 0.209551
vt 0.395879 0.201587
vt 0.417569 0.201579
vt 0.428620 0.188634
vt 0.430845 0.179337
vt 0.360750 0.174021
vt 0.390262 0.165893
vt 0.350800 0.215056
vt 0.425318 0.197972
vt 0.419275 0.192488
vt 0.357967 0.223570
vt 0.374237 0.218248
vt 0.417339 0.209273
vt 0.398085 0.217320
vt 0.361934 0.229595
vt 0.376663 0.224803
vt 0.363768 0.234026
vt 0.378137 0.230017
vt 0.424444 0.206066
vt 0.359748 0.164721
vt 0.334394 0.160200
vt 0.359298 0.154797
vt 0.336192 0.148468
vt 0.386302 0.136266
vt 0.403253 0.140007
vt 0.387477 0.147117
vt 0.359534 0.143581
vt 0.388713 0.156691
vt 0.405530 0.149948
vt 0.340101 0.135721
vt 0.360593 0.130770
vt 0.409606 0.158720
vt 0.414374 0.166836
vt 0.410853 0.147431
vt 0.416348 0.155951
vt 0.334199 0.170709
vt 0.335020 0.180100
vt 0.422954 0.163557
vt 0.345989 0.123444
vt 0.362641 0.118240
vt 0.383417 0.111302
vt 0.401879 0.116062
vt 0.384899 0.123646
vt 0.402363 0.128625
vt 0.353372 0.113227
vt 0.365680 0.107792
vt 0.361043 0.105389
vt 0.391343 0.089532
vt 0.382017 0.101089
vt 0.380602 0.092041
vt 0.369175 0.098615
vt 0.407591 0.125551
vt 0.400301 0.104586
vt 0.396492 0.096092
vt 0.473161 0.263950
vt 0.472711 0.266401
vt 0.266032 0.384197
vt 0.270549 0.377007
vt 0.268424 0.384898
vt 0.512429 0.279186
vt 0.501337 0.276351
vt 0.502415 0.274104
vt 0.266310 0.391777
vt 0.263930 0.391037
vt 0.490467 0.271403
vt 0.282734 0.341150
vt 0.279616 0.350526
vt 0.277456 0.349282
vt 0.273565 0.357271
vt 0.275867 0.358225
vt 0.270529 0.366650
vt 0.272920 0.367354
vt 0.268137 0.376378
vt 0.517777 0.284661
vt 0.511297 0.281406
vt 0.518898 0.282435
vt 0.522128 0.286756
vt 0.443915 0.261496
vt 0.454512 0.264170
vt 0.443944 0.263988
vt 0.431817 0.262238
vt 0.432039 0.264720
vt 0.295851 0.325337
vt 0.290996 0.334630
vt 0.289069 0.333050
vt 0.284764 0.342597
vt 0.463958 0.265027
vt 0.464275 0.262555
vt 0.454667 0.261683
vt 0.303038 0.317519
vt 0.312998 0.310682
vt 0.304866 0.319213
vt 0.297717 0.326989
vt 0.418398 0.264070
vt 0.418769 0.266535
vt 0.404855 0.266558
vt 0.405318 0.269007
vt 0.320395 0.299963
vt 0.330663 0.294609
vt 0.322070 0.301808
vt 0.311224 0.308932
vt 0.392408 0.269227
vt 0.392937 0.271662
vt 0.350243 0.281055
vt 0.361938 0.278988
vt 0.381644 0.271685
vt 0.382190 0.274117
vt 0.338147 0.289922
vt 0.336936 0.287744
vt 0.329196 0.292595
vt 0.766188 0.007173
vt 0.756018 0.007599
vt 0.765639 0.004742
vt 0.774392 0.003117
vt 0.977005 0.130694
vt 0.972755 0.123342
vt 0.975188 0.122803
vt 0.745796 0.014515
vt 0.734611 0.016957
vt 0.744798 0.012232
vt 0.756834 0.009954
vt 0.964666 0.096547
vt 0.961893 0.087063
vt 0.966870 0.095383
vt 0.970465 0.103510
vt 0.973154 0.112994
vt 0.968129 0.104378
vt 0.970739 0.113609
vt 0.729072 0.022241
vt 0.728031 0.019976
vt 0.803707 0.001696
vt 0.793021 0.003995
vt 0.792955 0.001503
vt 0.815771 0.002864
vt 0.803589 0.004186
vt 0.953876 0.080245
vt 0.949366 0.070779
vt 0.955859 0.078736
vt 0.959812 0.088434
vt 0.783551 0.004518
vt 0.783321 0.002036
vt 0.942470 0.062703
vt 0.932768 0.055505
vt 0.934604 0.053821
vt 0.947440 0.072362
vt 0.829117 0.005169
vt 0.815462 0.005337
vt 0.842564 0.008134
vt 0.828660 0.007619
vt 0.925768 0.044522
vt 0.915704 0.038795
vt 0.917244 0.036836
vt 0.924027 0.046304
vt 0.854909 0.011240
vt 0.842015 0.010565
vt 0.902982 0.028001
vt 0.897849 0.028026
vt 0.899034 0.025834
vt 0.888822 0.020846
vt 0.402128 0.094365
vt 0.406797 0.101818
vt 0.854294 0.013655
vt 0.908397 0.033836
vt 0.909687 0.031704
vt 0.375093 0.273112
vt 0.361176 0.276616
vt 0.264487 0.396314
vt 0.375636 0.275544
vt 0.672259 0.235097
vt 0.523239 0.284526
vt 0.426076 0.097452
vt 0.435688 0.087724
vt 0.724651 0.024181
vt 0.723619 0.021912
vt 0.976449 0.138258
vt 0.974589 0.131306
vt 0.395736 0.090426
vt 0.407994 0.112918
vt 0.408089 0.137277
vt 0.418148 0.215984
vt 0.399089 0.223262
vt 0.425252 0.213186
vt 0.428555 0.171122
vt 0.215259 0.158115
vt 0.162542 0.078646
vt 0.719388 0.025538
vt 0.978854 0.137606
vt 0.978105 0.142859
vt 0.865821 0.246029
vt 0.872881 0.250451
vt 0.873264 0.250788
vt 0.873712 0.251049
vt 0.876798 0.246877
vt 0.872607 0.247670
vt 0.872923 0.247267
vt 0.873775 0.246666
vt 0.872265 0.248614
vt 0.874207 0.251227
vt 0.876284 0.251062
vt 0.877718 0.247955
vt 0.877492 0.247548
vt 0.874731 0.251317
vt 0.875788 0.251231
vt 0.877838 0.249294
vt 0.877450 0.250140
vt 0.876736 0.250817
vt 0.874804 0.246392
vt 0.875264 0.251318
vt 0.877129 0.250506
vt 0.872267 0.249104
vt 0.872371 0.249594
vt 0.872579 0.250049
vt 0.874277 0.246486
vt 0.877182 0.247185
vt 0.873317 0.246929
vt 0.875153 0.248849
vt 0.877853 0.248391
vt 0.872384 0.248124
vt 0.621858 0.389906
vt 0.612503 0.441073
vt 0.603862 0.382561
vt 0.498748 0.358488
vt 0.481634 0.444373
vt 0.482751 0.357504
vt 0.537287 0.443138
vt 0.549577 0.366811
vt 0.556402 0.441763
vt 0.593975 0.441416
vt 0.651856 0.396047
vt 0.651343 0.438569
vt 0.638808 0.394489
vt 0.518126 0.444016
vt 0.531957 0.363327
vt 0.576455 0.441405
vt 0.585817 0.376308
vt 0.631954 0.439842
vt 0.498431 0.444373
vt 0.515354 0.360561
vt 0.406957 0.439842
vt 0.397300 0.369070
vt 0.415707 0.365089
vt 0.697748 0.415205
vt 0.674191 0.389027
vt 0.682442 0.389483
vt 0.697196 0.402932
vt 0.698239 0.406950
vt 0.657910 0.395402
vt 0.666143 0.437099
vt 0.666404 0.391451
vt 0.676972 0.434032
vt 0.688105 0.428378
vt 0.350893 0.437710
vt 0.342856 0.386318
vt 0.361036 0.379439
vt 0.466734 0.358076
vt 0.426031 0.441707
vt 0.433411 0.362060
vt 0.369406 0.438528
vt 0.379235 0.373652
vt 0.312130 0.434208
vt 0.312710 0.391687
vt 0.325794 0.390464
vt 0.445163 0.443078
vt 0.450080 0.359722
vt 0.386921 0.438968
vt 0.331480 0.435979
vt 0.464843 0.443941
vt 0.290563 0.384095
vt 0.266341 0.409659
vt 0.282304 0.384338
vt 0.716562 0.498011
vt 0.705638 0.427567
vt 0.723116 0.423035
vt 0.269079 0.393693
vt 0.306676 0.390886
vt 0.297373 0.432358
vt 0.286626 0.429013
vt 0.298286 0.386719
vt 0.275642 0.423075
vt 0.269684 0.417216
vt 0.662455 0.497716
vt 0.654015 0.446865
vt 0.671185 0.439212
vt 0.787897 0.500363
vt 0.771268 0.414479
vt 0.786587 0.413497
vt 0.734715 0.499265
vt 0.739886 0.419444
vt 0.680410 0.497869
vt 0.688506 0.432752
vt 0.624910 0.495817
vt 0.624901 0.453573
vt 0.637614 0.451776
vt 0.752940 0.500055
vt 0.755520 0.416594
vt 0.697334 0.497741
vt 0.643766 0.496778
vt 0.771883 0.500363
vt 0.867922 0.425120
vt 0.859128 0.495861
vt 0.850316 0.421117
vt 0.594522 0.447304
vt 0.582825 0.480521
vt 0.579274 0.473061
vt 0.578764 0.464807
vt 0.579798 0.460787
vt 0.619127 0.453140
vt 0.610533 0.494599
vt 0.599933 0.491709
vt 0.610575 0.449238
vt 0.602772 0.446830
vt 0.588921 0.486192
vt 0.920104 0.442852
vt 0.913201 0.493935
vt 0.902711 0.435721
vt 0.801928 0.414017
vt 0.841020 0.497662
vt 0.895259 0.494629
vt 0.949407 0.448680
vt 0.950672 0.490905
vt 0.936646 0.447268
vt 0.822828 0.499002
vt 0.833446 0.418033
vt 0.878339 0.495012
vt 0.885204 0.429786
vt 0.931853 0.492434
vt 0.803903 0.499880
vt 0.817733 0.415656
vt 0.979583 0.441498
vt 0.992276 0.474347
vt 0.971323 0.441273
vt 0.086747 0.383686
vt 0.071801 0.393009
vt 0.070257 0.389604
vt 0.055123 0.402581
vt 0.052868 0.399599
vt 0.987168 0.444794
vt 0.990279 0.447541
vt 0.955166 0.448073
vt 0.965005 0.489254
vt 0.963596 0.443914
vt 0.975513 0.486045
vt 0.986354 0.480199
vt 0.105311 0.383639
vt 0.087731 0.387293
vt 0.104892 0.379924
vt 0.124019 0.383221
vt 0.124377 0.379500
vt 0.142648 0.386294
vt 0.143549 0.382666
vt 0.156466 0.390443
vt 0.126579 0.401499
vt 0.145552 0.405525
vt 0.126756 0.405233
vt 0.096340 0.406678
vt 0.109801 0.407602
vt 0.097248 0.410304
vt 0.109187 0.403914
vt 0.146014 0.401816
vt 0.163699 0.409053
vt 0.073939 0.414139
vt 0.067233 0.420245
vt 0.066080 0.416689
vt 0.164759 0.405468
vt 0.180364 0.415587
vt 0.197746 0.422771
vt 0.182106 0.412280
vt 0.207395 0.437862
vt 0.195358 0.425647
vt 0.210348 0.435569
vt 0.215596 0.451474
vt 0.223841 0.466018
vt 0.219027 0.449990
vt 0.225135 0.481993
vt 0.220164 0.466692
vt 0.039340 0.413173
vt 0.042284 0.415476
vt 0.032808 0.431063
vt 0.029383 0.429567
vt 0.023602 0.448399
vt 0.027258 0.449178
vt 0.025237 0.465063
vt 0.021499 0.465063
vt 0.070257 0.540522
vt 0.055123 0.527546
vt 0.071801 0.537118
vt 0.086747 0.546440
vt 0.087731 0.542834
vt 0.058213 0.419242
vt 0.055418 0.424078
vt 0.054265 0.420523
vt 0.050312 0.421805
vt 0.051465 0.425361
vt 0.205053 0.410369
vt 0.206970 0.415619
vt 0.203300 0.413671
vt 0.199634 0.411724
vt 0.201387 0.408423
vt 0.059367 0.422797
vt 0.166615 0.394652
vt 0.157791 0.386947
vt 0.168187 0.391261
vt 0.090558 0.408583
vt 0.186783 0.400670
vt 0.177666 0.400091
vt 0.179390 0.396774
vt 0.091752 0.412126
vt 0.081694 0.411612
vt 0.075093 0.417695
vt 0.192329 0.407846
vt 0.194082 0.404545
vt 0.185032 0.403972
vt 0.143549 0.547461
vt 0.156466 0.539684
vt 0.157791 0.543179
vt 0.105311 0.546488
vt 0.104892 0.550202
vt 0.124019 0.546906
vt 0.124377 0.550627
vt 0.142648 0.543833
vt 0.126579 0.562488
vt 0.145552 0.558461
vt 0.146014 0.562171
vt 0.096340 0.557308
vt 0.109801 0.556385
vt 0.109187 0.560072
vt 0.126756 0.558754
vt 0.163699 0.554934
vt 0.164759 0.558519
vt 0.073939 0.549847
vt 0.067233 0.543741
vt 0.075093 0.546292
vt 0.180364 0.548399
vt 0.182106 0.551707
vt 0.197746 0.541216
vt 0.195358 0.538340
vt 0.207395 0.526125
vt 0.210348 0.528418
vt 0.215596 0.512513
vt 0.219027 0.513996
vt 0.223841 0.497968
vt 0.220164 0.497294
vt 0.221396 0.481993
vt 0.039340 0.516954
vt 0.052868 0.530528
vt 0.032808 0.499063
vt 0.042284 0.514650
vt 0.023602 0.481728
vt 0.029382 0.500560
vt 0.027258 0.480949
vt 0.058213 0.544745
vt 0.055418 0.539908
vt 0.059367 0.541189
vt 0.050312 0.542182
vt 0.054265 0.543464
vt 0.208723 0.517809
vt 0.203300 0.516456
vt 0.206970 0.514507
vt 0.201387 0.521704
vt 0.205053 0.519758
vt 0.066080 0.547297
vt 0.166615 0.535474
vt 0.168187 0.538866
vt 0.090558 0.555403
vt 0.097248 0.553682
vt 0.186783 0.529457
vt 0.177666 0.530035
vt 0.185032 0.526154
vt 0.179390 0.533352
vt 0.081694 0.552374
vt 0.091752 0.551861
vt 0.082857 0.548821
vt 0.194082 0.525582
vt 0.199634 0.518402
vt 0.192329 0.522280
vt 0.567876 0.371263
vt 0.821891 0.539724
vt 0.847859 0.546606
vt 0.821898 0.546608
vt 0.360493 0.492522
vt 0.370526 0.499201
vt 0.361182 0.499967
vt 0.601858 0.277496
vt 0.582014 0.303589
vt 0.582014 0.277496
vt 0.362388 0.576058
vt 0.365651 0.535599
vt 0.382521 0.544502
vt 0.620932 0.277496
vt 0.601858 0.303589
vt 0.721887 0.501599
vt 0.748160 0.508557
vt 0.721841 0.508514
vt 0.324454 0.337396
vt 0.320647 0.321237
vt 0.332742 0.328601
vt 0.721841 0.539716
vt 0.695467 0.546636
vt 0.695404 0.540013
vt 0.847882 0.539707
vt 0.874548 0.546630
vt 0.375355 0.481534
vt 0.385823 0.482152
vt 0.378045 0.486177
vt 0.405155 0.448059
vt 0.394790 0.482984
vt 0.357339 0.441503
vt 0.381565 0.442806
vt 0.439859 0.511374
vt 0.451724 0.472336
vt 0.472203 0.490942
vt 0.669494 0.507838
vt 0.641621 0.501521
vt 0.669565 0.501511
vt 0.874630 0.539716
vt 0.902238 0.546666
vt 0.950311 0.509175
vt 0.957310 0.545685
vt 0.950312 0.539053
vt 0.351818 0.500869
vt 0.926075 0.539742
vt 0.929704 0.546683
vt 0.431855 0.536125
vt 0.440530 0.544473
vt 0.428562 0.543416
vt 0.425078 0.498364
vt 0.429292 0.457824
vt 0.412209 0.283453
vt 0.386746 0.276617
vt 0.410343 0.271028
vt 0.773549 0.546618
vt 0.797786 0.539712
vt 0.797795 0.546611
vt 0.743908 0.377708
vt 0.736123 0.351155
vt 0.753835 0.368362
vt 0.342569 0.482553
vt 0.359212 0.481142
vt 0.411009 0.489218
vt 0.465924 0.539371
vt 0.490832 0.511089
vt 0.508736 0.532094
vt 0.669552 0.546682
vt 0.669477 0.540356
vt 0.285615 0.501396
vt 0.282351 0.460936
vt 0.302484 0.492492
vt 0.239344 0.492747
vt 0.257539 0.525267
vt 0.222349 0.514114
vt 0.149835 0.451589
vt 0.171063 0.425689
vt 0.171063 0.451396
vt 0.485542 0.278748
vt 0.504131 0.297918
vt 0.481605 0.288577
vt 0.069963 0.451249
vt 0.078963 0.425562
vt 0.078963 0.451524
vt 0.255084 0.002299
vt 0.279546 0.031952
vt 0.255084 0.031965
vt 0.303036 0.002313
vt 0.279546 0.002313
vt 0.640364 0.044034
vt 0.605929 0.001498
vt 0.649092 0.001498
vt 0.340464 0.488416
vt 0.330589 0.484829
vt 0.451746 0.523569
vt 0.061332 0.427306
vt 0.053273 0.448809
vt 0.053273 0.428276
vt 0.552240 0.546053
vt 0.531782 0.513426
vt 0.570868 0.525906
vt 0.650230 0.303249
vt 0.660629 0.279306
vt 0.660629 0.301779
vt 0.955855 0.358116
vt 0.957260 0.344498
vt 0.970873 0.339163
vt 0.457788 0.282994
vt 0.434656 0.269505
vt 0.459939 0.272442
vt 0.670146 0.300809
vt 0.670146 0.280276
vt 0.935012 0.376493
vt 0.946430 0.353060
vt 0.302386 0.522881
vt 0.327615 0.497624
vt 0.337576 0.511728
vt 0.306639 0.450727
vt 0.320514 0.486023
vt 0.685950 0.300511
vt 0.678117 0.280921
vt 0.685950 0.280574
vt 0.230699 0.032270
vt 0.230699 0.001995
vt 0.061332 0.449779
vt 0.069963 0.425836
vt 0.386675 0.586268
vt 0.547659 0.277689
vt 0.564924 0.303589
vt 0.547659 0.303396
vt 0.045702 0.448165
vt 0.037916 0.428574
vt 0.045702 0.428921
vt 0.422605 0.554442
vt 0.410626 0.552165
vt 0.420500 0.548578
vt 0.748159 0.539720
vt 0.721874 0.546632
vt 0.485191 0.588935
vt 0.491046 0.547777
vt 0.509328 0.579171
vt 0.361740 0.507484
vt 0.371140 0.506975
vt 0.505114 0.538631
vt 0.531760 0.564659
vt 0.847896 0.508644
vt 0.874543 0.501687
vt 0.874635 0.508597
vt 0.437375 0.595492
vt 0.412193 0.592507
vt 0.400550 0.550972
vt 0.797776 0.508640
vt 0.773549 0.501702
vt 0.797794 0.501741
vt 0.748176 0.546644
vt 0.773538 0.539707
vt 0.439249 0.555853
vt 0.902215 0.501609
vt 0.902203 0.508537
vt 0.926062 0.508516
vt 0.929686 0.501569
vt 0.450562 0.537794
vt 0.441219 0.537028
vt 0.821892 0.508654
vt 0.847865 0.501746
vt 0.821899 0.501767
vt 0.348526 0.493579
vt 0.340527 0.302048
vt 0.350454 0.311393
vt 0.641610 0.546690
vt 0.641660 0.540366
vt 0.524225 0.310836
vt 0.509882 0.289144
vt 0.531631 0.303263
vt 0.519895 0.525620
vt 0.269732 0.513292
vt 0.260513 0.474719
vt 0.957297 0.502533
vt 0.465859 0.554843
vt 0.474826 0.554011
vt 0.695418 0.508168
vt 0.695485 0.501546
vt 0.370403 0.031952
vt 0.393926 0.002313
vt 0.393926 0.031952
vt 0.491119 0.053565
vt 0.500532 0.073087
vt 0.491119 0.073502
vt 0.884986 0.391179
vt 0.863320 0.407314
vt 0.861169 0.396761
vt 0.545961 0.497624
vt 0.588772 0.504900
vt 0.927606 0.368920
vt 0.913263 0.390611
vt 0.907512 0.381838
vt 0.455391 0.555461
vt 0.461601 0.594189
vt 0.838037 0.410251
vt 0.113117 0.451589
vt 0.132806 0.425496
vt 0.132806 0.451589
vt 0.452201 0.545216
vt 0.727835 0.342360
vt 0.724028 0.358519
vt 0.708229 0.340623
vt 0.815590 0.396302
vt 0.790127 0.403139
vt 0.794040 0.391086
vt 0.888924 0.401007
vt 0.441777 0.529510
vt 0.432427 0.528302
vt 0.096338 0.425496
vt 0.113117 0.425496
vt 0.614215 0.501499
vt 0.597931 0.508484
vt 0.591547 0.502424
vt 0.168393 0.001677
vt 0.155864 0.032252
vt 0.155864 0.002012
vt 0.096338 0.451589
vt 0.640088 0.277562
vt 0.650230 0.277836
vt 0.206813 0.001690
vt 0.182199 0.032588
vt 0.182199 0.001677
vt 0.748188 0.501635
vt 0.773528 0.508611
vt 0.369606 0.297735
vt 0.390659 0.288670
vt 0.766076 0.392872
vt 0.553879 0.335257
vt 0.552473 0.321640
vt 0.567491 0.340593
vt 0.772986 0.382021
vt 0.314907 0.348650
vt 0.304848 0.339133
vt 0.362695 0.286883
vt 0.434367 0.281197
vt 0.325309 0.031952
vt 0.325309 0.002313
vt 0.149835 0.425496
vt 0.247579 0.539371
vt 0.211307 0.533737
vt 0.472493 0.032100
vt 0.445460 0.002635
vt 0.472493 0.002165
vt 0.620932 0.303589
vt 0.640088 0.303524
vt 0.617509 0.507855
vt 0.543049 0.326695
vt 0.340549 0.562276
vt 0.349768 0.523703
vt 0.597952 0.539735
vt 0.964875 0.334543
vt 0.980123 0.321944
vt 0.206813 0.032575
vt 0.718288 0.331106
vt 0.692901 0.321804
vt 0.813724 0.408728
vt 0.837748 0.398559
vt 0.347481 0.031952
vt 0.347481 0.002313
vt 0.319381 0.544248
vt 0.430706 0.031952
vt 0.445460 0.031630
vt 0.370403 0.002313
vt 0.418621 0.031952
vt 0.430706 0.002313
vt 0.688077 0.037147
vt 0.653629 0.001496
vt 0.679336 0.001496
vt 0.614222 0.546680
vt 0.617510 0.540329
vt 0.418621 0.002313
vt 0.168393 0.032588
vt 0.561494 0.345213
vt 0.576742 0.357812
vt 0.509932 0.053565
vt 0.509932 0.073502
vt 0.136090 0.001542
vt 0.136090 0.032723
vt 0.458082 0.550818
vt 0.372165 0.491779
vt 0.332156 0.444488
vt 0.511099 0.333537
vt 0.501503 0.330907
vt 0.511368 0.332062
vt 0.536803 0.340412
vt 0.546683 0.342729
vt 0.545891 0.344472
vt 0.556356 0.347738
vt 0.555514 0.349521
vt 0.337752 0.341067
vt 0.329145 0.343235
vt 0.337000 0.339140
vt 0.329821 0.344629
vt 0.321262 0.348135
vt 0.562632 0.353535
vt 0.563715 0.352203
vt 0.373413 0.332305
vt 0.383652 0.328771
vt 0.383933 0.330543
vt 0.412552 0.327600
vt 0.421195 0.329903
vt 0.412600 0.330112
vt 0.528997 0.335724
vt 0.520024 0.335557
vt 0.520439 0.333701
vt 0.354489 0.335583
vt 0.345240 0.336253
vt 0.354083 0.333951
vt 0.363356 0.331975
vt 0.363777 0.333958
vt 0.345823 0.338207
vt 0.477964 0.331543
vt 0.464710 0.330919
vt 0.478024 0.330431
vt 0.443526 0.330550
vt 0.432515 0.328014
vt 0.443662 0.329054
vt 0.490288 0.332121
vt 0.490403 0.330488
vt 0.373032 0.330215
vt 0.395832 0.329910
vt 0.408050 0.327498
vt 0.408071 0.329526
vt 0.464641 0.332019
vt 0.459101 0.331344
vt 0.454000 0.331564
vt 0.459024 0.332285
vt 0.454084 0.330553
vt 0.395585 0.327559
vt 0.842471 0.037821
vt 0.829223 0.045454
vt 0.828838 0.036953
vt 0.537552 0.338325
vt 0.781914 0.043751
vt 0.775451 0.034894
vt 0.782190 0.034885
vt 0.798236 0.035137
vt 0.798838 0.044049
vt 0.315371 0.353553
vt 0.314337 0.352569
vt 0.782588 0.052555
vt 0.799644 0.053025
vt 0.812658 0.026382
vt 0.798249 0.025548
vt 0.834388 0.013655
vt 0.825670 0.018697
vt 0.824104 0.011484
vt 0.840799 0.029320
vt 0.827555 0.027877
vt 0.501288 0.332598
vt 0.837423 0.020775
vt 0.777988 0.025295
vt 0.784049 0.025239
vt 0.813555 0.035763
vt 0.811213 0.009505
vt 0.798756 0.015611
vt 0.799183 0.008047
vt 0.781699 0.015099
vt 0.786904 0.015141
vt 0.837861 0.074168
vt 0.830859 0.083004
vt 0.829619 0.072865
vt 0.784683 0.007513
vt 0.814429 0.044471
vt 0.815247 0.053513
vt 0.829208 0.054414
vt 0.811859 0.016776
vt 0.432384 0.330088
vt 0.421229 0.327703
vt 0.239037 0.037339
vt 0.252124 0.036351
vt 0.252087 0.038202
vt 0.262422 0.037828
vt 0.262579 0.039247
vt 0.789123 0.007500
vt 0.216841 0.036690
vt 0.226896 0.036977
vt 0.216878 0.038215
vt 0.840202 0.055205
vt 0.239004 0.035502
vt 0.212650 0.037356
vt 0.781472 0.081445
vt 0.785479 0.071108
vt 0.788320 0.081527
vt 0.802236 0.071064
vt 0.804190 0.081147
vt 0.792600 0.092988
vt 0.806780 0.092909
vt 0.816076 0.062620
vt 0.800632 0.062017
vt 0.832534 0.094622
vt 0.839006 0.084748
vt 0.840862 0.096488
vt 0.838409 0.064436
vt 0.829162 0.063571
vt 0.783688 0.061579
vt 0.778246 0.070969
vt 0.776243 0.061371
vt 0.817124 0.071405
vt 0.818572 0.081656
vt 0.820258 0.093297
vt 0.775236 0.052307
vt 0.792802 0.104347
vt 0.798429 0.104908
vt 0.801264 0.109570
vt 0.810075 0.106026
vt 0.811700 0.110750
vt 0.786238 0.092776
vt 0.821975 0.107162
vt 0.833658 0.108033
vt 0.822761 0.111794
vt 0.833862 0.112668
vt 0.796262 0.108768
vt 0.842179 0.108616
vt 0.775505 0.123538
vt 0.785100 0.120908
vt 0.785316 0.122599
vt 0.739920 0.132730
vt 0.749801 0.130413
vt 0.740713 0.134473
vt 0.730248 0.137739
vt 0.948851 0.131066
vt 0.957459 0.133233
vt 0.956783 0.134628
vt 0.965342 0.138134
vt 0.964750 0.139266
vt 0.723972 0.143537
vt 0.722889 0.142205
vt 0.902952 0.118770
vt 0.913190 0.122304
vt 0.902671 0.120542
vt 0.874051 0.117600
vt 0.865409 0.119903
vt 0.865374 0.117703
vt 0.757607 0.125725
vt 0.766580 0.125558
vt 0.758273 0.128206
vt 0.775236 0.122063
vt 0.932115 0.125582
vt 0.941364 0.126252
vt 0.940781 0.128206
vt 0.923247 0.121974
vt 0.922827 0.123957
vt 0.949603 0.129139
vt 0.808640 0.121543
vt 0.821893 0.120919
vt 0.821962 0.122019
vt 0.843078 0.120550
vt 0.854089 0.118013
vt 0.854220 0.120088
vt 0.808580 0.120431
vt 0.796316 0.122122
vt 0.796200 0.120489
vt 0.913572 0.120215
vt 0.878553 0.117498
vt 0.890772 0.119909
vt 0.878533 0.119526
vt 0.827503 0.121344
vt 0.827580 0.122286
vt 0.832604 0.121564
vt 0.832520 0.120553
vt 0.891018 0.117559
vt 0.759756 0.089286
vt 0.773004 0.096919
vt 0.759370 0.097787
vt 0.749052 0.128326
vt 0.712446 0.090989
vt 0.705984 0.099847
vt 0.705452 0.091127
vt 0.728769 0.099603
vt 0.729371 0.090691
vt 0.971233 0.143551
vt 0.972267 0.142567
vt 0.713121 0.082186
vt 0.743191 0.108359
vt 0.744087 0.098978
vt 0.764920 0.121086
vt 0.756203 0.116043
vt 0.767956 0.113965
vt 0.771331 0.105421
vt 0.758088 0.106864
vt 0.708521 0.109445
vt 0.712722 0.099856
vt 0.714582 0.109501
vt 0.741746 0.125236
vt 0.729288 0.119130
vt 0.742392 0.117964
vt 0.712231 0.119641
vt 0.761392 0.051736
vt 0.768394 0.060573
vt 0.760152 0.061876
vt 0.715216 0.127228
vt 0.717437 0.119599
vt 0.719655 0.127240
vt 0.744962 0.090269
vt 0.745780 0.081228
vt 0.728782 0.109192
vt 0.199378 0.038575
vt 0.186291 0.037587
vt 0.199342 0.036724
vt 0.209676 0.037099
vt 0.209834 0.035680
vt 0.754636 0.123256
vt 0.164095 0.038235
vt 0.174150 0.037948
vt 0.174080 0.039365
vt 0.770735 0.079535
vt 0.759741 0.080327
vt 0.186258 0.039424
vt 0.159904 0.037568
vt 0.164132 0.036710
vt 0.716011 0.063633
vt 0.712005 0.053296
vt 0.718853 0.053214
vt 0.732768 0.063677
vt 0.734723 0.053593
vt 0.723132 0.041752
vt 0.746608 0.072121
vt 0.747657 0.063335
vt 0.763067 0.040118
vt 0.769538 0.049992
vt 0.768942 0.070304
vt 0.759695 0.071169
vt 0.730176 0.081716
vt 0.714220 0.073162
vt 0.708778 0.063772
vt 0.706776 0.073370
vt 0.749105 0.053085
vt 0.750791 0.041444
vt 0.731165 0.072723
vt 0.705769 0.082434
vt 0.723335 0.030393
vt 0.728961 0.029832
vt 0.740607 0.028715
vt 0.731797 0.025170
vt 0.742233 0.023990
vt 0.737312 0.041831
vt 0.716770 0.041964
vt 0.752507 0.027579
vt 0.764191 0.026708
vt 0.753294 0.022946
vt 0.764394 0.022073
vt 0.771395 0.038252
vt 0.874004 0.120112
vt 0.726795 0.025972
vt 0.772711 0.026125
vt 0.879921 0.050251
vt 0.877706 0.049476
vt 0.879965 0.049452
vt 0.967938 0.025099
vt 0.965811 0.025889
vt 0.965758 0.025104
vt 0.967916 0.005449
vt 0.965591 0.005425
vt 0.970190 0.025189
vt 0.972515 0.005243
vt 0.970234 0.005403
vt 0.974910 0.004648
vt 0.972557 0.025464
vt 0.977984 0.027471
vt 0.975074 0.026105
vt 0.960826 0.004669
vt 0.958196 0.027421
vt 0.958196 0.003414
vt 0.963515 0.025380
vt 0.961049 0.025966
vt 0.101453 0.016002
vt 0.121485 0.013612
vt 0.121674 0.015879
vt 0.545503 0.014466
vt 0.547007 0.013503
vt 0.547007 0.014466
vt 0.550017 0.014466
vt 0.551521 0.013503
vt 0.551521 0.014466
vt 0.963381 0.004350
vt 0.963247 0.005195
vt 0.970108 0.026002
vt 0.965644 0.004606
vt 0.967916 0.004618
vt 0.972389 0.026322
vt 0.972382 0.004430
vt 0.974727 0.026977
vt 0.974583 0.003833
vt 0.977535 0.003391
vt 0.961397 0.026837
vt 0.961116 0.003838
vt 0.101642 0.013660
vt 0.100920 0.011280
vt 0.101750 0.011298
vt 0.122327 0.011344
vt 0.121514 0.011312
vt 0.030876 0.004069
vt 0.030876 0.002565
vt 0.034508 0.004069
vt 0.892706 0.054024
vt 0.909937 0.056622
vt 0.891219 0.056622
vt 0.753927 0.015503
vt 0.752423 0.016466
vt 0.752423 0.015503
vt 0.539484 0.014466
vt 0.540989 0.013503
vt 0.540989 0.014466
vt 0.759946 0.015503
vt 0.761451 0.016466
vt 0.759946 0.016466
vt 0.548512 0.014466
vt 0.548512 0.013503
vt 0.755432 0.015503
vt 0.756937 0.016466
vt 0.755432 0.016466
vt 0.542493 0.014466
vt 0.543998 0.013503
vt 0.543998 0.014466
vt 0.753927 0.016466
vt 0.542493 0.013503
vt 0.762955 0.015503
vt 0.761451 0.015503
vt 0.550017 0.013503
vt 0.756937 0.015503
vt 0.758441 0.016466
vt 0.545503 0.013503
vt 0.908428 0.009504
vt 0.906924 0.010559
vt 0.906924 0.009504
vt 0.758441 0.015503
vt 0.843401 0.027541
vt 0.844456 0.026037
vt 0.844456 0.027541
vt 0.908337 0.048870
vt 0.909772 0.051013
vt 0.908684 0.051236
vt 0.121612 0.008932
vt 0.101518 0.006721
vt 0.101733 0.008989
vt 0.122300 0.004085
vt 0.121803 0.006508
vt 0.099602 0.001504
vt 0.100964 0.004312
vt 0.099603 0.021053
vt 0.122196 0.018285
vt 0.123596 0.021098
vt 0.100911 0.018389
vt 0.907455 0.048976
vt 0.902410 0.009504
vt 0.903915 0.010559
vt 0.902410 0.010559
vt 0.843401 0.021523
vt 0.844456 0.023028
vt 0.843401 0.023028
vt 0.100804 0.013616
vt 0.122467 0.008990
vt 0.100914 0.009024
vt 0.122642 0.006628
vt 0.123118 0.004382
vt 0.100723 0.006862
vt 0.124337 0.002136
vt 0.123472 0.001504
vt 0.100129 0.004661
vt 0.124506 0.020346
vt 0.100085 0.018079
vt 0.122469 0.015747
vt 0.100636 0.015887
vt 0.893556 0.049080
vt 0.907449 0.046697
vt 0.893364 0.051508
vt 0.907741 0.051390
vt 0.476563 0.005134
vt 0.475499 0.002566
vt 0.478068 0.001502
vt 0.896391 0.009504
vt 0.897896 0.010559
vt 0.896391 0.010559
vt 0.843401 0.017009
vt 0.844456 0.015505
vt 0.844456 0.017009
vt 0.903915 0.009504
vt 0.905419 0.010559
vt 0.843401 0.024532
vt 0.844456 0.024532
vt 0.899401 0.009504
vt 0.900905 0.010559
vt 0.899401 0.010559
vt 0.843401 0.020018
vt 0.844456 0.018514
vt 0.844456 0.020018
vt 0.897896 0.009504
vt 0.843401 0.018514
vt 0.905419 0.009504
vt 0.843401 0.026037
vt 0.900905 0.009504
vt 0.844456 0.021523
vt 0.963864 0.027181
vt 0.963684 0.026180
vt 0.892412 0.051370
vt 0.892672 0.048989
vt 0.892996 0.042525
vt 0.907612 0.044501
vt 0.893254 0.044637
vt 0.891601 0.037509
vt 0.908342 0.040176
vt 0.892578 0.040262
vt 0.908443 0.053883
vt 0.893471 0.046804
vt 0.907890 0.042344
vt 0.909366 0.053607
vt 0.892659 0.046749
vt 0.892510 0.044628
vt 0.891827 0.040575
vt 0.892281 0.042629
vt 0.891779 0.053746
vt 0.890299 0.055960
vt 0.890708 0.038191
vt 0.827226 0.002468
vt 0.825721 0.001504
vt 0.827226 0.001504
vt 0.908271 0.046630
vt 0.908383 0.044483
vt 0.908619 0.042416
vt 0.909050 0.040443
vt 0.910086 0.038325
vt 0.910882 0.055921
vt 0.963568 0.003258
vt 0.965694 0.003643
vt 0.967934 0.026866
vt 0.965881 0.026784
vt 0.967905 0.003463
vt 0.967915 0.025868
vt 0.970207 0.004608
vt 0.970132 0.003579
vt 0.970062 0.027042
vt 0.972215 0.003520
vt 0.974314 0.028021
vt 0.972218 0.027377
vt 0.974156 0.002854
vt 0.976211 0.029263
vt 0.975953 0.001805
vt 0.976876 0.002512
vt 0.960011 0.029107
vt 0.958964 0.028345
vt 0.959802 0.001844
vt 0.961468 0.002938
vt 0.961825 0.027846
vt 0.123313 0.013513
vt 0.123376 0.015586
vt 0.099648 0.013559
vt 0.122301 0.013589
vt 0.099849 0.011303
vt 0.123401 0.011339
vt 0.099900 0.009115
vt 0.123653 0.009066
vt 0.099815 0.007033
vt 0.124032 0.004756
vt 0.123676 0.006805
vt 0.099146 0.005074
vt 0.097902 0.003265
vt 0.098665 0.002226
vt 0.123046 0.017956
vt 0.125253 0.019321
vt 0.098003 0.019410
vt 0.099132 0.017700
vt 0.124023 0.017545
vt 0.099701 0.015755
vt 0.909355 0.048814
vt 0.909238 0.046668
vt 0.909296 0.044583
vt 0.909467 0.042583
vt 0.910740 0.039119
vt 0.909797 0.040726
vt 0.910287 0.053178
vt 0.911521 0.054981
vt 0.891323 0.051177
vt 0.891652 0.048965
vt 0.891698 0.046809
vt 0.891616 0.044727
vt 0.891496 0.042763
vt 0.890951 0.040882
vt 0.889952 0.039055
vt 0.890867 0.053333
vt 0.653275 0.060683
vt 0.651059 0.061689
vt 0.651036 0.060670
vt 0.881955 0.051569
vt 0.879869 0.051181
vt 0.875397 0.050458
vt 0.877745 0.050280
vt 0.872898 0.049821
vt 0.875332 0.049585
vt 0.870729 0.051163
vt 0.873018 0.050660
vt 0.867693 0.051576
vt 0.870438 0.050306
vt 0.884374 0.051002
vt 0.887262 0.051424
vt 0.886592 0.052274
vt 0.882139 0.050496
vt 0.884661 0.050181
vt 0.938888 0.047919
vt 0.939915 0.045629
vt 0.939726 0.048041
vt 0.529240 0.020466
vt 0.530744 0.019503
vt 0.530744 0.020466
vt 0.526230 0.020466
vt 0.524726 0.019503
vt 0.526230 0.019503
vt 0.879864 0.029766
vt 0.881971 0.028791
vt 0.882105 0.029598
vt 0.877761 0.051334
vt 0.877625 0.029769
vt 0.879830 0.028978
vt 0.875418 0.028845
vt 0.875337 0.029667
vt 0.875493 0.051647
vt 0.873117 0.028531
vt 0.872953 0.029395
vt 0.873210 0.051707
vt 0.870417 0.028754
vt 0.871127 0.052100
vt 0.867693 0.027447
vt 0.870741 0.027882
vt 0.868407 0.052467
vt 0.869337 0.053165
vt 0.884156 0.028193
vt 0.887270 0.027631
vt 0.884485 0.029031
vt 0.885671 0.052975
vt 0.884025 0.051890
vt 0.937896 0.045490
vt 0.939069 0.045570
vt 0.953872 0.005131
vt 0.951303 0.004067
vt 0.952367 0.001499
vt 0.833244 0.002467
vt 0.831739 0.001504
vt 0.833244 0.001504
vt 0.535258 0.019503
vt 0.536763 0.020466
vt 0.535258 0.020466
vt 0.825721 0.002468
vt 0.824216 0.001504
vt 0.527735 0.019503
vt 0.527735 0.020466
vt 0.828730 0.002468
vt 0.830235 0.001504
vt 0.830235 0.002468
vt 0.532249 0.020466
vt 0.533754 0.019503
vt 0.533754 0.020466
vt 0.831739 0.002468
vt 0.822712 0.002467
vt 0.824216 0.002468
vt 0.828730 0.001504
vt 0.532249 0.019503
vt 0.997783 0.028032
vt 0.996728 0.029537
vt 0.996728 0.028032
vt 0.536476 0.014559
vt 0.534971 0.013504
vt 0.536476 0.013504
vt 0.821207 0.002467
vt 0.822712 0.001504
vt 0.939202 0.041077
vt 0.940010 0.043279
vt 0.939211 0.043251
vt 0.938918 0.038841
vt 0.940003 0.041020
vt 0.939232 0.036256
vt 0.939762 0.038700
vt 0.938383 0.036554
vt 0.937917 0.033504
vt 0.937174 0.052422
vt 0.939225 0.050467
vt 0.938042 0.053060
vt 0.938406 0.050168
vt 0.651049 0.045887
vt 0.648789 0.044658
vt 0.651155 0.045005
vt 0.997783 0.023519
vt 0.996728 0.025023
vt 0.996728 0.023519
vt 0.531962 0.014559
vt 0.530457 0.013504
vt 0.531962 0.013504
vt 0.937858 0.047739
vt 0.960600 0.045256
vt 0.960098 0.047671
vt 0.959794 0.045329
vt 0.938165 0.043252
vt 0.960496 0.043092
vt 0.959697 0.043082
vt 0.960617 0.040845
vt 0.959774 0.040791
vt 0.938268 0.041148
vt 0.959978 0.038431
vt 0.937827 0.039044
vt 0.961256 0.036342
vt 0.960453 0.036051
vt 0.937464 0.036928
vt 0.962459 0.034128
vt 0.961606 0.033504
vt 0.936297 0.035207
vt 0.937024 0.034224
vt 0.960714 0.050198
vt 0.963095 0.052355
vt 0.962125 0.053089
vt 0.937490 0.049788
vt 0.961587 0.049834
vt 0.653328 0.045893
vt 0.650944 0.059786
vt 0.653395 0.045070
vt 0.876320 0.012065
vt 0.877384 0.009496
vt 0.879952 0.010560
vt 0.997783 0.017500
vt 0.996728 0.019005
vt 0.996728 0.017500
vt 0.525944 0.014559
vt 0.524439 0.013504
vt 0.525944 0.013504
vt 0.997783 0.025023
vt 0.996728 0.026528
vt 0.533467 0.014559
vt 0.533467 0.013504
vt 0.997783 0.022014
vt 0.996728 0.020509
vt 0.997783 0.020509
vt 0.528953 0.013504
vt 0.527448 0.014559
vt 0.527448 0.013504
vt 0.997783 0.019005
vt 0.997783 0.026528
vt 0.996728 0.022014
vt 0.530457 0.014559
vt 0.882271 0.049664
vt 0.879740 0.027986
vt 0.661700 0.043256
vt 0.659848 0.044999
vt 0.659582 0.044292
vt 0.646142 0.044899
vt 0.646418 0.043976
vt 0.655524 0.045730
vt 0.655542 0.044959
vt 0.657608 0.044723
vt 0.643402 0.043404
vt 0.644104 0.042460
vt 0.648655 0.060930
vt 0.648517 0.059978
vt 0.657681 0.045452
vt 0.649012 0.043570
vt 0.643402 0.062123
vt 0.646278 0.061563
vt 0.644065 0.063042
vt 0.657499 0.060346
vt 0.655397 0.060832
vt 0.655388 0.060087
vt 0.659763 0.060764
vt 0.661833 0.062634
vt 0.659450 0.061515
vt 0.646001 0.060636
vt 0.653221 0.059871
vt 0.657395 0.061061
vt 0.651211 0.043987
vt 0.653357 0.044104
vt 0.655442 0.044046
vt 0.657442 0.043875
vt 0.659299 0.043545
vt 0.660906 0.042601
vt 0.646847 0.043055
vt 0.877619 0.027952
vt 0.877648 0.028981
vt 0.875459 0.027793
vt 0.873283 0.027470
vt 0.868380 0.026550
vt 0.871176 0.026838
vt 0.885497 0.025995
vt 0.886519 0.026731
vt 0.883740 0.027227
vt 0.961969 0.047323
vt 0.960925 0.047498
vt 0.961619 0.045204
vt 0.961434 0.043113
vt 0.960790 0.038542
vt 0.961756 0.040933
vt 0.961800 0.038721
vt 0.962155 0.036712
vt 0.963893 0.051291
vt 0.962626 0.049411
vt 0.662516 0.061741
vt 0.648635 0.045601
vt 0.648847 0.062019
vt 0.653216 0.061644
vt 0.655298 0.061725
vt 0.659143 0.062391
vt 0.657262 0.061845
vt 0.660970 0.063390
vt 0.646692 0.062475
vt 0.644966 0.063659
vt 0.764460 0.015503
vt 0.762955 0.016466
vt 0.084173 0.001743
vt 0.087565 0.005720
vt 0.084169 0.005781
vt 0.080776 0.001739
vt 0.077376 0.005707
vt 0.077380 0.001669
vt 0.067192 0.001503
vt 0.070585 0.005543
vt 0.067188 0.005540
vt 0.080772 0.005776
vt 0.090965 0.001593
vt 0.094357 0.005568
vt 0.090961 0.005631
vt 0.073985 0.001573
vt 0.070589 0.001505
vt 0.087569 0.001682
vt 0.768091 0.015300
vt 0.771239 0.015902
vt 0.770493 0.017702
vt 0.774492 0.012649
vt 0.773890 0.009502
vt 0.776292 0.011903
vt 0.774492 0.014555
vt 0.776292 0.015300
vt 0.769891 0.014555
vt 0.768091 0.011903
vt 0.769891 0.012649
vt 0.770493 0.009502
vt 0.773144 0.015902
vt 0.771239 0.011302
vt 0.735719 0.002164
vt 0.733846 0.005820
vt 0.733819 0.001814
vt 0.747187 0.001513
vt 0.749086 0.005510
vt 0.747180 0.005519
vt 0.745171 0.001891
vt 0.745275 0.005538
vt 0.737657 0.005777
vt 0.737661 0.002109
vt 0.739562 0.005720
vt 0.743370 0.005574
vt 0.743228 0.001909
vt 0.741466 0.005654
vt 0.741300 0.001651
vt 0.564918 0.002963
vt 0.568102 0.001541
vt 0.569518 0.003027
vt 0.564918 0.004907
vt 0.568038 0.006232
vt 0.566132 0.006206
vt 0.128121 0.018484
vt 0.132098 0.021876
vt 0.128060 0.021881
vt 0.128117 0.015087
vt 0.132084 0.011687
vt 0.132154 0.015083
vt 0.127881 0.001503
vt 0.131921 0.004896
vt 0.127883 0.004900
vt 0.132159 0.018480
vt 0.127971 0.025276
vt 0.131946 0.028668
vt 0.127909 0.028672
vt 0.127951 0.008296
vt 0.131989 0.008292
vt 0.132009 0.025272
vt 0.939630 0.015899
vt 0.942281 0.017700
vt 0.938884 0.017700
vt 0.939630 0.011299
vt 0.942281 0.009499
vt 0.941535 0.011299
vt 0.938884 0.009499
vt 0.938283 0.012647
vt 0.936482 0.011901
vt 0.941535 0.015899
vt 0.944683 0.015298
vt 0.944683 0.011901
vt 0.942883 0.014552
vt 0.942883 0.012647
vt 0.938283 0.014552
vt 0.936482 0.015298
vt 0.040895 0.014877
vt 0.037238 0.016748
vt 0.037246 0.014842
vt 0.037551 0.001509
vt 0.041548 0.003408
vt 0.037542 0.003414
vt 0.041170 0.005424
vt 0.037282 0.012937
vt 0.040950 0.012934
vt 0.037340 0.011033
vt 0.041343 0.011200
vt 0.037486 0.007225
vt 0.037523 0.005320
vt 0.037406 0.009128
vt 0.041151 0.007367
vt 0.041410 0.009295
vt 0.873325 0.008958
vt 0.870140 0.007536
vt 0.872046 0.007510
vt 0.870205 0.012226
vt 0.873325 0.010901
vt 0.872110 0.012200
vt 0.868725 0.009021
vt 0.073981 0.005611
vt 0.128047 0.011691
vt 0.009462 0.041696
vt 0.006309 0.038217
vt 0.008681 0.037302
vt 0.008346 0.052075
vt 0.006302 0.049352
vt 0.008673 0.050276
vt 0.014586 0.036843
vt 0.015338 0.040167
vt 0.013557 0.038352
vt 0.009462 0.045882
vt 0.008696 0.045583
vt 0.008024 0.042671
vt 0.003317 0.042736
vt 0.004190 0.040336
vt 0.011222 0.037348
vt 0.011038 0.045545
vt 0.015340 0.047416
vt 0.013557 0.049231
vt 0.010283 0.045869
vt 0.011217 0.050232
vt 0.011038 0.042034
vt 0.011925 0.044200
vt 0.016305 0.042519
vt 0.016303 0.045062
vt 0.011614 0.042620
vt 0.004457 0.047601
vt 0.007765 0.044266
vt 0.003414 0.045281
vt 0.009839 0.043789
vt 0.008101 0.045017
vt 0.011600 0.052024
vt 0.011603 0.035564
vt 0.002614 0.039402
vt 0.001513 0.042455
vt 0.008360 0.035507
vt 0.018095 0.045411
vt 0.014592 0.050739
vt 0.001635 0.045698
vt 0.004450 0.039960
vt 0.005339 0.036675
vt 0.002970 0.048657
vt 0.005321 0.050892
vt 0.010284 0.041710
vt 0.011613 0.044960
vt 0.008696 0.041994
vt 0.018094 0.042166
vt 0.016865 0.039160
vt 0.008099 0.042561
vt 0.007737 0.043444
vt 0.011925 0.043379
vt 0.911338 0.016411
vt 0.914634 0.015401
vt 0.911463 0.016785
vt 0.891106 0.010326
vt 0.892927 0.012866
vt 0.890829 0.010534
vt 0.908081 0.017150
vt 0.908136 0.017534
vt 0.904712 0.019043
vt 0.908389 0.019311
vt 0.904693 0.019473
vt 0.926011 0.002064
vt 0.924139 0.005447
vt 0.925069 0.002000
vt 0.889187 0.007868
vt 0.923311 0.005137
vt 0.924586 0.001968
vt 0.923691 0.005276
vt 0.904768 0.017706
vt 0.888022 0.004925
vt 0.889510 0.007710
vt 0.921877 0.008170
vt 0.922201 0.008368
vt 0.901477 0.017319
vt 0.904782 0.017336
vt 0.887825 0.001780
vt 0.888382 0.004822
vt 0.919835 0.010818
vt 0.920127 0.011085
vt 0.898352 0.016312
vt 0.901561 0.016938
vt 0.917572 0.013469
vt 0.895665 0.014497
vt 0.895468 0.014809
vt 0.917325 0.013152
vt 0.893171 0.012598
vt 0.888804 0.008052
vt 0.889834 0.011280
vt 0.888056 0.008424
vt 0.904662 0.020176
vt 0.908857 0.023066
vt 0.904490 0.023209
vt 0.912026 0.018473
vt 0.908330 0.018882
vt 0.911891 0.018062
vt 0.908201 0.018003
vt 0.890486 0.010784
vt 0.886823 0.005262
vt 0.925390 0.005919
vt 0.926473 0.002125
vt 0.904747 0.018157
vt 0.924332 0.009663
vt 0.928937 0.007361
vt 0.926953 0.011251
vt 0.887697 0.008604
vt 0.886431 0.005373
vt 0.887109 0.008895
vt 0.885805 0.005558
vt 0.922584 0.008602
vt 0.924977 0.005761
vt 0.923358 0.009066
vt 0.923728 0.009293
vt 0.887609 0.005038
vt 0.901190 0.018582
vt 0.901384 0.017740
vt 0.901099 0.018988
vt 0.887065 0.001829
vt 0.886194 0.001804
vt 0.885763 0.001820
vt 0.921152 0.012005
vt 0.920475 0.011394
vt 0.921483 0.012301
vt 0.897854 0.017502
vt 0.897692 0.017888
vt 0.917873 0.013855
vt 0.918428 0.014565
vt 0.889518 0.011517
vt 0.898188 0.016721
vt 0.918704 0.014915
vt 0.894780 0.015887
vt 0.894559 0.016232
vt 0.914853 0.015817
vt 0.915289 0.016610
vt 0.895226 0.015189
vt 0.915497 0.016999
vt 0.891801 0.014086
vt 0.892633 0.013178
vt 0.892077 0.013791
vt 0.911604 0.017211
vt 0.927206 0.002307
vt 0.926061 0.006181
vt 0.883111 0.006435
vt 0.888989 0.011912
vt 0.908481 0.020002
vt 0.900246 0.022561
vt 0.900947 0.019648
vt 0.885067 0.001925
vt 0.882158 0.002572
vt 0.924408 0.014896
vt 0.922024 0.012784
vt 0.896244 0.021199
vt 0.897426 0.018518
vt 0.921088 0.017944
vt 0.919151 0.015491
vt 0.894191 0.016792
vt 0.892630 0.019169
vt 0.917346 0.020479
vt 0.915832 0.017636
vt 0.891356 0.014561
vt 0.889410 0.016674
vt 0.912242 0.019154
vt 0.913168 0.022153
vt 0.886648 0.013649
vt 0.884605 0.010135
vt 0.133667 0.068775
vt 0.138358 0.068698
vt 0.138074 0.069469
vt 0.146640 0.068519
vt 0.147198 0.065155
vt 0.148434 0.068166
vt 0.136659 0.075372
vt 0.133329 0.074687
vt 0.134811 0.073629
vt 0.142259 0.069389
vt 0.145669 0.066166
vt 0.138995 0.063305
vt 0.139022 0.068013
vt 0.136608 0.064226
vt 0.138104 0.070290
vt 0.133762 0.071315
vt 0.143902 0.075235
vt 0.141952 0.070971
vt 0.145683 0.073419
vt 0.142261 0.070210
vt 0.146643 0.071064
vt 0.138443 0.071038
vt 0.139028 0.076288
vt 0.140624 0.071883
vt 0.141568 0.076241
vt 0.139039 0.071602
vt 0.139804 0.071898
vt 0.141368 0.068045
vt 0.143883 0.064351
vt 0.140612 0.067723
vt 0.141544 0.063347
vt 0.141378 0.071557
vt 0.139788 0.067711
vt 0.140174 0.069806
vt 0.148436 0.071418
vt 0.131988 0.071737
vt 0.147207 0.074426
vt 0.131862 0.068494
vt 0.135641 0.062665
vt 0.138679 0.061502
vt 0.134532 0.066384
vt 0.132969 0.065445
vt 0.141950 0.078025
vt 0.144932 0.076743
vt 0.141926 0.061562
vt 0.136239 0.064489
vt 0.144911 0.062840
vt 0.141946 0.068630
vt 0.138706 0.078084
vt 0.135683 0.076911
vt 0.138914 0.068090
vt 0.696845 0.015301
vt 0.699838 0.016415
vt 0.699707 0.016744
vt 0.720575 0.011374
vt 0.717986 0.013498
vt 0.720272 0.011130
vt 0.702782 0.017662
vt 0.702852 0.017298
vt 0.702453 0.019320
vt 0.706004 0.019307
vt 0.705994 0.019724
vt 0.687906 0.001810
vt 0.687736 0.005462
vt 0.686982 0.001814
vt 0.722504 0.008531
vt 0.722155 0.008338
vt 0.688375 0.001812
vt 0.689388 0.004956
vt 0.689012 0.005066
vt 0.706029 0.018007
vt 0.706036 0.017619
vt 0.723956 0.005312
vt 0.723560 0.005177
vt 0.690576 0.007962
vt 0.690252 0.008132
vt 0.709332 0.017785
vt 0.709275 0.017410
vt 0.724389 0.001801
vt 0.724768 0.001892
vt 0.692052 0.010884
vt 0.692358 0.010645
vt 0.712433 0.016640
vt 0.712553 0.016997
vt 0.694546 0.013034
vt 0.694291 0.013308
vt 0.715376 0.015361
vt 0.715555 0.015677
vt 0.697044 0.014990
vt 0.718235 0.013786
vt 0.723706 0.009202
vt 0.720927 0.011668
vt 0.722912 0.008765
vt 0.688570 0.005202
vt 0.705883 0.023374
vt 0.702321 0.019979
vt 0.705980 0.020405
vt 0.699236 0.017930
vt 0.699083 0.018311
vt 0.702702 0.018077
vt 0.699541 0.017162
vt 0.725292 0.005777
vt 0.724420 0.005477
vt 0.686532 0.001842
vt 0.687331 0.005589
vt 0.706015 0.018451
vt 0.685490 0.010665
vt 0.686668 0.005807
vt 0.688146 0.009244
vt 0.724090 0.009421
vt 0.725720 0.005928
vt 0.724711 0.009782
vt 0.726415 0.006185
vt 0.689121 0.008725
vt 0.689869 0.008332
vt 0.688746 0.008922
vt 0.709529 0.019080
vt 0.709393 0.018228
vt 0.709593 0.019496
vt 0.726233 0.001946
vt 0.725265 0.001910
vt 0.726715 0.001995
vt 0.691691 0.011168
vt 0.690678 0.011949
vt 0.691010 0.011692
vt 0.712971 0.018237
vt 0.713109 0.018638
vt 0.712700 0.017434
vt 0.693996 0.013635
vt 0.721955 0.012514
vt 0.721624 0.012240
vt 0.693135 0.014575
vt 0.693411 0.014271
vt 0.716183 0.016803
vt 0.716389 0.017168
vt 0.715766 0.016050
vt 0.696173 0.016371
vt 0.696618 0.015655
vt 0.695952 0.016723
vt 0.719353 0.015120
vt 0.719081 0.014795
vt 0.718523 0.014129
vt 0.702534 0.018919
vt 0.682771 0.002738
vt 0.685798 0.001972
vt 0.727446 0.011383
vt 0.722497 0.012970
vt 0.709700 0.020174
vt 0.730665 0.003095
vt 0.727487 0.002161
vt 0.690145 0.012363
vt 0.714283 0.022151
vt 0.713334 0.019286
vt 0.690696 0.017249
vt 0.692674 0.015084
vt 0.718232 0.020451
vt 0.716719 0.017756
vt 0.694036 0.019769
vt 0.695599 0.017293
vt 0.719794 0.015654
vt 0.697739 0.021645
vt 0.698839 0.018932
vt 0.721750 0.017968
vt 0.701712 0.022859
vt 0.724796 0.014934
vt 0.046388 0.003563
vt 0.046791 0.004709
vt 0.046357 0.004737
vt 0.044700 0.005803
vt 0.044512 0.004699
vt 0.044911 0.004757
vt 0.047139 0.003524
vt 0.046780 0.003537
vt 0.045606 0.003184
vt 0.045301 0.002881
vt 0.045628 0.002996
vt 0.046100 0.005792
vt 0.046507 0.005853
vt 0.045508 0.004804
vt 0.045028 0.003543
vt 0.045578 0.003606
vt 0.045452 0.005789
vt 0.045982 0.004775
vt 0.045451 0.006120
vt 0.046077 0.006195
vt 0.046457 0.006855
vt 0.046796 0.006240
vt 0.046822 0.006835
vt 0.047219 0.006232
vt 0.046831 0.005857
vt 0.047199 0.005792
vt 0.044745 0.006130
vt 0.044153 0.005858
vt 0.046787 0.007686
vt 0.047196 0.006884
vt 0.047138 0.007719
vt 0.044185 0.006776
vt 0.044159 0.006201
vt 0.046020 0.006931
vt 0.045384 0.006961
vt 0.046472 0.006232
vt 0.044670 0.006841
vt 0.044289 0.007645
vt 0.046388 0.007618
vt 0.045998 0.007513
vt 0.045338 0.007422
vt 0.046644 0.008218
vt 0.045411 0.009050
vt 0.045876 0.007850
vt 0.045736 0.009094
vt 0.046258 0.008063
vt 0.046000 0.009161
vt 0.047035 0.008277
vt 0.044824 0.007950
vt 0.044656 0.007511
vt 0.046332 0.009240
vt 0.046736 0.009305
vt 0.045042 0.009070
vt 0.044474 0.008155
vt 0.045371 0.009327
vt 0.045019 0.009237
vt 0.047115 0.002893
vt 0.045360 0.007754
vt 0.045644 0.009588
vt 0.045963 0.009884
vt 0.046418 0.009883
vt 0.046799 0.009591
vt 0.044697 0.009187
vt 0.044735 0.002907
vt 0.045126 0.003188
vt 0.044588 0.003489
vt 0.046352 0.002815
vt 0.045927 0.002793
vt 0.046225 0.002442
vt 0.046647 0.002242
vt 0.046714 0.002804
vt 0.045995 0.002978
vt 0.047152 0.002265
vt 0.046017 0.003591
vt 0.047155 0.004697
vt 0.600496 0.009227
vt 0.599934 0.011080
vt 0.599939 0.009252
vt 0.595216 0.012151
vt 0.595758 0.014195
vt 0.595213 0.014189
vt 0.594652 0.006342
vt 0.595217 0.008887
vt 0.594657 0.008887
vt 0.082477 0.012020
vt 0.084124 0.011336
vt 0.084095 0.011897
vt 0.601578 0.003824
vt 0.601006 0.002939
vt 0.601565 0.003023
vt 0.600634 0.001509
vt 0.601204 0.001688
vt 0.595778 0.008885
vt 0.596316 0.006328
vt 0.596336 0.008882
vt 0.592997 0.006337
vt 0.593550 0.004042
vt 0.593548 0.006336
vt 0.843688 0.004360
vt 0.846122 0.003783
vt 0.846116 0.004347
vt 0.594099 0.006338
vt 0.594098 0.008887
vt 0.594653 0.004048
vt 0.595207 0.006343
vt 0.595763 0.006337
vt 0.600475 0.003816
vt 0.600036 0.002891
vt 0.600520 0.002889
vt 0.594103 0.004045
vt 0.846129 0.004909
vt 0.602089 0.013222
vt 0.601539 0.015631
vt 0.601546 0.013225
vt 0.843758 0.003193
vt 0.846136 0.002681
vt 0.846133 0.003229
vt 0.843719 0.003747
vt 0.593544 0.001542
vt 0.592997 0.004045
vt 0.595746 0.004046
vt 0.596303 0.001532
vt 0.596295 0.004041
vt 0.086835 0.010289
vt 0.084135 0.009759
vt 0.086808 0.009754
vt 0.093916 0.011285
vt 0.090746 0.010781
vt 0.093922 0.010740
vt 0.595752 0.001513
vt 0.595200 0.004049
vt 0.595199 0.001503
vt 0.086815 0.012452
vt 0.090748 0.011848
vt 0.090753 0.012379
vt 0.090766 0.012908
vt 0.093887 0.012359
vt 0.093899 0.012894
vt 0.593543 0.008887
vt 0.090749 0.011319
vt 0.093896 0.011826
vt 0.706004 0.011865
vt 0.703257 0.012404
vt 0.703243 0.011890
vt 0.594646 0.001512
vt 0.093906 0.010193
vt 0.853049 0.004306
vt 0.857143 0.003739
vt 0.857152 0.004301
vt 0.086851 0.013001
vt 0.084082 0.012535
vt 0.846118 0.001581
vt 0.849307 0.002125
vt 0.846130 0.002134
vt 0.600979 0.003825
vt 0.086816 0.011897
vt 0.600429 0.021050
vt 0.599893 0.018254
vt 0.600440 0.018258
vt 0.853040 0.002096
vt 0.857139 0.001501
vt 0.857147 0.002058
vt 0.853050 0.003203
vt 0.857142 0.003173
vt 0.086843 0.010828
vt 0.086836 0.011364
vt 0.602258 0.003036
vt 0.853046 0.004859
vt 0.857164 0.004863
vt 0.602623 0.018265
vt 0.602063 0.021054
vt 0.602073 0.018264
vt 0.084129 0.013152
vt 0.082617 0.012577
vt 0.843756 0.002162
vt 0.843766 0.002676
vt 0.082143 0.011466
vt 0.084128 0.010816
vt 0.084145 0.010300
vt 0.082395 0.009581
vt 0.082059 0.010154
vt 0.699977 0.010113
vt 0.701267 0.010860
vt 0.699811 0.010697
vt 0.599907 0.015620
vt 0.600453 0.015626
vt 0.701345 0.012463
vt 0.699787 0.013312
vt 0.699381 0.012715
vt 0.842945 0.003142
vt 0.701327 0.009497
vt 0.699799 0.009495
vt 0.701299 0.011439
vt 0.699435 0.011293
vt 0.703230 0.011376
vt 0.327597 0.042114
vt 0.319560 0.042627
vt 0.319565 0.042053
vt 0.703234 0.009680
vt 0.701256 0.010166
vt 0.703194 0.010846
vt 0.842874 0.003690
vt 0.602676 0.009291
vt 0.602203 0.006039
vt 0.602774 0.006093
vt 0.701305 0.011955
vt 0.601513 0.023951
vt 0.601519 0.021053
vt 0.703183 0.010257
vt 0.705962 0.010834
vt 0.705968 0.009774
vt 0.599881 0.021046
vt 0.599342 0.018249
vt 0.599454 0.003809
vt 0.599522 0.002917
vt 0.857146 0.002612
vt 0.853045 0.002650
vt 0.705945 0.010300
vt 0.709813 0.010804
vt 0.709863 0.009802
vt 0.709867 0.012389
vt 0.705967 0.012902
vt 0.705994 0.012384
vt 0.600985 0.018261
vt 0.600996 0.015629
vt 0.601550 0.011095
vt 0.601007 0.013223
vt 0.601020 0.011095
vt 0.394172 0.043221
vt 0.390484 0.042647
vt 0.394181 0.042667
vt 0.602245 0.003783
vt 0.602899 0.003767
vt 0.390474 0.044955
vt 0.394304 0.044359
vt 0.394316 0.044926
vt 0.372830 0.043281
vt 0.368902 0.042800
vt 0.372832 0.042737
vt 0.390480 0.043821
vt 0.394233 0.043783
vt 0.390473 0.044392
vt 0.842856 0.001668
vt 0.843725 0.001607
vt 0.387079 0.044362
vt 0.602655 0.011094
vt 0.602121 0.009260
vt 0.390473 0.042065
vt 0.387059 0.041557
vt 0.390464 0.041497
vt 0.368807 0.043825
vt 0.365870 0.043339
vt 0.368866 0.043318
vt 0.842840 0.004360
vt 0.394250 0.042101
vt 0.383869 0.042706
vt 0.387100 0.043243
vt 0.383872 0.043253
vt 0.842935 0.002221
vt 0.599388 0.006053
vt 0.599939 0.006103
vt 0.383850 0.044900
vt 0.387075 0.044925
vt 0.383865 0.043797
vt 0.387091 0.043804
vt 0.601621 0.006041
vt 0.387077 0.042118
vt 0.383841 0.041611
vt 0.380614 0.042724
vt 0.380615 0.043263
vt 0.383855 0.042163
vt 0.387094 0.042677
vt 0.601040 0.009214
vt 0.600487 0.011089
vt 0.380611 0.043799
vt 0.602646 0.013221
vt 0.602083 0.015630
vt 0.380603 0.044339
vt 0.383854 0.044342
vt 0.601529 0.018263
vt 0.377017 0.042740
vt 0.377014 0.043285
vt 0.380606 0.042186
vt 0.602611 0.021055
vt 0.602063 0.023943
vt 0.600497 0.006118
vt 0.377016 0.041628
vt 0.380598 0.041637
vt 0.600960 0.023943
vt 0.600975 0.021052
vt 0.861407 0.002052
vt 0.377031 0.044916
vt 0.380603 0.044893
vt 0.600010 0.003813
vt 0.377019 0.042180
vt 0.372801 0.044392
vt 0.372814 0.043837
vt 0.377021 0.044372
vt 0.377015 0.043822
vt 0.358840 0.042575
vt 0.360235 0.042949
vt 0.358685 0.043032
vt 0.841459 0.003307
vt 0.849310 0.002676
vt 0.849314 0.003220
vt 0.849311 0.004322
vt 0.853052 0.003751
vt 0.365830 0.044709
vt 0.368775 0.044316
vt 0.368790 0.044815
vt 0.368857 0.042288
vt 0.372808 0.041650
vt 0.372825 0.042198
vt 0.372823 0.044964
vt 0.841258 0.002699
vt 0.842960 0.002681
vt 0.365813 0.043795
vt 0.849315 0.004864
vt 0.365869 0.042400
vt 0.368779 0.041772
vt 0.849313 0.003770
vt 0.602096 0.011093
vt 0.601578 0.009226
vt 0.601053 0.006088
vt 0.599372 0.011074
vt 0.599377 0.009257
vt 0.361596 0.041987
vt 0.365788 0.041937
vt 0.596324 0.012164
vt 0.595771 0.012156
vt 0.361595 0.042482
vt 0.365907 0.042874
vt 0.361605 0.042911
vt 0.361639 0.043861
vt 0.309065 0.042212
vt 0.305640 0.041845
vt 0.309077 0.041745
vt 0.593556 0.012162
vt 0.594107 0.012159
vt 0.361619 0.043357
vt 0.002547 0.001504
vt 0.002824 0.001983
vt 0.002270 0.001983
vt 0.841438 0.002087
vt 0.348662 0.042742
vt 0.343161 0.042199
vt 0.348701 0.042287
vt 0.360235 0.043336
vt 0.361631 0.044816
vt 0.360179 0.044260
vt 0.361637 0.044344
vt 0.360213 0.043781
vt 0.602762 0.001968
vt 0.602269 0.002079
vt 0.359118 0.044274
vt 0.841816 0.003796
vt 0.359110 0.044690
vt 0.360175 0.044770
vt 0.599922 0.013211
vt 0.304582 0.042295
vt 0.305730 0.042749
vt 0.304393 0.042706
vt 0.304551 0.041837
vt 0.305696 0.043980
vt 0.304554 0.044445
vt 0.304326 0.044041
vt 0.600467 0.013220
vt 0.309088 0.043141
vt 0.305761 0.043159
vt 0.841828 0.004943
vt 0.842882 0.005029
vt 0.305658 0.044415
vt 0.309097 0.044089
vt 0.309062 0.044550
vt 0.870560 0.003132
vt 0.873685 0.002686
vt 0.873696 0.003147
vt 0.601744 0.001953
vt 0.309067 0.042666
vt 0.305665 0.042302
vt 0.313215 0.044697
vt 0.313193 0.042651
vt 0.348647 0.044205
vt 0.354047 0.044513
vt 0.348713 0.044685
vt 0.309108 0.043626
vt 0.305740 0.043566
vt 0.313237 0.043671
vt 0.313209 0.043157
vt 0.313250 0.044187
vt 0.319563 0.044879
vt 0.319578 0.044318
vt 0.327595 0.044879
vt 0.319577 0.043750
vt 0.327586 0.042666
vt 0.319565 0.043189
vt 0.327593 0.044320
vt 0.335928 0.044876
vt 0.090736 0.010240
vt 0.335933 0.041596
vt 0.327605 0.041555
vt 0.327585 0.043767
vt 0.343107 0.044297
vt 0.335916 0.044327
vt 0.335923 0.042694
vt 0.327581 0.043217
vt 0.343129 0.042722
vt 0.335932 0.042148
vt 0.873709 0.002226
vt 0.876778 0.001850
vt 0.876765 0.002275
vt 0.335909 0.043783
vt 0.343084 0.043248
vt 0.335912 0.043237
vt 0.599865 0.023915
vt 0.599329 0.021042
vt 0.348606 0.043214
vt 0.343154 0.044821
vt 0.343065 0.043770
vt 0.703247 0.012929
vt 0.348694 0.041830
vt 0.343158 0.041676
vt 0.354089 0.042378
vt 0.348591 0.043715
vt 0.354027 0.044083
vt 0.876777 0.003093
vt 0.876772 0.002679
vt 0.602636 0.015631
vt 0.354054 0.042852
vt 0.355211 0.042268
vt 0.600411 0.023926
vt 0.355275 0.044699
vt 0.355426 0.042723
vt 0.354019 0.043263
vt 0.878096 0.001655
vt 0.878413 0.002123
vt 0.876805 0.003516
vt 0.877912 0.004132
vt 0.876816 0.004021
vt 0.877976 0.004561
vt 0.876794 0.004528
vt 0.355712 0.043202
vt 0.354020 0.043669
vt 0.878108 0.003691
vt 0.878422 0.003230
vt 0.355782 0.043766
vt 0.365795 0.044256
vt 0.873728 0.004477
vt 0.599363 0.013205
vt 0.878574 0.002687
vt 0.870586 0.004073
vt 0.873726 0.003587
vt 0.873741 0.004027
vt 0.870575 0.002168
vt 0.873750 0.001770
vt 0.870573 0.003600
vt 0.599407 0.001761
vt 0.600004 0.001547
vt 0.870595 0.004542
vt 0.866365 0.004154
vt 0.866384 0.004664
vt 0.866374 0.001593
vt 0.866357 0.002104
vt 0.866323 0.002619
vt 0.866324 0.003131
vt 0.861399 0.002609
vt 0.861403 0.004244
vt 0.866343 0.003644
vt 0.861425 0.004791
vt 0.861389 0.003699
vt 0.870553 0.002650
vt 0.599353 0.015615
vt 0.849303 0.001575
vt 0.861388 0.003157
vt 0.594660 0.012154
vt 0.592988 0.008888
vt 0.593005 0.012163
vt 0.593567 0.014213
vt 0.593017 0.014212
vt 0.699222 0.011996
vt 0.390489 0.043237
vt 0.313203 0.042139
vt 0.594666 0.014193
vt 0.093877 0.009650
vt 0.594119 0.014205
vt 0.701362 0.013017
vt 0.705993 0.011348
vt 0.360192 0.042577
vt 0.358727 0.043502
vt 0.358924 0.043891
vt 0.313229 0.041622
vt 0.354056 0.041887
vt 0.355238 0.041776
vt 0.304174 0.043130
vt 0.596305 0.014207
vt 0.709802 0.011314
vt 0.360138 0.042140
vt 0.319576 0.041496
vt 0.594094 0.001531
vt 0.709828 0.011848
vt 0.304141 0.043610
vt 0.843708 0.004967
vt 0.589946 0.006547
vt 0.589466 0.006824
vt 0.589466 0.006270
vt 0.589466 0.005717
vt 0.589946 0.005994
vt 0.588987 0.005994
vt 0.588987 0.006547
vt 0.002547 0.002463
vt 0.001994 0.002463
vt 0.001717 0.001983
vt 0.001994 0.001504
vt 0.602858 0.002961
vt 0.913946 0.003011
vt 0.911861 0.002262
vt 0.913963 0.002353
vt 0.911877 0.001641
vt 0.911881 0.004198
vt 0.913963 0.004805
vt 0.911883 0.004791
vt 0.891734 0.004161
vt 0.894132 0.003620
vt 0.894126 0.004256
vt 0.896324 0.004831
vt 0.896326 0.004219
vt 0.911887 0.005392
vt 0.903018 0.005575
vt 0.900743 0.004914
vt 0.903018 0.004965
vt 0.896330 0.003628
vt 0.898510 0.004270
vt 0.909717 0.003616
vt 0.911884 0.003625
vt 0.900741 0.004284
vt 0.905328 0.001581
vt 0.903013 0.002228
vt 0.903016 0.001497
vt 0.905286 0.003007
vt 0.905292 0.002272
vt 0.903019 0.004333
vt 0.905296 0.004920
vt 0.900760 0.002982
vt 0.898519 0.003615
vt 0.898526 0.002978
vt 0.900743 0.003675
vt 0.913958 0.003630
vt 0.907528 0.005496
vt 0.907523 0.004865
vt 0.918013 0.005373
vt 0.916004 0.004779
vt 0.918149 0.004792
vt 0.907510 0.001593
vt 0.907523 0.002956
vt 0.907514 0.002230
vt 0.905295 0.004295
vt 0.903020 0.003662
vt 0.903023 0.002945
vt 0.915980 0.003671
vt 0.913953 0.004235
vt 0.909733 0.004860
vt 0.891890 0.005551
vt 0.894125 0.004862
vt 0.894139 0.005456
vt 0.909706 0.002244
vt 0.909715 0.002928
vt 0.909722 0.004258
vt 0.905282 0.003658
vt 0.917967 0.003589
vt 0.915988 0.004226
vt 0.907508 0.003645
vt 0.898511 0.004884
vt 0.896328 0.005452
vt 0.909711 0.001554
vt 0.907517 0.004243
vt 0.898504 0.005510
vt 0.909735 0.005477
vt 0.900734 0.002253
vt 0.898518 0.001621
vt 0.900697 0.001565
vt 0.898515 0.002253
vt 0.911865 0.002963
vt 0.896332 0.002234
vt 0.894135 0.002932
vt 0.894128 0.002222
vt 0.913985 0.001687
vt 0.916004 0.002398
vt 0.916061 0.001792
vt 0.917827 0.002498
vt 0.915965 0.003061
vt 0.918135 0.004164
vt 0.891906 0.001684
vt 0.892080 0.002284
vt 0.891718 0.004866
vt 0.917821 0.003049
vt 0.896318 0.002948
vt 0.892082 0.002907
vt 0.896367 0.001562
vt 0.894111 0.001522
vt 0.916003 0.005369
vt 0.712345 0.004854
vt 0.714610 0.004202
vt 0.714595 0.004927
vt 0.712297 0.005523
vt 0.714552 0.005626
vt 0.712335 0.002212
vt 0.714621 0.002835
vt 0.712350 0.002832
vt 0.695266 0.002807
vt 0.693109 0.003532
vt 0.692921 0.002906
vt 0.697416 0.002196
vt 0.695270 0.002212
vt 0.714613 0.002202
vt 0.712326 0.001546
vt 0.714606 0.001554
vt 0.703797 0.002233
vt 0.701672 0.001566
vt 0.703799 0.001631
vt 0.697419 0.002789
vt 0.699550 0.003399
vt 0.697432 0.003393
vt 0.710164 0.003441
vt 0.712355 0.003461
vt 0.701666 0.002796
vt 0.701670 0.002204
vt 0.703716 0.005376
vt 0.705885 0.004815
vt 0.705850 0.005471
vt 0.703771 0.004025
vt 0.705897 0.004132
vt 0.705909 0.002260
vt 0.703789 0.002827
vt 0.699527 0.004050
vt 0.701665 0.003422
vt 0.701642 0.004064
vt 0.699541 0.002794
vt 0.714625 0.003478
vt 0.705903 0.001659
vt 0.708044 0.002244
vt 0.708041 0.001676
vt 0.716910 0.002220
vt 0.719186 0.001534
vt 0.719354 0.002192
vt 0.708029 0.004781
vt 0.708033 0.005470
vt 0.708024 0.004102
vt 0.708034 0.002835
vt 0.705907 0.002849
vt 0.703783 0.003403
vt 0.716901 0.003506
vt 0.710157 0.002247
vt 0.710152 0.001638
vt 0.695266 0.001591
vt 0.692894 0.002211
vt 0.693052 0.001534
vt 0.710170 0.005423
vt 0.710163 0.004079
vt 0.710177 0.004798
vt 0.710162 0.002853
vt 0.705909 0.003450
vt 0.719354 0.002913
vt 0.719173 0.003576
vt 0.697408 0.001593
vt 0.708039 0.003462
vt 0.699531 0.002200
vt 0.699527 0.001628
vt 0.701615 0.005377
vt 0.699531 0.004740
vt 0.701640 0.004739
vt 0.712363 0.004142
vt 0.697402 0.004728
vt 0.695279 0.004070
vt 0.697411 0.004044
vt 0.716897 0.004946
vt 0.716891 0.005669
vt 0.716874 0.004193
vt 0.703757 0.004723
vt 0.719229 0.005505
vt 0.719027 0.004842
vt 0.719012 0.004200
vt 0.716907 0.002846
vt 0.693313 0.004742
vt 0.695233 0.005414
vt 0.693164 0.005305
vt 0.693295 0.004151
vt 0.695287 0.003400
vt 0.697409 0.005413
vt 0.716900 0.001589
vt 0.699534 0.005354
vt 0.942350 0.004437
vt 0.940822 0.003300
vt 0.942843 0.003867
vt 0.013999 0.010493
vt 0.010520 0.008457
vt 0.012939 0.007519
vt 0.008153 0.008902
vt 0.009159 0.005378
vt 0.005438 0.012130
vt 0.007925 0.013284
vt 0.006701 0.014372
vt 0.005419 0.007743
vt 0.007039 0.006442
vt 0.949299 0.025725
vt 0.947421 0.027510
vt 0.947003 0.026709
vt 0.010665 0.015494
vt 0.009646 0.012443
vt 0.011358 0.018615
vt 0.009791 0.021986
vt 0.009423 0.018944
vt 0.011671 0.011414
vt 0.002541 0.007450
vt 0.003651 0.005456
vt 0.014975 0.003877
vt 0.011193 0.001504
vt 0.014765 0.001509
vt 0.018393 0.001505
vt 0.021666 0.004701
vt 0.018224 0.004070
vt 0.008804 0.015984
vt 0.007402 0.016626
vt 0.015014 0.014362
vt 0.005637 0.015207
vt 0.004296 0.015364
vt 0.004582 0.013425
vt 0.013511 0.018215
vt 0.016319 0.021154
vt 0.013990 0.021501
vt 0.004620 0.022130
vt 0.005150 0.019638
vt 0.006084 0.021672
vt 0.003593 0.014491
vt 0.001516 0.016629
vt 0.002696 0.013613
vt 0.025471 0.016021
vt 0.027002 0.017067
vt 0.025869 0.017617
vt 0.007829 0.019203
vt 0.012711 0.014988
vt 0.021946 0.011000
vt 0.019847 0.013879
vt 0.019478 0.010681
vt 0.023804 0.014060
vt 0.025619 0.012610
vt 0.025330 0.014378
vt 0.951827 0.012808
vt 0.951515 0.010374
vt 0.952838 0.012681
vt 0.011519 0.004625
vt 0.018929 0.006957
vt 0.016781 0.010464
vt 0.015792 0.006904
vt 0.015794 0.017775
vt 0.017441 0.013914
vt 0.018156 0.017326
vt 0.022006 0.007506
vt 0.005633 0.003597
vt 0.020293 0.016943
vt 0.018733 0.020681
vt 0.011831 0.021800
vt 0.024003 0.016271
vt 0.007173 0.021650
vt 0.006353 0.022774
vt 0.025168 0.008096
vt 0.028329 0.007421
vt 0.028239 0.009295
vt 0.026517 0.013382
vt 0.026562 0.014561
vt 0.022230 0.016586
vt 0.021977 0.013894
vt 0.025502 0.004680
vt 0.021883 0.003052
vt 0.031623 0.023411
vt 0.031891 0.019987
vt 0.033458 0.020519
vt 0.030101 0.015034
vt 0.026762 0.015802
vt 0.029931 0.012886
vt 0.029614 0.010571
vt 0.024068 0.011688
vt 0.025169 0.006197
vt 0.028811 0.006415
vt 0.014675 0.034003
vt 0.017599 0.031688
vt 0.017863 0.033702
vt 0.950380 0.027202
vt 0.947748 0.028407
vt 0.002965 0.019875
vt 0.004214 0.019630
vt 0.954724 0.022062
vt 0.953288 0.023380
vt 0.954116 0.021646
vt 0.030307 0.017056
vt 0.027285 0.018146
vt 0.032331 0.014213
vt 0.033278 0.011180
vt 0.034265 0.014006
vt 0.003897 0.011238
vt 0.004779 0.009079
vt 0.002722 0.010384
vt 0.950519 0.010577
vt 0.949871 0.008196
vt 0.004480 0.017391
vt 0.005055 0.015927
vt 0.005480 0.017447
vt 0.024524 0.018355
vt 0.025457 0.020376
vt 0.029555 0.021476
vt 0.027653 0.023386
vt 0.009103 0.032160
vt 0.011564 0.030979
vt 0.011867 0.032774
vt 0.936776 0.003444
vt 0.938587 0.001502
vt 0.938825 0.002595
vt 0.931562 0.019841
vt 0.933382 0.021572
vt 0.932047 0.022106
vt 0.031449 0.012072
vt 0.031461 0.008577
vt 0.006991 0.010743
vt 0.030101 0.009944
vt 0.934132 0.023512
vt 0.008291 0.021814
vt 0.945730 0.004465
vt 0.943933 0.002348
vt 0.946400 0.003773
vt 0.953204 0.021522
vt 0.952412 0.023149
vt 0.952796 0.015119
vt 0.003028 0.017001
vt 0.930518 0.017711
vt 0.931435 0.017390
vt 0.002618 0.023420
vt 0.004982 0.025184
vt 0.004396 0.026125
vt 0.006420 0.017143
vt 0.006498 0.019478
vt 0.948669 0.005598
vt 0.950650 0.007693
vt 0.944409 0.027425
vt 0.946554 0.026080
vt 0.933071 0.009768
vt 0.933417 0.012003
vt 0.932201 0.012288
vt 0.937180 0.027443
vt 0.938993 0.028672
vt 0.936617 0.028173
vt 0.955193 0.019911
vt 0.006814 0.031212
vt 0.008609 0.030345
vt 0.938999 0.003382
vt 0.940657 0.003926
vt 0.939128 0.003979
vt 0.936377 0.005746
vt 0.937305 0.004084
vt 0.937719 0.004588
vt 0.953382 0.017426
vt 0.952125 0.019681
vt 0.951907 0.017552
vt 0.944976 0.005007
vt 0.946005 0.006952
vt 0.944179 0.005463
vt 0.941929 0.027078
vt 0.941773 0.027825
vt 0.939799 0.027126
vt 0.939317 0.027825
vt 0.934166 0.009628
vt 0.934251 0.007408
vt 0.935171 0.007474
vt 0.932954 0.014473
vt 0.931655 0.014851
vt 0.951117 0.024528
vt 0.951282 0.023099
vt 0.001776 0.020058
vt 0.011835 0.027972
vt 0.014321 0.025368
vt 0.014636 0.029285
vt 0.951923 0.021557
vt 0.950164 0.024294
vt 0.948574 0.025265
vt 0.941711 0.028718
vt 0.944790 0.029242
vt 0.941767 0.029656
vt 0.952335 0.009978
vt 0.931569 0.025046
vt 0.933249 0.026111
vt 0.932893 0.026736
vt 0.953681 0.012413
vt 0.953806 0.015058
vt 0.934725 0.027303
vt 0.947046 0.006602
vt 0.947694 0.008757
vt 0.944595 0.028305
vt 0.953847 0.023946
vt 0.951925 0.024965
vt 0.017463 0.029238
vt 0.020384 0.030804
vt 0.954478 0.019663
vt 0.955165 0.017495
vt 0.949936 0.026377
vt 0.032618 0.017064
vt 0.034155 0.017146
vt 0.932865 0.024062
vt 0.932067 0.024529
vt 0.953533 0.019599
vt 0.954369 0.017432
vt 0.936419 0.029050
vt 0.938912 0.029614
vt 0.943383 0.003172
vt 0.941299 0.001502
vt 0.954648 0.014944
vt 0.026641 0.019105
vt 0.941035 0.002507
vt 0.947932 0.006198
vt 0.948914 0.008488
vt 0.005932 0.028805
vt 0.007593 0.029544
vt 0.011882 0.025214
vt 0.029585 0.026308
vt 0.026230 0.027184
vt 0.028593 0.025042
vt 0.026813 0.028616
vt 0.023381 0.029663
vt 0.020153 0.028418
vt 0.016908 0.024638
vt 0.019461 0.023928
vt 0.007056 0.023480
vt 0.008162 0.024269
vt 0.021756 0.022705
vt 0.021132 0.032945
vt 0.005366 0.024210
vt 0.006269 0.025944
vt 0.014798 0.031826
vt 0.025534 0.025211
vt 0.022884 0.026558
vt 0.009755 0.025017
vt 0.007707 0.026850
vt 0.009082 0.028276
vt 0.930678 0.020218
vt 0.929741 0.017836
vt 0.030243 0.022740
vt 0.023751 0.021563
vt 0.030300 0.019305
vt 0.950389 0.012996
vt 0.949168 0.010796
vt 0.022898 0.019117
vt 0.020967 0.019893
vt 0.932108 0.009800
vt 0.931237 0.012450
vt 0.006269 0.027692
vt 0.003975 0.022658
vt 0.930555 0.022924
vt 0.932788 0.016949
vt 0.933999 0.025611
vt 0.930706 0.015103
vt 0.936432 0.026185
vt 0.935419 0.026722
vt 0.937971 0.026840
vt 0.951310 0.015277
vt 0.935689 0.005440
vt 0.929875 0.015113
vt 0.930382 0.012359
vt 0.931197 0.022536
vt 0.024124 0.031097
vt 0.934458 0.028043
vt 0.934900 0.005041
vt 0.933330 0.007252
vt 0.008221 0.002334
vt 0.929953 0.020466
vt 0.932420 0.006926
vt 0.931210 0.009602
vt 0.934039 0.004519
vt 0.936107 0.002639
vt 0.935159 0.025070
vt 0.952455 0.025680
vt 0.932928 0.019348
vt 0.849433 0.038609
vt 0.850761 0.034620
vt 0.850493 0.038662
vt 0.862654 0.024672
vt 0.863823 0.025626
vt 0.862536 0.025299
vt 0.850603 0.031417
vt 0.849604 0.034378
vt 0.854851 0.026754
vt 0.853148 0.029624
vt 0.852319 0.028981
vt 0.850118 0.047045
vt 0.851222 0.047040
vt 0.858855 0.021873
vt 0.861103 0.024599
vt 0.859387 0.024715
vt 0.851760 0.054742
vt 0.852756 0.054741
vt 0.857253 0.025317
vt 0.856000 0.023217
vt 0.853349 0.059031
vt 0.854012 0.058652
vt 0.853167 0.025164
vt 0.479756 0.021167
vt 0.479572 0.019859
vt 0.480181 0.020745
vt 0.855534 0.061101
vt 0.854868 0.061681
vt 0.850212 0.027552
vt 0.857367 0.062785
vt 0.856980 0.063542
vt 0.848006 0.030018
vt 0.859666 0.063949
vt 0.859578 0.064799
vt 0.846321 0.033160
vt 0.862057 0.064235
vt 0.862362 0.065208
vt 0.845473 0.038040
vt 0.863846 0.064405
vt 0.863489 0.063750
vt 0.846103 0.047121
vt 0.864756 0.063405
vt 0.864222 0.063049
vt 0.848056 0.055406
vt 0.050159 0.001518
vt 0.052727 0.002256
vt 0.050159 0.002469
vt 0.850291 0.060654
vt 0.573104 0.001501
vt 0.572532 0.004069
vt 0.572299 0.001496
vt 0.852929 0.063676
vt 0.855916 0.065749
vt 0.859320 0.067383
vt 0.250605 0.042334
vt 0.250852 0.045493
vt 0.249491 0.042902
vt 0.862776 0.067879
vt 0.985100 0.004557
vt 0.987430 0.007297
vt 0.984441 0.006356
vt 0.865097 0.066963
vt 0.482585 0.018172
vt 0.479244 0.018572
vt 0.866756 0.065334
vt 0.992097 0.060761
vt 0.995284 0.062054
vt 0.992295 0.062995
vt 0.863184 0.028812
vt 0.864708 0.026236
vt 0.864170 0.028933
vt 0.995912 0.063745
vt 0.993917 0.066247
vt 0.992954 0.064794
vt 0.992534 0.058007
vt 0.994899 0.060017
vt 0.248456 0.043736
vt 0.249615 0.046283
vt 0.992685 0.054685
vt 0.994875 0.057447
vt 0.247161 0.044967
vt 0.248031 0.047363
vt 0.994335 0.050805
vt 0.992067 0.051025
vt 0.245178 0.046053
vt 0.245836 0.048408
vt 0.993688 0.047973
vt 0.990922 0.048114
vt 0.243080 0.049124
vt 0.242547 0.046576
vt 0.992985 0.045048
vt 0.989659 0.045131
vt 0.240875 0.049247
vt 0.240489 0.046360
vt 0.992411 0.040902
vt 0.988732 0.040871
vt 0.238555 0.049056
vt 0.238353 0.045854
vt 0.992042 0.032484
vt 0.988224 0.032366
vt 0.235027 0.048612
vt 0.235006 0.045220
vt 0.992260 0.024292
vt 0.988469 0.024113
vt 0.227009 0.047804
vt 0.227088 0.044329
vt 0.989436 0.018765
vt 0.219083 0.047202
vt 0.219223 0.043741
vt 0.991014 0.015411
vt 0.992806 0.019117
vt 0.215061 0.043883
vt 0.214725 0.047039
vt 0.992664 0.012419
vt 0.993711 0.015784
vt 0.212483 0.044429
vt 0.211973 0.047113
vt 0.515920 0.004250
vt 0.516589 0.001919
vt 0.516826 0.004539
vt 0.993733 0.009164
vt 0.994909 0.012854
vt 0.210396 0.044623
vt 0.209677 0.047083
vt 0.981139 0.001749
vt 0.980568 0.004163
vt 0.980337 0.001673
vt 0.996388 0.007090
vt 0.993824 0.006116
vt 0.208380 0.044213
vt 0.207444 0.046611
vt 0.996834 0.005086
vt 0.994053 0.003840
vt 0.205843 0.045722
vt 0.207053 0.043297
vt 0.997300 0.003493
vt 0.995072 0.002093
vt 0.204920 0.044944
vt 0.206357 0.042573
vt 0.252514 0.041750
vt 0.253167 0.044460
vt 0.251616 0.041993
vt 0.204286 0.044165
vt 0.205579 0.042079
vt 0.994992 0.067474
vt 0.996713 0.065159
vt 0.997172 0.066340
vt 0.479263 0.013289
vt 0.475818 0.014891
vt 0.477162 0.012036
vt 0.475453 0.017536
vt 0.478617 0.018691
vt 0.475679 0.019750
vt 0.478544 0.017139
vt 0.479144 0.017051
vt 0.478660 0.015424
vt 0.479292 0.015481
vt 0.986063 0.003104
vt 0.988059 0.005606
vt 0.485846 0.007735
vt 0.482927 0.008355
vt 0.485362 0.006640
vt 0.483570 0.009184
vt 0.480699 0.010887
vt 0.479939 0.013525
vt 0.856806 0.057364
vt 0.860300 0.061355
vt 0.861595 0.061129
vt 0.851699 0.031900
vt 0.855297 0.031266
vt 0.854634 0.033090
vt 0.855922 0.053677
vt 0.858767 0.060812
vt 0.856639 0.029412
vt 0.865130 0.025811
vt 0.865552 0.022592
vt 0.866832 0.023717
vt 0.854663 0.046239
vt 0.855318 0.027338
vt 0.858248 0.028438
vt 0.482307 0.017030
vt 0.862418 0.060959
vt 0.863284 0.060726
vt 0.854048 0.038473
vt 0.857722 0.059474
vt 0.854224 0.035200
vt 0.481283 0.011354
vt 0.479109 0.009204
vt 0.481498 0.006248
vt 0.488565 0.006798
vt 0.492555 0.005470
vt 0.492608 0.006529
vt 0.482135 0.015821
vt 0.500990 0.006155
vt 0.500986 0.007259
vt 0.482383 0.014285
vt 0.508688 0.007797
vt 0.508687 0.008793
vt 0.483357 0.012675
vt 0.512977 0.009386
vt 0.512597 0.010049
vt 0.485212 0.011333
vt 0.515047 0.011571
vt 0.515626 0.010905
vt 0.487036 0.010670
vt 0.516730 0.013404
vt 0.517488 0.013017
vt 0.489145 0.010260
vt 0.517894 0.015702
vt 0.518744 0.015615
vt 0.492419 0.010084
vt 0.518180 0.018094
vt 0.519154 0.018399
vt 0.500184 0.010700
vt 0.518350 0.019883
vt 0.517695 0.019526
vt 0.507623 0.011958
vt 0.517351 0.020793
vt 0.516994 0.020258
vt 0.511310 0.012842
vt 0.027363 0.001516
vt 0.024795 0.002254
vt 0.024713 0.001547
vt 0.513420 0.013759
vt 0.587936 0.004072
vt 0.587364 0.001504
vt 0.587936 0.001498
vt 0.514758 0.014804
vt 0.515300 0.016337
vt 0.515075 0.017632
vt 0.514905 0.018455
vt 0.514671 0.019321
vt 0.476538 0.021588
vt 0.477663 0.022869
vt 0.488324 0.005641
vt 0.301789 0.045253
vt 0.299393 0.047010
vt 0.300552 0.044463
vt 0.303008 0.045856
vt 0.302552 0.048753
vt 0.301541 0.048412
vt 0.298098 0.045779
vt 0.298968 0.043383
vt 0.296115 0.044692
vt 0.296774 0.042338
vt 0.984243 0.008590
vt 0.987046 0.009334
vt 0.294017 0.041622
vt 0.293484 0.044169
vt 0.984681 0.011343
vt 0.987022 0.011904
vt 0.291813 0.041498
vt 0.291426 0.044386
vt 0.984832 0.014665
vt 0.986934 0.015039
vt 0.289492 0.041689
vt 0.289290 0.044891
vt 0.986481 0.018546
vt 0.984213 0.018326
vt 0.285964 0.042133
vt 0.285943 0.045525
vt 0.985834 0.021378
vt 0.983068 0.021237
vt 0.277946 0.042939
vt 0.278025 0.046415
vt 0.985131 0.024303
vt 0.981805 0.024219
vt 0.270020 0.043541
vt 0.270160 0.047002
vt 0.984557 0.028448
vt 0.980878 0.028480
vt 0.265998 0.046859
vt 0.265662 0.043704
vt 0.984189 0.036867
vt 0.980371 0.036985
vt 0.263419 0.046313
vt 0.262910 0.043629
vt 0.984406 0.045059
vt 0.980616 0.045238
vt 0.261333 0.046119
vt 0.260614 0.043659
vt 0.981583 0.050585
vt 0.984953 0.050233
vt 0.062888 0.001500
vt 0.060556 0.002169
vt 0.060433 0.001504
vt 0.259317 0.046529
vt 0.258381 0.044131
vt 0.983161 0.053940
vt 0.985857 0.053566
vt 0.836856 0.004099
vt 0.836286 0.001685
vt 0.836856 0.001641
vt 0.256780 0.045020
vt 0.257989 0.047445
vt 0.984811 0.056931
vt 0.987055 0.056497
vt 0.255857 0.045797
vt 0.257294 0.048168
vt 0.985880 0.060187
vt 0.988078 0.059525
vt 0.255222 0.046576
vt 0.256515 0.048663
vt 0.861015 0.025199
vt 0.859445 0.025346
vt 0.988534 0.062261
vt 0.985970 0.063235
vt 0.988860 0.004192
vt 0.987138 0.001877
vt 0.989319 0.003011
vt 0.857488 0.025993
vt 0.988980 0.064265
vt 0.986200 0.065511
vt 0.989446 0.065858
vt 0.987218 0.067258
vt 0.303450 0.048997
vt 0.304104 0.046287
vt 0.304745 0.046857
vt 0.862135 0.028640
vt 0.863713 0.021733
vt 0.864033 0.025033
vt 0.860994 0.028361
vt 0.859785 0.028189
vt 0.517622 0.008965
vt 0.519694 0.011952
vt 0.252072 0.044890
vt 0.519279 0.022793
vt 0.520908 0.021134
vt 0.491986 0.001510
vt 0.487105 0.002358
vt 0.300428 0.047844
vt 0.514599 0.006328
vt 0.521824 0.018813
vt 0.483963 0.004042
vt 0.509351 0.004092
vt 0.521328 0.015357
vt 0.861499 0.021508
vt 0.501066 0.002140
vt 0.482757 0.019220
vt 0.482878 0.020206
vt 0.478978 0.020069
vt 0.966728 0.076686
vt 0.966728 0.033498
vt 0.532295 0.008627
vt 0.561920 0.001502
vt 0.516483 0.027421
vt 0.732152 0.011642
vt 0.759209 0.001500
vt 0.884175 0.125506
vt 0.492353 0.046125
vt 0.822940 0.128410
vt 0.756461 0.160224
vt 0.634702 0.067811
vt 0.303133 0.056408
vt 0.147574 0.036952
vt 0.096261 0.022725
vt 0.224550 0.416308
vt 0.826207 0.239658
vt 0.339561 0.259857
vt 0.436556 0.222311
vt 0.206106 0.242059
vt 0.002840 0.234532
vt 0.701101 0.395936
vt 0.424372 0.140235
vt 0.178789 0.223143
vt 0.336589 0.188761
vt 0.774755 0.005582
vt 0.735664 0.019216
vt 0.940581 0.064329
vt 0.901796 0.030193
vt 0.262025 0.395926
vt 0.980579 0.142562
vt 0.694212 0.422675
vt 0.695422 0.399174
vt 0.689932 0.392989
vt 0.692965 0.395822
vt 0.266063 0.401393
vt 0.267209 0.397404
vt 0.271621 0.390405
vt 0.274726 0.387651
vt 0.581564 0.457025
vt 0.584013 0.453667
vt 0.587040 0.450827
vt 0.995601 0.466784
vt 0.992829 0.450823
vt 0.994707 0.454530
vt 0.995861 0.458517
vt 0.208723 0.412318
vt 0.082857 0.415165
vt 0.051465 0.538626
vt 0.641670 0.507848
vt 0.902220 0.539737
vt 0.303036 0.031952
vt 0.614657 0.044034
vt 0.678117 0.300165
vt 0.291343 0.503258
vt 0.564924 0.277496
vt 0.037916 0.448511
vt 0.352391 0.508693
vt 0.500532 0.053980
vt 0.451176 0.530020
vt 0.289520 0.357952
vt 0.591590 0.545803
vt 0.644887 0.037147
vt 0.321854 0.349267
vt 0.528331 0.338205
vt 0.841933 0.046342
vt 0.774920 0.043613
vt 0.226826 0.035560
vt 0.212502 0.039066
vt 0.842399 0.113152
vt 0.731090 0.139522
vt 0.766165 0.123702
vt 0.932521 0.123950
vt 0.842941 0.119054
vt 0.772466 0.088398
vt 0.729716 0.126694
vt 0.159757 0.035858
vt 0.772932 0.021588
vt 0.977264 0.028451
vt 0.958872 0.002554
vt 0.031940 0.001501
vt 0.033445 0.001501
vt 0.034508 0.002565
vt 0.033445 0.005133
vt 0.031940 0.005133
vt 0.539484 0.013503
vt 0.908428 0.010559
vt 0.098732 0.020363
vt 0.479132 0.004070
vt 0.478068 0.005134
vt 0.475499 0.004070
vt 0.476563 0.001502
vt 0.479132 0.002566
vt 0.843401 0.015505
vt 0.909289 0.037716
vt 0.125025 0.003017
vt 0.889683 0.055059
vt 0.529240 0.019503
vt 0.524726 0.020466
vt 0.953872 0.001499
vt 0.954936 0.002562
vt 0.954936 0.004067
vt 0.952367 0.005131
vt 0.951303 0.002562
vt 0.536763 0.019503
vt 0.997783 0.029537
vt 0.534971 0.014559
vt 0.821207 0.001504
vt 0.936486 0.051533
vt 0.876320 0.010560
vt 0.878889 0.009496
vt 0.879952 0.012065
vt 0.878889 0.013129
vt 0.877384 0.013129
vt 0.524439 0.014559
vt 0.528953 0.014559
vt 0.881799 0.027893
vt 0.662309 0.044053
vt 0.645043 0.041821
vt 0.869310 0.025804
vt 0.963137 0.034998
vt 0.764460 0.016466
vt 0.094361 0.001531
vt 0.773144 0.011302
vt 0.773890 0.017702
vt 0.735752 0.005813
vt 0.749093 0.001504
vt 0.739396 0.001717
vt 0.566197 0.001515
vt 0.569518 0.004970
vt 0.131918 0.001499
vt 0.041245 0.016776
vt 0.041558 0.001502
vt 0.868725 0.010964
vt 0.016868 0.048418
vt 0.002976 0.038884
vt 0.914438 0.015039
vt 0.924198 0.001863
vt 0.887483 0.001841
vt 0.898494 0.015967
vt 0.930249 0.003278
vt 0.135132 0.063036
vt 0.688756 0.001737
vt 0.683885 0.006767
vt 0.729320 0.007320
vt 0.710128 0.023138
vt 0.687859 0.014165
vt 0.044738 0.009450
vt 0.045178 0.002541
vt 0.592992 0.001535
vt 0.853035 0.001551
vt 0.082449 0.013157
vt 0.081939 0.010821
vt 0.709844 0.010303
vt 0.709883 0.012916
vt 0.602613 0.023929
vt 0.861406 0.001498
vt 0.841793 0.001573
vt 0.842007 0.004370
vt 0.090720 0.009704
vt 0.599315 0.023918
vt 0.355573 0.044256
vt 0.870594 0.001693
vt 0.394312 0.041537
vt 0.359016 0.042146
vt 0.891916 0.003518
vt 0.913966 0.005355
vt 0.900733 0.005588
vt 0.905309 0.005594
vt 0.917989 0.001977
vt 0.695265 0.004771
vt 0.944252 0.026697
vt 0.052809 0.001549
vt 0.573104 0.004075
vt 0.994788 0.054312
vt 0.515924 0.001796
vt 0.995931 0.009826
vt 0.981139 0.004207
vt 0.253808 0.043889
vt 0.027363 0.002466
vt 0.587132 0.004077
vt 0.063177 0.002405
vt 0.836055 0.004175
vt 0.000000 0.000000
vt 0.121212 0.000000
vt 0.121212 1.000000
vt 0.000000 1.000000
s 1
usemtl RHB
f 1/1/1 9/2/2 6/3/1
f 3/4/3 7/5/4 8/6/3
f 3/4/3 9/2/2 4/7/2
f 5/8/5 7/5/4 2/9/4
f 1/1/1 17/10/6 13/11/6
f 12/12/7 15/13/8 11/14/8
f 13/11/6 16/15/7 12/12/7
f 15/13/8 14/16/9 11/14/8
f 24/17/10 22/18/11 19/19/10
f 21/20/12 25/21/13 20/22/13
f 27/23/14 21/20/12 22/18/11
f 20/22/13 28/24/15 23/25/15
f 31/26/16 24/17/10 19/19/10
f 29/27/17 34/28/18 30/29/18
f 31/26/16 34/28/18 35/30/16
f 29/27/17 36/31/19 33/32/17
f 10/33/20 25/34/20 7/35/20
f 7/35/20 26/36/20 8/37/20
f 8/37/20 27/38/20 9/39/20
f 6/40/20 27/38/20 24/41/20
f 10/42/21 23/43/21 28/44/21
f 18/45/20 33/46/20 36/47/20
f 15/48/20 34/49/20 33/46/20
f 16/50/20 35/51/20 34/49/20
f 6/40/20 35/51/20 17/52/20
f 14/53/22 36/54/22 32/55/22
f 63/56/23 333/57/24 343/58/25
f 454/59/26 51/60/27 191/61/28
f 192/62/29 335/63/30 456/64/31
f 463/65/32 190/66/33 453/67/34
f 189/68/35 333/57/24 454/59/26
f 344/69/36 51/60/27 63/56/23
f 64/70/37 334/71/38 344/69/36
f 52/72/39 455/73/40 334/71/38
f 193/74/41 336/75/42 457/76/43
f 464/77/44 189/68/35 454/59/26
f 191/61/28 334/71/38 455/73/40
f 345/78/45 52/72/39 64/70/37
f 58/79/46 335/63/30 345/78/45
f 53/80/47 456/64/31 335/63/30
f 194/81/48 337/82/49 458/83/50
f 465/84/51 191/61/28 455/73/40
f 62/85/52 346/86/53 343/58/25
f 57/87/54 336/75/42 339/88/55
f 54/89/56 457/76/43 336/75/42
f 195/90/57 338/91/58 459/92/59
f 466/93/60 192/62/29 456/64/31
f 340/94/61 54/89/56 57/87/54
f 59/95/62 337/96/49 340/97/61
f 55/98/63 458/99/50 337/96/49
f 53/80/47 339/88/55 336/75/42
f 460/100/64 193/74/41 457/76/43
f 341/101/65 55/98/63 59/95/62
f 60/102/66 338/91/58 341/101/65
f 56/103/67 459/92/59 338/91/58
f 461/104/68 194/81/48 458/83/50
f 50/105/69 342/106/70 332/107/71
f 294/108/72 1178/109/73 1177/110/74
f 343/58/25 49/111/75 62/85/52
f 462/112/76 195/90/57 459/92/59
f 69/113/77 353/114/78 350/115/79
f 1165/116/80 1194/117/81 1164/118/82
f 305/119/83 1179/120/84 1178/109/73
f 1151/121/85 88/122/86 76/123/87
f 70/124/88 340/97/61 350/125/79
f 351/126/89 59/95/62 70/124/88
f 71/127/90 341/101/65 351/126/89
f 119/128/91 1157/129/92 122/130/93
f 316/131/94 1163/132/95 1179/120/84
f 62/85/52 332/107/71 342/106/70
f 357/133/96 66/134/97 77/135/98
f 247/136/99 1170/137/100 243/138/101
f 201/139/102 1164/118/82 190/66/33
f 65/140/103 343/58/25 346/86/53
f 822/141/104 573/142/105 817/143/106
f 347/144/107 63/56/23 65/140/103
f 67/145/108 344/69/36 347/144/107
f 348/146/109 64/70/37 67/145/108
f 68/147/110 345/78/45 348/146/109
f 58/79/46 349/148/111 339/88/55
f 78/149/112 346/86/53 357/133/96
f 350/115/79 57/87/54 69/113/77
f 79/150/113 347/144/107 358/151/114
f 359/152/115 67/145/108 79/150/113
f 80/153/116 348/146/109 359/152/115
f 360/154/117 68/147/110 80/153/116
f 74/155/118 349/148/111 360/154/117
f 69/113/77 339/88/55 349/148/111
f 77/135/98 361/156/119 357/133/96
f 73/157/120 350/125/79 353/158/78
f 354/159/121 70/124/88 73/157/120
f 75/160/122 351/126/89 354/159/121
f 356/161/123 72/162/124 76/123/87
f 77/135/98 352/163/125 356/161/123
f 66/134/97 342/106/70 352/163/125
f 85/164/126 368/165/127 365/166/128
f 243/138/101 1169/167/129 232/168/130
f 318/169/131 72/162/124 61/170/132
f 86/171/133 353/158/78 365/172/128
f 358/151/114 65/140/103 78/149/112
f 87/173/134 354/159/121 366/174/135
f 367/175/136 76/123/87 88/122/86
f 82/176/137 356/161/123 367/175/136
f 371/177/138 82/176/137 93/178/139
f 216/179/140 1166/180/141 212/181/142
f 81/182/143 357/133/96 361/156/119
f 362/183/144 78/149/112 81/182/143
f 83/184/145 358/151/114 362/183/144
f 363/185/146 79/150/113 83/184/145
f 84/186/147 359/152/115 363/185/146
f 364/187/148 80/153/116 84/186/147
f 85/164/126 360/154/117 364/187/148
f 365/166/128 74/155/118 85/164/126
f 94/188/149 361/156/119 371/177/138
f 366/174/135 73/157/120 86/171/133
f 95/189/150 362/183/144 372/190/151
f 373/191/152 83/184/145 95/189/150
f 96/192/153 363/185/146 373/191/152
f 374/193/154 84/186/147 96/192/153
f 90/194/155 364/187/148 374/193/154
f 94/188/149 375/195/156 372/190/151
f 89/196/157 365/172/128 368/197/127
f 369/198/158 86/171/133 89/196/157
f 369/198/158 87/173/134 366/174/135
f 370/199/159 88/122/86 92/200/160
f 93/178/139 367/175/136 370/199/159
f 381/201/161 93/178/139 104/202/162
f 122/130/93 1158/203/163 134/204/164
f 228/205/165 1167/206/166 216/179/140
f 101/207/167 368/197/127 378/208/168
f 372/190/151 81/182/143 94/188/149
f 37/209/169 91/210/170 369/198/158
f 380/211/171 92/200/160 103/212/172
f 104/202/162 370/199/159 380/211/171
f 384/213/173 104/202/162 108/214/174
f 50/105/69 1164/118/82 355/215/175
f 137/216/176 182/217/177 41/218/178
f 98/219/179 371/177/138 381/201/161
f 101/207/167 382/220/180 379/221/181
f 97/222/182 372/190/151 375/195/156
f 376/223/183 95/189/150 97/222/182
f 99/224/184 373/191/152 376/223/183
f 377/225/185 96/192/153 99/224/184
f 100/226/186 374/193/154 377/225/185
f 378/227/168 90/194/155 100/226/186
f 110/228/187 375/195/156 385/229/188
f 379/221/181 89/196/157 101/207/167
f 111/230/189 376/223/183 386/231/190
f 387/232/191 99/224/184 111/230/189
f 112/233/192 377/225/185 387/232/191
f 388/234/193 100/226/186 112/233/192
f 106/235/194 378/208/168 388/236/193
f 115/237/195 386/231/190 110/228/187
f 105/238/196 379/221/181 382/220/180
f 383/239/197 103/212/172 107/240/198
f 108/214/174 380/211/171 383/239/197
f 120/241/199 384/213/173 108/214/174
f 259/242/200 1173/243/201 1172/244/202
f 109/245/203 381/201/161 384/213/173
f 385/229/188 98/219/179 109/245/203
f 118/246/204 382/220/180 392/247/205
f 386/231/190 97/222/182 110/228/187
f 393/248/206 108/214/174 383/239/197
f 123/249/207 394/250/208 120/241/199
f 139/251/209 1160/252/210 149/253/211
f 394/250/208 109/245/203 384/213/173
f 810/254/212 573/142/105 832/255/213
f 121/256/214 385/229/188 109/245/203
f 395/257/215 110/228/187 385/229/188
f 122/130/93 393/248/206 119/128/91
f 389/258/216 111/230/189 386/231/190
f 114/259/217 387/232/191 111/230/189
f 390/260/218 112/233/192 387/232/191
f 116/261/219 388/234/193 112/233/192
f 117/262/220 388/236/193 391/263/221
f 392/247/205 106/235/194 117/262/220
f 399/264/222 114/259/217 389/258/216
f 119/128/91 383/239/197 107/240/198
f 127/265/223 390/260/218 400/266/224
f 401/267/225 116/261/219 127/265/223
f 38/268/226 117/262/220 391/263/221
f 131/269/227 399/264/222 125/270/228
f 117/262/220 113/271/229 392/247/205
f 135/272/230 397/273/231 123/249/207
f 396/274/232 120/241/199 393/248/206
f 392/247/205 39/275/233 118/246/204
f 1154/276/234 107/240/198 103/212/172
f 1150/277/235 76/123/87 72/162/124
f 397/273/231 121/256/214 394/250/208
f 814/278/236 800/279/237 804/280/238
f 124/281/239 395/257/215 121/256/214
f 398/282/240 115/237/195 395/257/215
f 125/270/228 389/258/216 115/237/195
f 405/283/241 123/249/207 396/274/232
f 126/284/242 390/260/218 114/259/217
f 406/285/243 124/281/239 397/273/231
f 1167/206/166 1196/286/244 1166/180/141
f 136/287/245 398/282/240 124/281/239
f 407/288/246 125/270/228 398/282/240
f 139/251/209 405/283/241 134/204/164
f 402/289/247 126/284/242 399/264/222
f 130/290/248 400/266/224 126/284/242
f 403/291/249 127/265/223 400/266/224
f 404/292/250 127/265/223 132/293/251
f 133/294/252 401/295/225 404/296/250
f 134/204/164 396/274/232 122/130/93
f 411/297/253 130/290/248 402/289/247
f 138/298/254 406/285/243 135/272/230
f 412/299/255 132/293/251 403/291/249
f 143/300/256 404/292/250 132/293/251
f 404/296/250 40/301/257 133/294/252
f 408/302/258 135/272/230 405/283/241
f 150/303/259 409/304/260 138/298/254
f 107/240/198 1156/305/261 119/128/91
f 409/304/260 136/287/245 406/285/243
f 140/306/262 407/288/246 136/287/245
f 410/307/263 131/269/227 407/288/246
f 141/308/264 402/289/247 131/269/227
f 418/309/265 138/298/254 408/302/258
f 142/310/266 403/291/249 130/290/248
f 419/311/267 140/306/262 409/304/260
f 151/312/268 410/307/263 140/306/262
f 420/313/269 141/308/264 410/307/263
f 152/314/270 411/297/253 141/308/264
f 421/315/271 142/310/266 411/297/253
f 154/316/272 418/309/265 149/253/211
f 415/317/273 143/300/256 412/299/255
f 416/318/274 143/300/256 145/319/275
f 147/320/276 413/321/277 416/322/274
f 417/323/278 137/216/176 414/324/279
f 149/253/211 408/302/258 139/251/209
f 144/325/280 417/323/278 414/324/279
f 428/326/281 148/327/282 417/323/278
f 146/328/283 412/299/255 142/310/266
f 147/320/276 428/326/281 417/323/278
f 153/329/284 419/311/267 150/303/259
f 426/330/285 145/319/275 415/317/273
f 289/331/286 1177/110/74 1176/332/287
f 61/170/132 352/163/125 342/106/70
f 165/333/288 1163/334/95 176/335/289
f 159/336/290 416/322/274 427/337/291
f 162/338/292 426/330/285 157/339/293
f 262/340/294 1174/341/295 1173/243/201
f 431/342/296 160/343/297 428/326/281
f 428/326/281 163/344/298 431/342/296
f 166/345/299 423/346/300 153/329/284
f 422/347/301 150/303/259 418/309/265
f 212/181/142 1165/116/80 201/139/102
f 423/346/300 151/312/268 419/311/267
f 820/348/302 833/349/303 573/142/105
f 155/350/304 420/313/269 151/312/268
f 424/351/305 152/314/270 420/313/269
f 156/352/306 421/315/271 152/314/270
f 425/353/307 146/328/283 421/315/271
f 157/339/293 415/317/273 146/328/283
f 432/354/308 153/329/284 422/347/301
f 158/355/309 416/318/274 145/319/275
f 433/356/310 155/350/304 423/346/300
f 167/357/311 424/351/305 155/350/304
f 434/358/312 156/352/306 424/351/305
f 168/359/313 425/353/307 156/352/306
f 435/360/314 157/339/293 425/353/307
f 170/361/315 433/356/310 166/345/299
f 429/362/316 158/355/309 426/330/285
f 161/363/317 427/364/291 158/355/309
f 430/365/318 159/336/290 427/337/291
f 165/333/288 422/347/301 154/316/272
f 441/366/319 164/367/320 431/342/296
f 431/342/296 174/368/321 441/366/319
f 439/369/322 161/363/317 429/362/316
f 440/370/323 163/344/298 430/365/318
f 810/254/212 781/371/324 806/372/325
f 176/335/289 432/354/308 165/333/288
f 444/373/326 179/374/327 443/375/328
f 164/367/320 443/375/328 160/343/297
f 176/376/289 562/377/329 442/378/330
f 442/379/330 166/345/299 432/354/308
f 436/380/331 167/357/311 433/356/310
f 169/381/332 434/358/312 167/357/311
f 437/382/333 168/359/313 434/358/312
f 171/383/334 435/360/314 168/359/313
f 438/384/335 162/338/292 435/360/314
f 172/385/336 429/362/316 162/338/292
f 311/386/337 437/387/333 557/388/338
f 173/389/339 430/390/318 161/363/317
f 312/391/340 438/392/335 558/393/341
f 169/394/332 557/388/338 437/387/333
f 313/395/342 439/396/322 559/397/343
f 171/398/334 558/393/341 438/392/335
f 314/399/344 440/400/323 560/401/345
f 172/402/336 559/397/343 439/396/322
f 173/403/339 560/404/345 440/405/323
f 564/406/346 322/407/347 323/408/348
f 1183/409/349 1154/276/234 1153/410/350
f 563/411/351 304/412/352 300/413/353
f 310/414/354 442/378/330 562/377/329
f 149/253/211 1161/415/355 154/316/272
f 447/416/356 177/417/357 446/418/358
f 556/419/359 170/420/315 310/414/354
f 203/421/360 454/59/26 191/61/28
f 445/422/361 180/423/362 444/373/326
f 175/424/363 444/373/326 164/367/320
f 443/375/328 178/425/364 447/416/356
f 148/327/282 446/418/358 137/216/176
f 177/417/357 188/426/365 42/427/366
f 450/428/367 183/429/368 188/426/365
f 446/418/358 42/427/366 182/217/177
f 48/430/369 566/431/370 325/432/371
f 325/432/371 277/433/372 47/434/373
f 160/343/297 447/416/356 148/327/282
f 326/435/374 570/436/375 331/437/376
f 451/438/377 185/439/378 449/440/379
f 331/437/376 320/441/380 48/430/369
f 284/442/381 269/443/382 534/444/383
f 180/423/362 449/440/379 179/374/327
f 452/445/384 183/429/368 450/428/367
f 449/440/379 184/446/385 452/445/384
f 179/374/327 452/445/384 178/425/364
f 453/67/34 202/447/386 463/65/32
f 178/425/364 450/428/367 177/417/357
f 448/448/387 186/449/388 451/438/377
f 534/444/383 47/434/373 277/433/372
f 181/450/389 451/438/377 180/423/362
f 453/67/34 49/111/75 189/68/35
f 473/451/390 201/139/102 463/65/32
f 204/452/391 455/73/40 192/62/29
f 467/453/392 202/447/386 464/77/44
f 198/454/393 456/64/31 193/74/41
f 468/455/394 203/421/360 465/84/51
f 457/76/43 197/456/395 460/100/64
f 469/457/396 204/452/391 466/93/60
f 199/458/397 458/99/50 195/90/57
f 470/459/398 198/454/393 460/100/64
f 200/460/399 459/92/59 196/461/400
f 471/462/401 197/456/395 461/104/68
f 209/463/402 460/100/64 197/456/395
f 474/464/403 209/463/402 471/462/401
f 472/465/404 199/458/397 462/112/76
f 134/204/164 1159/466/405 139/251/209
f 471/467/401 199/458/397 210/468/406
f 747/469/407 676/470/408 675/471/409
f 480/472/410 208/473/411 470/459/398
f 211/474/412 462/112/76 200/460/399
f 463/65/32 206/475/413 473/451/390
f 477/476/414 206/475/413 467/453/392
f 475/477/415 210/468/406 472/465/404
f 205/478/416 464/77/44 203/421/360
f 734/479/417 660/480/418 824/481/419
f 476/482/420 212/181/142 473/451/390
f 207/483/421 465/84/51 204/452/391
f 208/473/411 466/93/60 198/454/393
f 478/484/422 205/478/416 468/455/394
f 467/453/392 218/485/423 477/476/414
f 479/486/424 207/483/421 469/457/396
f 219/487/425 468/455/394 207/483/421
f 481/488/426 217/489/427 477/476/414
f 220/490/428 469/457/396 208/473/411
f 482/491/429 218/485/423 478/484/422
f 214/492/430 470/459/398 209/463/402
f 483/493/431 219/487/425 479/486/424
f 471/467/401 213/494/432 474/495/403
f 484/496/433 220/490/428 480/472/410
f 215/497/434 472/465/404 211/474/412
f 485/498/435 214/492/430 474/464/403
f 473/451/390 217/489/427 476/482/420
f 488/499/436 225/500/437 485/498/435
f 486/501/438 213/494/432 475/477/415
f 1168/502/439 232/168/130 1169/167/129
f 226/503/440 474/495/403 213/494/432
f 487/504/441 216/179/140 476/482/420
f 227/505/442 475/477/415 215/497/434
f 476/482/420 222/506/443 487/504/441
f 491/507/444 222/506/443 481/488/426
f 489/508/445 226/503/440 486/501/438
f 221/509/446 477/476/414 218/485/423
f 490/510/447 228/205/165 487/504/441
f 223/511/448 478/484/422 219/487/425
f 224/512/449 479/486/424 220/490/428
f 492/513/450 221/509/446 482/491/429
f 225/500/437 480/472/410 214/492/430
f 493/514/451 223/511/448 483/493/431
f 481/488/426 234/515/452 491/507/444
f 494/516/453 224/512/449 484/496/433
f 235/517/454 482/491/429 223/511/448
f 501/518/455 233/519/456 491/507/444
f 236/520/457 483/493/431 224/512/449
f 495/521/458 234/515/452 492/513/450
f 230/522/459 484/496/433 225/500/437
f 496/523/460 235/517/454 493/514/451
f 485/524/435 229/525/461 488/526/436
f 497/527/462 236/520/457 494/516/453
f 489/508/445 227/505/442 231/528/463
f 498/529/464 230/522/459 488/499/436
f 487/504/441 233/519/456 490/510/447
f 499/530/465 229/525/461 489/508/445
f 103/212/172 1153/410/350 1154/276/234
f 241/531/466 488/526/436 229/525/461
f 500/532/467 232/168/130 490/510/447
f 489/508/445 231/528/463 43/533/468
f 508/534/469 240/535/470 498/529/464
f 490/510/447 244/536/471 500/532/467
f 504/537/472 244/536/471 501/518/455
f 502/538/473 241/531/466 499/530/465
f 61/170/132 355/215/175 318/169/131
f 238/539/474 491/507/444 234/515/452
f 503/540/475 243/138/101 500/532/467
f 237/541/476 492/513/450 235/517/454
f 239/542/477 493/514/451 236/520/457
f 505/543/478 238/539/474 495/521/458
f 240/535/470 494/516/453 230/522/459
f 506/544/479 237/541/476 496/523/460
f 250/545/480 495/521/458 237/541/476
f 507/546/481 239/542/477 497/527/462
f 251/547/482 496/523/460 239/542/477
f 515/548/483 249/549/484 505/543/478
f 252/550/485 497/527/462 240/535/470
f 509/551/486 250/545/480 506/544/479
f 246/552/487 498/553/464 241/531/466
f 510/554/488 251/547/482 507/546/481
f 245/555/489 499/530/465 242/556/490
f 511/557/491 252/550/485 508/534/469
f 500/532/467 248/558/492 503/540/475
f 514/559/493 248/558/492 504/537/472
f 512/560/494 246/552/487 502/538/473
f 501/518/455 249/549/484 504/537/472
f 259/242/200 503/540/475 513/561/495
f 258/562/496 502/538/473 245/555/489
f 513/561/495 248/558/492 260/563/497
f 263/564/498 514/559/493 517/565/499
f 257/566/500 253/567/501 44/568/502
f 259/242/200 1171/569/503 247/136/99
f 1176/332/287 279/570/504 289/331/286
f 504/537/472 261/571/505 514/559/493
f 262/340/294 513/561/495 516/572/506
f 255/573/507 505/543/478 250/545/480
f 254/574/508 506/544/479 251/547/482
f 264/575/509 515/548/483 518/576/510
f 256/577/511 507/546/481 252/550/485
f 265/578/512 509/551/486 519/579/513
f 257/566/500 508/580/469 246/552/487
f 266/581/514 510/554/488 520/582/515
f 519/579/513 254/574/508 266/581/514
f 521/583/516 256/577/511 511/557/491
f 267/584/517 510/554/488 256/577/511
f 271/585/518 519/579/513 522/586/519
f 511/587/491 257/566/500 44/568/502
f 270/588/520 520/582/515 523/589/521
f 512/560/494 45/590/522 253/567/501
f 275/591/523 517/565/499 526/592/524
f 524/593/525 267/584/517 521/583/516
f 516/572/506 260/563/497 263/564/498
f 1155/594/526 1184/595/527 1185/596/528
f 261/571/505 517/565/499 514/559/493
f 274/597/529 516/572/506 525/598/530
f 518/576/510 255/573/507 265/578/512
f 525/598/530 263/564/498 275/591/523
f 276/599/531 518/576/510 527/600/532
f 264/575/509 526/592/524 517/565/499
f 806/372/325 817/143/106 573/142/105
f 279/570/504 525/598/530 528/601/533
f 265/578/512 527/600/532 518/576/510
f 278/602/534 526/592/524 529/603/535
f 522/586/519 266/581/514 270/588/520
f 280/604/536 527/600/532 530/605/537
f 272/606/538 520/582/515 267/584/517
f 281/607/539 522/586/519 531/608/540
f 273/609/541 521/610/516 268/611/542
f 282/612/543 523/589/521 532/613/544
f 531/608/540 270/588/520 282/612/543
f 283/614/545 524/593/525 533/615/546
f 532/613/544 272/606/538 283/614/545
f 292/616/547 531/608/540 541/617/548
f 533/618/546 273/609/541 46/619/549
f 286/620/550 532/613/544 535/621/551
f 528/601/533 275/591/523 278/602/534
f 290/622/552 529/603/535 539/623/553
f 536/624/554 283/614/545 533/615/546
f 274/597/529 1175/625/555 1174/341/295
f 92/200/160 1152/626/556 1153/410/350
f 529/603/535 276/599/531 280/604/536
f 289/331/286 528/601/533 538/627/557
f 530/605/537 271/585/518 281/607/539
f 538/627/557 278/602/534 290/622/552
f 291/628/558 530/605/537 540/629/559
f 280/604/536 539/623/553 529/603/535
f 294/108/72 538/627/557 542/630/560
f 540/629/559 281/607/539 292/616/547
f 293/631/561 539/623/553 543/632/562
f 282/612/543 541/617/548 531/608/540
f 295/633/563 540/629/559 544/634/564
f 535/621/551 283/614/545 285/635/565
f 296/636/566 541/617/548 545/637/567
f 287/638/568 533/618/546 284/442/381
f 300/413/353 537/639/569 288/640/570
f 297/641/571 535/621/551 546/642/572
f 547/643/573 285/635/565 536/624/554
f 537/639/569 277/433/372 288/640/570
f 287/638/568 534/444/383 537/639/569
f 548/644/574 287/638/568 537/639/569
f 546/642/572 285/635/565 298/645/575
f 303/646/576 548/644/574 551/647/577
f 551/647/577 300/413/353 304/412/352
f 299/648/578 536/649/554 287/638/568
f 836/650/579 832/255/213 573/142/105
f 302/651/580 546/642/572 549/652/581
f 301/653/582 547/643/573 550/654/583
f 542/630/560 290/622/552 293/631/561
f 306/655/584 543/632/562 553/656/585
f 314/399/344 551/647/577 561/657/586
f 561/657/586 304/412/352 315/658/587
f 543/632/562 291/628/558 295/633/563
f 305/119/83 542/630/560 552/659/588
f 544/634/564 292/616/547 296/636/566
f 545/637/567 286/620/550 297/641/571
f 307/660/589 544/634/564 554/661/590
f 552/659/588 293/631/561 306/655/584
f 308/662/591 545/637/567 555/663/592
f 295/633/563 553/656/585 543/632/562
f 316/131/94 552/659/588 562/377/329
f 554/661/590 296/636/566 308/662/591
f 310/414/354 553/656/585 556/419/359
f 297/641/571 555/663/592 545/637/567
f 309/664/593 554/661/590 557/388/338
f 549/652/581 298/645/575 301/653/582
f 311/386/337 555/663/592 558/393/341
f 550/665/583 299/648/578 303/646/576
f 312/391/340 549/652/581 559/397/343
f 313/395/342 550/654/583 560/404/345
f 559/397/343 301/653/582 313/395/342
f 448/666/387 330/667/594 187/668/595
f 174/669/321 561/657/586 441/670/319
f 441/670/319 315/658/587 175/671/363
f 560/401/345 303/646/576 314/399/344
f 562/377/329 306/655/584 310/414/354
f 445/672/361 324/673/596 181/674/389
f 556/419/359 307/660/589 309/664/593
f 557/388/338 308/662/591 311/386/337
f 558/393/341 302/651/580 312/391/340
f 309/664/593 436/675/331 556/419/359
f 822/141/104 838/676/597 573/142/105
f 564/406/346 315/658/587 304/412/352
f 565/677/598 323/408/348 324/673/596
f 181/674/389 568/678/599 448/666/387
f 175/671/363 565/677/598 445/672/361
f 570/436/375 321/679/600 320/441/380
f 567/680/601 300/413/353 288/640/570
f 321/679/600 563/411/351 567/680/601
f 567/680/601 320/441/380 321/679/600
f 566/431/370 288/640/570 277/433/372
f 572/681/602 322/407/347 321/679/600
f 609/682/603 606/683/604 719/684/605
f 572/681/602 326/435/374 327/685/606
f 571/686/607 324/673/596 323/408/348
f 329/687/608 568/678/599 571/686/607
f 746/688/609 675/471/409 674/689/610
f 819/690/611 812/691/612 573/142/105
f 327/685/606 569/692/613 572/681/602
f 571/686/607 328/693/614 329/687/608
f 569/692/613 323/408/348 322/407/347
f 683/694/615 680/695/616 681/696/617
f 747/469/407 750/697/618 748/698/619
f 753/699/620 746/688/609 752/700/621
f 684/701/622 681/696/617 678/702/623
f 755/703/624 752/700/621 754/704/625
f 674/689/610 681/696/617 680/695/616
f 812/691/612 752/700/621 746/688/609
f 680/695/616 816/705/626 674/689/610
f 630/706/627 677/707/628 586/708/629
f 756/709/630 753/699/620 755/703/624
f 586/708/629 678/710/623 676/711/408
f 586/708/629 748/712/619 630/706/627
f 679/713/631 586/708/629 677/707/628
f 589/714/632 677/707/628 587/715/633
f 587/715/633 749/716/634 631/717/635
f 751/718/636 630/706/627 632/719/637
f 689/720/638 682/721/639 683/694/615
f 824/722/419 733/723/640 734/724/417
f 802/725/641 803/726/642 807/727/643
f 730/728/644 725/729/645 731/730/646
f 588/731/647 684/732/622 678/710/623
f 590/733/648 679/713/631 685/734/649
f 591/735/650 679/713/631 589/714/632
f 691/736/651 688/737/652 689/720/638
f 683/694/615 686/738/653 689/720/638
f 732/739/654 814/278/236 808/740/655
f 697/741/656 690/742/657 691/736/651
f 825/743/658 573/142/105 811/744/659
f 838/676/597 831/745/660 573/142/105
f 688/737/652 830/746/661 682/721/639
f 682/721/639 826/747/662 680/695/616
f 692/748/663 689/720/638 686/738/653
f 592/749/664 684/732/622 590/733/648
f 687/750/665 590/733/648 685/734/649
f 593/751/666 685/734/649 591/735/650
f 789/752/667 786/753/668 785/754/669
f 807/727/643 573/142/105 802/725/641
f 703/755/670 813/756/671 701/757/672
f 825/743/658 828/758/673 573/142/105
f 594/759/674 686/760/653 592/749/664
f 595/761/675 687/750/665 593/751/666
f 696/762/676 698/763/677 701/757/672
f 691/736/651 694/764/678 697/741/656
f 808/740/655 837/765/679 732/739/654
f 820/348/302 573/142/105 813/756/671
f 816/705/626 573/142/105 812/691/612
f 819/690/611 573/142/105 818/766/680
f 821/767/681 823/768/682 573/142/105
f 788/769/683 785/754/669 787/770/684
f 826/747/662 830/746/661 573/142/105
f 696/762/676 809/771/685 690/742/657
f 690/742/657 835/772/686 688/737/652
f 693/773/687 592/749/664 687/750/665
f 699/774/688 697/741/656 694/764/678
f 596/775/689 692/776/663 594/759/674
f 695/777/690 594/759/674 693/773/687
f 595/761/675 695/777/690 693/773/687
f 705/778/691 698/763/677 699/774/688
f 704/779/692 701/757/672 698/763/677
f 787/770/684 836/650/579 788/769/683
f 834/780/693 811/744/659 573/142/105
f 598/781/694 694/782/678 596/775/689
f 573/142/105 831/745/660 827/783/695
f 828/758/673 821/767/681 573/142/105
f 783/784/696 787/770/684 785/754/669
f 695/777/690 597/785/697 574/786/698
f 596/775/689 700/787/699 598/781/694
f 822/141/104 775/788/700 773/789/701
f 805/790/702 573/142/105 807/727/643
f 815/791/703 701/757/672 813/756/671
f 573/142/105 823/768/682 837/792/679
f 808/740/655 804/280/238 803/726/642
f 707/793/704 704/779/692 705/778/691
f 703/755/670 833/349/303 820/348/302
f 601/794/705 699/795/688 598/781/694
f 600/796/706 700/787/699 599/797/707
f 709/798/708 834/780/693 833/349/303
f 188/799/709 624/800/710 629/801/711
f 815/791/703 813/756/671 573/142/105
f 816/705/626 826/747/662 573/142/105
f 839/802/712 836/650/579 573/142/105
f 805/790/702 839/802/712 573/142/105
f 604/803/713 702/804/714 600/796/706
f 702/804/714 598/781/694 700/787/699
f 825/743/658 715/805/715 716/806/716
f 573/142/105 810/254/212 806/372/325
f 706/807/717 710/808/718 709/798/708
f 809/771/685 815/791/703 573/142/105
f 709/798/708 704/779/692 706/807/717
f 603/809/719 705/810/691 601/794/705
f 708/811/720 601/794/705 702/804/714
f 713/812/721 712/813/722 714/814/723
f 710/808/718 811/744/659 834/780/693
f 707/815/704 603/809/719 575/816/724
f 603/809/719 602/817/725 575/816/724
f 782/818/726 778/819/727 781/371/324
f 835/772/686 809/771/685 573/142/105
f 708/811/720 576/820/728 602/817/725
f 818/766/680 760/821/729 754/704/625
f 776/822/730 773/789/701 775/788/700
f 573/142/105 837/765/679 802/725/641
f 827/783/695 818/766/680 573/142/105
f 834/780/693 573/142/105 833/349/303
f 706/807/717 712/813/722 711/823/731
f 716/806/716 713/812/721 717/824/732
f 715/805/715 711/823/731 713/812/721
f 605/825/733 714/826/723 712/827/722
f 723/828/734 718/829/735 720/830/736
f 821/767/681 722/831/737 724/832/738
f 716/806/716 828/758/673 825/743/658
f 719/684/605 578/833/739 608/834/740
f 607/835/741 577/836/742 609/682/603
f 623/837/743 608/834/740 578/833/739
f 830/746/661 835/772/686 573/142/105
f 717/824/732 714/814/723 718/829/735
f 724/832/738 723/828/734 725/729/645
f 725/729/645 720/830/736 726/838/744
f 717/824/732 722/831/737 716/806/716
f 610/839/745 718/840/735 609/682/603
f 721/841/746 608/834/740 611/842/747
f 721/841/746 609/682/603 719/684/605
f 727/843/748 611/842/747 613/844/749
f 727/843/748 610/839/745 721/841/746
f 612/845/750 720/846/736 610/839/745
f 729/847/751 613/844/749 615/848/752
f 614/849/753 727/843/748 729/847/751
f 732/850/654 731/730/646 733/851/640
f 823/768/682 724/832/738 730/728/644
f 731/730/646 726/838/744 728/852/754
f 728/852/754 733/851/640 731/730/646
f 612/845/750 728/853/754 726/854/744
f 735/855/755 615/848/752 617/856/756
f 616/857/757 729/847/751 735/855/755
f 614/849/753 734/858/417 728/853/754
f 619/859/758 736/860/759 740/861/760
f 737/862/761 620/863/762 621/864/763
f 615/848/752 736/860/759 737/862/761
f 761/865/764 754/704/625 760/821/729
f 674/689/610 812/691/612 746/688/609
f 837/792/679 730/728/644 732/850/654
f 769/866/765 762/867/766 768/868/767
f 841/869/768 664/870/769 840/871/770
f 659/872/771 840/871/770 657/873/772
f 629/874/773 618/875/774 579/876/775
f 740/861/760 618/875/774 619/859/758
f 738/877/776 621/864/763 622/878/777
f 617/856/756 737/862/761 738/877/776
f 611/842/747 739/879/778 740/861/760
f 743/880/779 629/874/773 624/881/780
f 739/879/778 579/876/775 618/875/774
f 585/882/781 843/883/782 662/884/783
f 652/885/784 667/886/785 584/887/786
f 740/861/760 613/844/749 611/842/747
f 668/888/787 673/889/788 847/890/789
f 627/891/790 741/892/791 744/893/792
f 744/893/792 626/894/793 627/891/790
f 662/884/783 673/889/788 585/882/781
f 584/887/786 791/895/794 652/885/784
f 621/864/763 742/896/795 744/893/792
f 745/897/796 624/881/780 625/898/797
f 625/898/797 742/896/795 745/897/796
f 745/897/796 620/863/762 619/859/758
f 619/859/758 743/880/779 745/897/796
f 650/899/798 653/900/799 791/895/794
f 744/893/792 622/878/777 621/864/763
f 414/324/279 41/218/178 129/901/800
f 763/902/801 760/821/729 762/867/766
f 754/704/625 819/690/611 818/766/680
f 748/712/619 632/719/637 630/706/627
f 749/716/634 633/903/802 631/717/635
f 634/904/803 751/718/636 632/719/637
f 778/819/727 775/788/700 781/371/324
f 756/905/630 632/719/637 750/906/618
f 764/907/804 761/865/764 763/902/801
f 751/718/636 635/908/805 633/903/802
f 755/703/624 758/909/806 756/709/630
f 636/910/807 757/911/808 634/904/803
f 768/868/767 831/745/660 838/676/597
f 827/783/695 762/867/766 760/821/729
f 756/905/630 636/910/807 634/904/803
f 757/911/808 637/912/809 635/908/805
f 765/913/810 636/910/807 638/914/811
f 794/915/812 789/752/667 788/769/683
f 758/916/806 638/914/811 636/910/807
f 768/868/767 770/917/813 769/866/765
f 759/918/814 639/919/815 637/912/809
f 763/902/801 766/920/816 764/907/804
f 767/921/817 638/914/811 640/922/818
f 807/727/643 796/923/819 805/790/702
f 771/924/820 769/866/765 770/917/813
f 773/789/701 838/676/597 822/141/104
f 764/925/804 640/922/818 638/914/811
f 767/921/817 639/919/815 765/913/810
f 766/926/816 642/927/821 640/922/818
f 777/928/822 770/917/813 776/822/730
f 580/929/823 767/921/817 643/930/824
f 772/931/825 640/922/818 642/927/821
f 779/932/826 776/822/730 778/819/727
f 806/372/325 775/788/700 817/143/106
f 771/933/820 645/934/827 642/927/821
f 772/931/825 644/935/828 643/930/824
f 780/936/829 645/934/827 647/937/830
f 642/927/821 774/938/831 772/931/825
f 796/923/819 795/939/832 794/915/812
f 774/938/831 648/940/833 644/935/828
f 646/941/834 647/937/830 581/942/835
f 784/943/836 778/819/727 783/784/696
f 785/754/669 784/943/836 783/784/696
f 777/944/822 647/937/830 645/934/827
f 832/255/213 782/818/726 810/254/212
f 581/942/835 779/945/826 649/946/837
f 780/936/829 582/947/838 648/940/833
f 113/948/839 576/949/840 39/950/841
f 38/951/842 602/952/843 113/948/839
f 795/939/832 790/953/844 789/752/667
f 784/954/836 651/955/845 649/946/837
f 839/802/712 788/769/683 836/650/579
f 794/915/812 805/790/702 796/923/819
f 651/955/845 786/956/668 790/957/844
f 797/958/846 792/959/847 795/939/832
f 790/957/844 654/960/848 653/900/799
f 804/280/238 798/961/849 797/958/846
f 793/962/850 657/873/772 655/963/851
f 654/960/848 791/895/794 653/900/799
f 793/962/850 652/885/784 791/895/794
f 654/960/848 799/964/852 793/962/850
f 799/964/852 658/965/853 801/966/854
f 801/966/854 657/873/772 799/964/852
f 792/967/847 656/968/855 654/960/848
f 803/726/642 797/958/846 796/923/819
f 801/966/854 660/480/418 829/969/856
f 829/969/856 659/872/771 801/966/854
f 800/970/237 656/968/855 798/971/849
f 741/972/791 672/973/857 845/974/858
f 829/969/856 616/975/757 735/976/755
f 735/976/755 661/977/859 829/969/856
f 824/481/419 658/965/853 800/970/237
f 738/978/776 666/979/860 842/980/861
f 661/977/859 841/869/768 659/872/771
f 842/980/861 665/981/862 841/869/768
f 657/873/772 844/982/863 655/963/851
f 622/983/777 845/974/858 666/979/860
f 617/984/756 842/980/861 661/977/859
f 663/985/864 847/890/789 662/884/783
f 655/963/851 843/883/782 652/885/784
f 844/982/863 662/884/783 843/883/782
f 840/871/770 663/985/864 844/982/863
f 664/870/769 849/986/865 663/985/864
f 40/987/866 606/988/867 577/989/868
f 849/986/865 668/888/787 847/890/789
f 666/979/860 848/990/869 665/981/862
f 845/974/858 671/991/870 848/990/869
f 60/992/871 591/993/872 589/994/873
f 41/995/874 606/988/867 129/996/875
f 56/997/876 631/998/877 196/999/878
f 665/981/862 846/1000/879 664/870/769
f 848/990/869 670/1001/880 846/1000/879
f 846/1000/879 669/1002/881 849/986/865
f 211/1003/882 637/1004/883 215/1005/884
f 75/1006/885 591/993/872 71/1007/886
f 60/992/871 587/1008/887 56/997/876
f 75/1006/885 595/1009/888 593/1010/889
f 87/1011/890 597/1012/891 595/1009/888
f 128/1013/892 575/1014/893 38/951/842
f 128/1013/892 607/1015/894 605/1016/895
f 91/1017/896 574/1018/897 597/1012/891
f 44/1019/898 646/1020/899 581/1021/900
f 253/1022/901 582/1023/902 646/1020/899
f 186/1024/903 626/1025/904 185/1026/905
f 133/1027/906 577/989/868 607/1015/894
f 42/1028/907 623/1029/908 182/1030/909
f 41/995/874 623/1029/908 578/1031/910
f 184/1032/911 624/800/710 183/1033/912
f 185/1026/905 625/1034/913 184/1032/911
f 188/799/709 579/1035/914 42/1028/907
f 187/1036/915 627/1037/916 186/1024/903
f 200/1038/917 631/998/877 633/1039/918
f 970/1040/919 105/238/196 971/1041/920
f 227/1042/921 637/1004/883 639/1043/922
f 200/1038/917 635/1044/923 211/1003/882
f 46/1045/924 650/1046/925 269/1047/926
f 47/1048/927 650/1046/925 584/1049/928
f 227/1042/921 641/1050/929 231/1051/930
f 231/1051/930 580/1052/931 43/1053/932
f 268/1054/933 651/1055/934 273/1056/935
f 273/1056/935 583/1057/936 46/1045/924
f 268/1054/933 581/1021/900 649/1058/937
f 330/1059/938 671/1060/939 672/1061/940
f 327/1062/941 668/1063/942 669/1064/943
f 48/1065/944 667/1066/945 585/1067/946
f 47/1048/927 667/1066/945 325/1068/947
f 331/1069/948 668/1063/942 326/1070/949
f 331/1069/948 585/1067/946 673/1071/950
f 328/1072/951 669/1064/943 670/1073/952
f 329/1074/953 670/1073/952 671/1060/939
f 187/1075/915 672/1061/940 628/1076/954
f 864/1077/955 1036/1078/956 924/1079/957
f 851/1080/958 1000/1081/959 972/1082/960
f 978/1083/961 995/1084/962 977/1085/963
f 881/1086/964 1128/1087/965 941/1088/966
f 975/1089/967 995/1084/962 994/1090/968
f 995/1084/962 976/1091/969 977/1085/963
f 975/1089/967 882/1092/970 853/1093/971
f 974/1094/972 996/1095/973 995/1084/962
f 118/246/204 851/1080/958 972/1082/960
f 852/1096/974 996/1095/973 973/1097/975
f 976/1091/969 886/1098/976 997/1099/977
f 979/1100/978 998/1101/979 980/1102/980
f 996/1095/973 855/1103/981 976/1091/969
f 856/1104/982 997/1099/977 886/1098/976
f 998/1101/979 981/1105/983 980/1102/980
f 857/1106/984 999/1107/985 979/1100/978
f 974/1094/972 1008/1108/986 1007/1109/987
f 979/1100/978 887/1110/988 857/1106/984
f 977/1085/963 997/1099/977 998/1101/979
f 977/1085/963 999/1107/985 978/1083/961
f 978/1083/961 884/1111/989 854/1112/990
f 979/1100/978 1001/1113/991 1000/1081/959
f 1002/1114/992 980/1102/980 981/1105/983
f 1001/1113/991 970/1040/919 971/1041/920
f 1003/1115/993 986/1116/994 987/1117/995
f 883/1118/996 981/1105/983 856/1104/982
f 984/1119/997 1004/1120/998 1003/1115/993
f 1004/1120/998 985/1121/999 986/1116/994
f 1003/1115/993 859/1122/1000 984/1119/997
f 983/1123/1001 1005/1124/1002 1004/1120/998
f 987/1117/995 888/1125/1003 1003/1115/993
f 982/1126/1004 891/1127/1005 1005/1124/1002
f 861/1128/1006 1006/1129/1007 985/1121/999
f 1009/1130/1008 983/1123/1001 984/1119/997
f 1005/1124/1002 861/1128/1006 985/1121/999
f 973/1097/975 889/1131/1009 852/1096/974
f 1007/1109/987 973/1097/975 974/1094/972
f 975/1089/967 890/1132/1010 1008/1108/986
f 984/1119/997 892/1133/1011 1009/1130/1008
f 986/1116/994 1006/1129/1007 1007/1109/987
f 987/1117/995 1007/1109/987 1008/1108/986
f 860/1134/1012 1008/1108/986 890/1132/1010
f 990/1135/1013 1010/1136/1014 1009/1130/1008
f 1010/1136/1014 982/1126/1004 983/1123/1001
f 863/1137/1015 1009/1130/1008 892/1133/1011
f 989/1138/1016 1011/1139/1017 1010/1136/1014
f 988/1140/1018 893/1141/1019 1011/1139/1017
f 990/1135/1013 894/1142/1020 1012/1143/1021
f 1012/1143/1021 989/1138/1016 990/1135/1013
f 1011/1139/1017 858/1144/1022 982/1126/1004
f 993/1145/1023 1013/1146/1024 1012/1143/1021
f 1013/1146/1024 988/1140/1018 989/1138/1016
f 865/1147/1025 1012/1143/1021 894/1142/1020
f 992/1148/1026 1014/1149/1027 1013/1146/1024
f 864/1150/1028 1014/1149/1027 991/1151/1029
f 914/1152/1030 1039/1153/1031 942/1154/1032
f 1083/1155/1033 1127/1156/1034 1128/1087/965
f 988/1140/1018 895/1157/1035 862/1158/1036
f 911/1159/1037 1045/1160/1038 947/1161/1039
f 1085/1162/1040 1065/1163/1041 1084/1164/1042
f 1086/1165/1043 871/1166/1044 899/1167/1045
f 1060/1168/1046 245/555/489 242/556/490
f 896/1169/1047 1065/1163/1041 869/1170/1048
f 1066/1171/1049 1085/1162/1040 1067/1172/1050
f 870/1173/1051 1084/1164/1042 896/1169/1047
f 1064/1174/1052 1086/1165/1043 1063/1175/1053
f 1086/1165/1043 868/1176/1054 1063/1175/1053
f 1088/1177/1055 1068/1178/1056 1089/1179/1057
f 1066/1171/1049 900/1180/1058 871/1166/1044
f 1070/1181/1059 1089/1179/1057 1069/1182/1060
f 1097/1183/1061 1077/1184/1062 1098/1185/1063
f 1087/1186/1064 1067/1172/1050 1088/1177/1055
f 1068/1178/1056 898/1187/1065 1089/1179/1057
f 1071/1188/1066 1088/1177/1055 1070/1181/1059
f 873/1189/1067 1089/1179/1057 898/1187/1065
f 1091/1190/1068 1069/1182/1060 1090/1191/1069
f 1061/1192/1070 1090/1191/1069 1062/1193/1071
f 1070/1181/1059 1092/1194/1072 1071/1188/1066
f 1069/1182/1060 901/1195/1073 1090/1191/1069
f 1071/1188/1066 897/1196/1074 872/1197/1075
f 902/1198/1076 1077/1184/1062 1093/1199/1077
f 1076/1200/1078 1093/1199/1077 1077/1184/1062
f 1094/1201/1079 1074/1202/1080 1093/1199/1077
f 1095/1203/1081 877/1204/1082 905/1205/1083
f 1060/1168/1046 1091/1190/1068 1061/1192/1070
f 875/1206/1084 1093/1199/1077 1074/1202/1080
f 1075/1207/1085 1094/1201/1079 1076/1200/1078
f 1073/1208/1086 1095/1203/1081 1072/1209/1087
f 1072/1209/1087 905/1205/1083 874/1210/1088
f 1072/1209/1087 1100/1211/1089 1073/1208/1086
f 1096/1212/1090 877/1204/1082 1075/1207/1085
f 1064/1174/1052 1098/1185/1063 1065/1163/1041
f 1096/1212/1090 1076/1200/1078 1097/1183/1061
f 876/1213/1091 1098/1185/1063 1077/1184/1062
f 1096/1212/1090 1064/1174/1052 1063/1175/1053
f 1074/1202/1080 906/1214/1092 875/1206/1084
f 1065/1163/1041 904/1215/1093 869/1170/1048
f 1073/1208/1086 1099/1216/1094 1074/1202/1080
f 1100/1211/1089 1080/1217/1095 1099/1216/1094
f 1101/1218/1096 874/1210/1088 907/1219/1097
f 879/1220/1098 1099/1216/1094 1080/1217/1095
f 1079/1221/1099 1101/1218/1096 1078/1222/1100
f 1080/1217/1095 908/1223/1101 879/1220/1098
f 1078/1222/1100 907/1219/1097 878/1224/1102
f 1078/1222/1100 1103/1225/1103 1079/1221/1099
f 1103/1225/1103 1083/1226/1104 1102/1227/1105
f 909/1228/1106 1078/1222/1100 878/1224/1102
f 1079/1221/1099 1102/1227/1105 1080/1217/1095
f 881/1229/1107 1102/1227/1105 1083/1226/1104
f 1081/1230/1108 1103/1225/1103 1104/1231/1109
f 1024/1232/1110 1046/1233/1111 1025/1234/1112
f 1104/1231/1109 880/1235/1113 1081/1230/1108
f 1020/1236/1114 942/1154/1032 1039/1153/1031
f 1040/1237/1115 1023/1238/1116 1022/1239/1117
f 1020/1236/1114 1040/1237/1115 1019/1240/1118
f 1021/1241/1119 1040/1237/1115 1022/1239/1117
f 1019/1240/1118 1041/1242/1120 1018/1243/1121
f 912/1244/1122 1041/1242/1120 945/1245/1123
f 1021/1241/1119 946/1246/1124 915/1247/1125
f 915/1247/1125 1041/1242/1120 1021/1241/1119
f 1024/1232/1110 947/1161/1039 1045/1160/1038
f 917/1248/1126 1044/1249/1127 944/1250/1128
f 1022/1239/1117 1042/1251/1129 1021/1241/1119
f 1026/1252/1130 1043/1253/1131 1025/1234/1112
f 1029/1254/1132 952/1255/1133 919/1256/1134
f 1042/1251/1129 916/1257/1135 946/1246/1124
f 1024/1232/1110 1043/1253/1131 1044/1249/1127
f 1022/1239/1117 1044/1249/1127 1043/1253/1131
f 1023/1238/1116 944/1250/1128 1044/1249/1127
f 1025/1234/1112 1047/1258/1136 1026/1252/1130
f 1015/1259/1137 1046/1233/1111 1016/1260/1138
f 1047/1258/1136 910/1261/1139 943/1262/1140
f 1026/1252/1130 943/1262/1140 916/1257/1135
f 919/1256/1134 1048/1263/1141 1029/1254/1132
f 1032/1264/1142 948/1265/1143 920/1266/1144
f 1031/1267/1145 1048/1263/1141 1032/1264/1142
f 1029/1254/1132 1049/1268/1146 1028/1269/1147
f 1030/1270/1148 1049/1268/1146 1031/1267/1145
f 1028/1269/1147 1050/1271/1149 1027/1272/1150
f 1027/1272/1150 951/1273/1151 918/1274/1152
f 921/1275/1153 1051/1276/1154 949/1277/1155
f 921/1275/1153 1050/1271/1149 1030/1270/1148
f 923/1278/1156 1054/1279/1157 1035/1280/1158
f 1020/1236/1114 950/1281/1159 913/1282/1160
f 1031/1267/1145 1051/1276/1154 1030/1270/1148
f 1018/1243/1121 1052/1283/1161 1019/1240/1118
f 949/1277/1155 1018/1243/1121 912/1244/1122
f 1019/1240/1118 1053/1284/1162 1020/1236/1114
f 1032/1264/1142 1052/1283/1161 1031/1267/1145
f 920/1266/1144 1053/1284/1162 1032/1264/1142
f 1028/1269/1147 1054/1279/1157 1029/1254/1132
f 1035/1280/1158 1055/1285/1163 1034/1286/1164
f 1027/1272/1150 1055/1285/1163 1028/1269/1147
f 1034/1286/1164 1056/1287/1165 1033/1288/1166
f 1033/1288/1166 953/1289/1167 922/1290/1168
f 1035/1280/1158 954/1291/1169 923/1278/1156
f 918/1274/1152 1056/1287/1165 1027/1272/1150
f 925/1292/1170 1057/1293/1171 1038/1294/1172
f 1034/1286/1164 1057/1293/1171 1035/1280/1158
f 1038/1294/1172 1058/1295/1173 1037/1296/1174
f 1033/1288/1166 1058/1295/1173 1034/1286/1164
f 1037/1296/1174 1059/1297/1175 1036/1298/1176
f 924/1299/1177 1059/1297/1175 955/1300/1178
f 854/1301/1179 942/1302/1180 882/1303/1181
f 955/1300/1178 1033/1288/1166 922/1290/1168
f 866/1304/1182 242/556/490 43/533/468
f 956/1305/1183 1110/1306/1184 1129/1307/1185
f 1109/1308/1186 1131/1309/1187 1130/1310/1188
f 1130/1310/1188 1110/1306/1184 1109/1308/1186
f 1129/1307/1185 1112/1311/1189 1113/1312/1190
f 930/1313/1191 1129/1307/1185 1113/1312/1190
f 1111/1314/1192 1130/1310/1188 1131/1309/1187
f 1115/1315/1193 1134/1316/1194 1133/1317/1195
f 1133/1317/1195 1116/1318/1196 1115/1315/1193
f 960/1319/1197 1111/1314/1192 931/1320/1198
f 1131/1309/1187 931/1320/1198 1111/1314/1192
f 1109/1308/1186 1143/1321/1199 1142/1322/1200
f 958/1323/1201 1113/1312/1190 1134/1316/1194
f 1113/1312/1190 1133/1317/1195 1134/1316/1194
f 932/1324/1202 1132/1325/1203 960/1319/1197
f 933/1326/1204 1134/1316/1194 1114/1327/1205
f 1115/1315/1193 1137/1328/1206 1136/1329/1207
f 1136/1329/1207 1114/1327/1205 1115/1315/1193
f 1132/1325/1203 1112/1311/1189 1111/1314/1192
f 961/1330/1208 1114/1327/1205 1135/1331/1209
f 927/1332/1210 1135/1331/1209 1107/1333/1211
f 957/1334/1212 1116/1318/1196 932/1324/1202
f 1122/1335/1213 962/1336/1214 1138/1337/1215
f 935/1338/1216 1138/1337/1215 962/1336/1214
f 1118/1339/1217 1140/1340/1218 1139/1341/1219
f 1139/1341/1219 1119/1342/1220 1118/1339/1217
f 1138/1337/1215 1121/1343/1221 1122/1335/1213
f 1120/1344/1222 1139/1341/1219 1140/1340/1218
f 1119/1342/1220 966/1345/1223 1144/1346/1224
f 1109/1308/1186 1141/1347/1225 1108/1348/1226
f 1141/1347/1225 937/1349/1227 963/1350/1228
f 1140/1340/1218 937/1349/1227 1120/1344/1222
f 936/1351/1229 1143/1321/1199 964/1352/1230
f 1122/1335/1213 1142/1322/1200 1143/1321/1199
f 1108/1348/1226 963/1350/1228 928/1353/1231
f 1110/1306/1184 964/1352/1230 1143/1321/1199
f 1144/1346/1224 1118/1339/1217 1119/1342/1220
f 1141/1347/1225 1121/1343/1221 1120/1344/1222
f 1144/1346/1224 939/1354/1232 1125/1355/1233
f 1124/1356/1234 1146/1357/1235 1145/1358/1236
f 1145/1358/1236 1125/1355/1233 1124/1356/1234
f 1117/1359/1237 1145/1358/1236 1146/1357/1235
f 1125/1355/1233 968/1360/1238 1147/1361/1239
f 941/1362/1240 1147/1361/1239 968/1360/1238
f 1126/1363/1241 1148/1364/1242 1127/1365/1243
f 1148/1364/1242 1128/1366/1244 1127/1365/1243
f 1146/1357/1235 934/1367/1245 1117/1359/1237
f 1147/1361/1239 1124/1356/1234 1125/1355/1233
f 1123/1368/1246 1148/1364/1242 1149/1369/1247
f 853/1370/1248 942/1302/1180 913/1371/1249
f 883/1372/1250 916/1373/1251 943/1374/1252
f 857/1375/1253 944/1376/1254 884/1377/1255
f 883/1372/1250 910/1378/1256 850/1379/1257
f 884/1377/1255 914/1380/1258 854/1301/1179
f 852/1381/1259 945/1382/1260 885/1383/1261
f 855/1384/1262 945/1382/1260 915/1385/1263
f 886/1386/1264 915/1385/1263 946/1387/1265
f 856/1388/1266 946/1387/1265 916/1373/1251
f 857/1375/1253 947/1389/1267 917/1390/1268
f 887/1391/1269 911/1392/1270 947/1389/1267
f 888/1393/1271 920/1394/1272 948/1395/1273
f 859/1396/1274 948/1395/1273 919/1397/1275
f 861/1398/1276 949/1399/1277 889/1400/1278
f 889/1400/1278 912/1401/1279 852/1381/1259
f 853/1370/1248 950/1402/1280 890/1403/1281
f 860/1404/1282 950/1402/1280 920/1394/1272
f 891/1405/1283 918/1406/1284 951/1407/1285
f 891/1405/1283 921/1408/1286 861/1398/1276
f 892/1409/1287 919/1397/1275 952/1410/1288
f 863/1411/1289 952/1410/1288 923/1412/1290
f 893/1413/1291 922/1414/1292 953/1415/1293
f 858/1416/1294 953/1415/1293 918/1406/1284
f 894/1417/1295 923/1412/1290 954/1418/1296
f 971/1041/920 118/246/204 972/1082/960
f 991/1419/1297 1037/1420/1298 1036/1078/956
f 865/1421/1299 954/1418/1296 925/1422/1300
f 864/1077/955 955/1423/1301 895/1424/1302
f 895/1424/1302 922/1414/1292 862/1425/1303
f 956/1426/1304 870/1427/1305 896/1428/1306
f 869/1429/1307 956/1426/1304 896/1428/1306
f 897/1430/1308 932/1431/1309 872/1432/1310
f 958/1433/1311 873/1434/1312 898/1435/1313
f 930/1436/1314 898/1435/1313 870/1427/1305
f 959/1437/1315 868/1438/1316 899/1439/1317
f 871/1440/1318 959/1437/1315 899/1439/1317
f 900/1441/1319 931/1442/1320 871/1440/1318
f 872/1432/1310 960/1443/1321 900/1441/1319
f 873/1434/1312 961/1444/1322 901/1445/1323
f 902/1446/1324 936/1447/1325 876/1448/1326
f 875/1449/1327 962/1450/1328 902/1446/1324
f 963/1451/1329 877/1452/1330 903/1453/1331
f 928/1454/1332 903/1453/1331 868/1438/1316
f 964/1455/1333 869/1429/1307 904/1456/1334
f 876/1448/1326 964/1455/1333 904/1456/1334
f 905/1457/1335 934/1458/1336 874/1459/1337
f 937/1460/1338 905/1457/1335 877/1452/1330
f 906/1461/1339 935/1462/1340 875/1449/1327
f 879/1463/1341 966/1464/1342 906/1461/1339
f 907/1465/1343 938/1466/1344 878/1467/1345
f 874/1459/1337 967/1468/1346 907/1465/1343
f 908/1469/1347 939/1470/1348 879/1463/1341
f 880/1471/1349 1126/1472/1350 1081/1473/1351
f 1081/1473/1351 1127/1156/1034 1082/1474/1352
f 1123/1368/1246 969/1475/1353 938/1476/1354
f 1061/1192/1070 258/562/496 245/555/489
f 881/1086/964 968/1477/1355 908/1469/1347
f 969/1478/1356 880/1471/1349 909/1479/1357
f 909/1479/1357 938/1466/1344 969/1478/1356
f 993/1480/1358 1037/1420/1298 992/1481/1359
f 599/797/707 910/1261/1139 1015/1259/1137
f 574/1482/1360 850/1379/1257 910/1378/1256
f 865/1421/1299 1038/1483/1361 993/1480/1358
f 911/1159/1037 604/803/713 1017/1484/1362
f 39/950/841 911/1392/1270 851/1485/1363
f 604/803/713 1016/1260/1138 1017/1484/1362
f 600/796/706 1015/1259/1137 1016/1260/1138
f 850/1486/1364 102/1487/1365 970/1040/919
f 1016/1260/1138 1045/1160/1038 1017/1484/1362
f 1002/1114/992 850/1486/1364 970/1040/919
f 1000/1081/959 971/1041/920 972/1082/960
f 901/1445/1323 927/1488/1366 867/1489/1367
f 897/1430/1308 926/1490/1368 957/1491/1369
f 1149/1369/1247 940/1492/1370 969/1475/1353
f 967/1493/1371 1123/1368/1246 938/1476/1354
f 965/1494/1372 1117/1359/1237 934/1367/1245
f 1136/1329/1207 1105/1495/1373 1106/1496/1374
f 1135/1331/1209 1106/1496/1374 1107/1333/1211
f 1137/1328/1206 926/1497/1375 1105/1495/1373
f 1131/1309/1187 928/1353/1231 959/1498/1376
f 1063/1175/1053 903/1499/1377 1096/1212/1090
f 867/1500/1378 1090/1191/1069 901/1195/1073
f 866/1304/1182 1092/1194/1072 1060/1168/1046
f 872/1197/1075 1087/1186/1064 1071/1188/1066
f 927/1488/1366 45/1501/1379 867/1489/1367
f 648/940/833 927/1332/1210 1107/1333/1211
f 648/940/833 1106/1496/1374 644/935/828
f 258/562/496 867/1500/1378 45/590/522
f 644/935/828 1105/1495/1373 643/930/824
f 866/1502/1380 580/1503/1381 926/1490/1368
f 1105/1495/1373 580/929/823 643/930/824
f 154/316/272 1162/1504/1382 165/333/288
f 1176/332/287 1207/1505/1383 1206/1506/1384
f 1175/625/555 1206/1506/1384 1205/1507/1385
f 1182/1508/1386 1153/410/350 1152/626/556
f 1194/117/81 355/215/175 1164/118/82
f 1191/1509/1387 1160/252/210 1190/1510/1388
f 1157/129/92 1188/1511/1389 1158/203/163
f 1162/1504/1382 1193/1512/1390 1163/334/95
f 1174/341/295 1205/1507/1385 1204/1513/1391
f 1171/569/503 1200/1514/1392 1170/137/100
f 1150/277/235 319/1515/1393 1180/1516/1394
f 1173/243/201 1204/1513/1391 1203/1517/1395
f 1172/244/202 1201/1518/1396 1171/569/503
f 1166/180/141 1195/1519/1397 1165/116/80
f 1168/502/439 1197/1520/1398 1167/206/166
f 1170/137/100 1199/1521/1399 1169/167/129
f 1186/1522/1400 1155/594/526 1185/596/528
f 1172/244/202 1203/1517/1395 1202/1523/1401
f 1169/167/129 1198/1524/1402 1168/502/439
f 1179/120/84 1193/1525/1390 1209/1526/1403
f 1208/1527/1404 1177/110/74 1178/109/73
f 1156/305/261 1187/1528/1405 1157/129/92
f 1151/121/85 1180/1516/1394 1181/1529/1406
f 1189/1530/1407 1188/1511/1389 1210/1531/1408
f 1178/109/73 1209/1526/1403 1208/1527/1404
f 1152/626/556 1181/1529/1406 1182/1508/1386
f 317/1532/1409 318/169/131 355/215/175
f 1161/415/355 1192/1533/1410 1162/1504/1382
f 1158/203/163 1189/1530/1407 1159/466/405
f 1159/466/405 1190/1510/1388 1160/252/210
f 1182/1508/1386 1181/1529/1406 1210/1531/1408
f 317/1532/1409 1210/1531/1408 319/1515/1393
f 1181/1529/1406 1180/1516/1394 1210/1531/1408
f 1201/1518/1396 1210/1531/1408 1200/1514/1392
f 1198/1524/1402 1210/1531/1408 1197/1520/1398
f 1208/1527/1404 1210/1531/1408 1207/1505/1383
f 319/1515/1393 1210/1531/1408 1180/1516/1394
f 1209/1526/1403 1193/1525/1390 1210/1531/1408
f 1210/1531/1408 1185/596/528 1184/595/527
f 1206/1506/1384 1210/1531/1408 1205/1507/1385
f 1198/1524/1402 1199/1521/1399 1210/1531/1408
f 1194/117/81 1195/1519/1397 1210/1531/1408
f 1190/1510/1388 1210/1531/1408 1191/1509/1387
f 1203/1517/1395 1204/1513/1391 1210/1531/1408
f 1206/1506/1384 1207/1505/1383 1210/1531/1408
f 1210/1531/1408 1196/286/244 1197/1520/1398
f 1187/1528/1405 1186/1522/1400 1210/1531/1408
f 1188/1511/1389 1187/1528/1405 1210/1531/1408
f 1194/117/81 1210/1531/1408 317/1532/1409
f 1186/1522/1400 1185/596/528 1210/1531/1408
f 1195/1519/1397 1196/286/244 1210/1531/1408
f 1184/595/527 1183/409/349 1210/1531/1408
f 1202/1523/1401 1203/1517/1395 1210/1531/1408
f 1208/1527/1404 1209/1526/1403 1210/1531/1408
f 1210/1531/1408 1204/1513/1391 1205/1507/1385
f 1190/1510/1388 1189/1530/1407 1210/1531/1408
f 1193/1512/1390 1192/1533/1410 1210/1531/1408
f 1210/1531/1408 1183/409/349 1182/1508/1386
f 1201/1518/1396 1202/1523/1401 1210/1531/1408
f 1192/1533/1410 1191/1509/1387 1210/1531/1408
f 1199/1521/1399 1200/1514/1392 1210/1531/1408
f 332/107/71 190/66/33 50/105/69
f 144/325/280 129/901/800 40/301/257
f 994/1090/968 854/1112/990 882/1092/970
f 1067/1172/1050 1084/1164/1042 1068/1178/1056
f 678/702/623 675/471/409 676/470/408
f 1219/1534/1411 1213/1535/1412 1220/1536/1413
f 1226/1537/1414 1232/1538/1415 1227/1539/1416
f 1229/1540/1417 1223/1541/1418 1228/1542/1419
f 1212/1543/1420 1220/1536/1413 1213/1535/1412
f 1217/1544/1421 1215/1545/1422 1218/1546/1423
f 1230/1547/1424 1224/1548/1425 1229/1540/1417
f 1211/1549/1426 1221/1550/1427 1212/1543/1420
f 1214/1551/1428 1218/1546/1423 1215/1545/1422
f 1231/1552/1429 1225/1553/1430 1230/1547/1424
f 1253/1554/1431 1248/1555/1432 1249/1556/1433
f 1269/1557/1434 1235/1558/1435 1264/1559/1434
f 1263/1560/1434 1233/1561/1434 1269/1557/1434
f 1266/1562/1436 1216/1563/1437 1217/1544/1421
f 1268/1564/1438 1265/1565/1439 1266/1562/1436
f 1235/1558/1435 1267/1566/1440 1268/1564/1438
f 1239/1567/1441 1245/1568/1442 1246/1569/1443
f 1232/1538/1415 1252/1570/1444 1227/1539/1416
f 1254/1571/1445 1249/1556/1433 1250/1572/1446
f 1238/1573/1447 1246/1569/1443 1247/1574/1448
f 1241/1575/1449 1243/1576/1450 1244/1577/1451
f 1255/1578/1452 1250/1572/1446 1251/1579/1453
f 1237/1580/1454 1247/1574/1448 1248/1555/1432
f 1240/1581/1455 1244/1577/1451 1245/1568/1442
f 1256/1582/1456 1251/1579/1453 1252/1570/1444
f 1259/1583/1457 1278/1584/1458 1273/1585/1458
f 1296/1586/1459 1290/1587/1460 1291/1588/1461
f 1273/1585/1458 1278/1584/1458 1271/1589/1458
f 1275/1590/1462 1242/1591/1463 1274/1592/1464
f 1277/1593/1465 1274/1592/1464 1276/1594/1466
f 1259/1583/1457 1276/1594/1466 1260/1595/1467
f 1281/1596/1468 1287/1597/1469 1288/1598/1470
f 1300/1599/1471 1294/1600/1472 1295/1601/1473
f 1297/1602/1474 1291/1588/1461 1292/1603/1475
f 1280/1604/1476 1288/1598/1470 1289/1605/1477
f 1283/1606/1478 1285/1607/1479 1286/1608/1480
f 1298/1609/1481 1292/1603/1475 1293/1610/1482
f 1279/1611/1483 1289/1605/1477 1290/1587/1460
f 1282/1612/1484 1286/1608/1480 1287/1597/1469
f 1299/1613/1485 1293/1610/1482 1294/1600/1472
f 1316/1614/1486 1321/1615/1487 1317/1616/1488
f 1332/1617/1489 1304/1618/1490 1337/1619/1489
f 1337/1619/1489 1301/1620/1489 1331/1621/1489
f 1334/1622/1491 1284/1623/1492 1333/1624/1493
f 1333/1624/1493 1336/1625/1494 1334/1622/1491
f 1303/1626/1495 1335/1627/1496 1304/1618/1490
f 1313/1628/1497 1307/1629/1498 1314/1630/1499
f 1320/1631/1500 1300/1599/1471 1295/1601/1473
f 1322/1632/1501 1317/1616/1488 1321/1615/1487
f 1306/1633/1502 1314/1630/1499 1307/1629/1498
f 1311/1634/1503 1309/1635/1504 1312/1636/1505
f 1323/1637/1506 1318/1638/1507 1322/1632/1501
f 1305/1639/1508 1315/1640/1509 1306/1633/1502
f 1308/1641/1510 1312/1636/1505 1309/1635/1504
f 1324/1642/1511 1319/1643/1512 1323/1637/1506
f 1341/1644/1513 1328/1645/1514 1327/1646/1515
f 1212/1647/1516 1279/1648/1517 1211/1649/1518
f 1211/1649/1518 1296/1650/1519 1228/1651/1520
f 1341/1644/1513 1326/1652/1513 1338/1653/1513
f 1343/1654/1521 1310/1655/1522 1311/1634/1503
f 1345/1656/1523 1342/1657/1524 1343/1654/1521
f 1327/1646/1515 1344/1658/1525 1345/1656/1523
f 1212/1647/1516 1281/1659/1526 1280/1660/1527
f 1213/1661/1528 1282/1662/1529 1281/1659/1526
f 1214/1663/1530 1283/1664/1531 1282/1662/1529
f 1215/1665/1532 1284/1666/1533 1283/1664/1531
f 1219/1667/1534 1288/1668/1535 1287/1669/1536
f 1217/1670/1537 1286/1671/1538 1285/1672/1539
f 1218/1673/1540 1287/1669/1536 1286/1671/1538
f 1220/1674/1541 1289/1675/1542 1288/1668/1535
f 1235/1676/1543 1332/1677/1544 1264/1678/1544
f 1221/1679/1545 1290/1680/1546 1289/1675/1542
f 1223/1681/1547 1290/1680/1546 1222/1682/1548
f 1223/1681/1547 1292/1683/1549 1291/1684/1550
f 1224/1685/1551 1293/1686/1552 1292/1683/1549
f 1226/1687/1553 1293/1686/1552 1225/1688/1554
f 1227/1689/1555 1294/1690/1556 1226/1687/1553
f 1229/1691/1557 1296/1650/1519 1297/1692/1558
f 1229/1691/1557 1298/1693/1559 1230/1694/1560
f 1231/1695/1561 1298/1693/1559 1299/1696/1562
f 1231/1695/1561 1300/1697/1563 1232/1698/1564
f 1237/1699/1565 1321/1700/1566 1305/1701/1567
f 1238/1702/1568 1305/1701/1567 1306/1703/1569
f 1234/1704/1570 1329/1705/1571 1261/1706/1571
f 1262/1707/1572 1329/1705/1571 1330/1708/1572
f 1263/1709/1573 1330/1710/1572 1331/1711/1573
f 1263/1709/1573 1301/1712/1574 1233/1713/1574
f 1234/1704/1570 1332/1677/1544 1302/1714/1575
f 1333/1715/1576 1216/1716/1577 1265/1717/1578
f 1285/1672/1539 1266/1718/1579 1217/1670/1537
f 1236/1719/1580 1335/1720/1581 1267/1721/1582
f 1267/1721/1582 1333/1715/1576 1265/1717/1578
f 1334/1722/1583 1268/1723/1584 1266/1718/1579
f 1268/1723/1584 1303/1724/1585 1235/1676/1543
f 1233/1713/1574 1337/1725/1586 1269/1726/1586
f 1269/1726/1586 1304/1727/1587 1236/1719/1580
f 1241/1728/1588 1310/1729/1589 1242/1730/1590
f 1238/1702/1568 1307/1731/1591 1239/1732/1592
f 1239/1732/1592 1308/1733/1593 1240/1734/1594
f 1240/1734/1594 1309/1735/1595 1241/1728/1588
f 1245/1736/1596 1314/1737/1597 1246/1738/1598
f 1243/1739/1599 1312/1740/1600 1244/1741/1601
f 1244/1741/1601 1313/1742/1602 1245/1736/1596
f 1246/1738/1598 1315/1743/1603 1247/1744/1604
f 1259/1745/1605 1341/1746/1606 1327/1747/1607
f 1247/1744/1604 1316/1748/1608 1248/1749/1609
f 1249/1750/1610 1316/1748/1608 1317/1751/1611
f 1249/1750/1610 1318/1752/1612 1250/1753/1613
f 1250/1753/1613 1319/1754/1614 1251/1755/1615
f 1252/1756/1616 1319/1754/1614 1320/1757/1617
f 1227/1689/1555 1320/1757/1617 1295/1758/1618
f 1254/1759/1619 1321/1700/1566 1253/1760/1620
f 1254/1759/1619 1323/1761/1621 1322/1762/1622
f 1256/1763/1623 1323/1761/1621 1255/1764/1624
f 1256/1763/1623 1300/1697/1563 1324/1765/1625
f 1258/1766/1626 1338/1767/1627 1326/1768/1626
f 1271/1769/1628 1338/1767/1627 1270/1770/1627
f 1271/1771/1628 1340/1772/1629 1339/1773/1628
f 1257/1774/1630 1340/1772/1629 1272/1775/1629
f 1273/1776/1606 1326/1768/1626 1341/1746/1606
f 1242/1730/1590 1342/1777/1631 1274/1778/1632
f 1275/1779/1633 1311/1780/1634 1243/1739/1599
f 1260/1781/1635 1344/1782/1636 1328/1783/1637
f 1276/1784/1638 1342/1777/1631 1344/1782/1636
f 1277/1785/1639 1343/1786/1640 1275/1779/1633
f 1277/1785/1639 1327/1747/1607 1345/1787/1641
f 1278/1788/1642 1325/1789/1630 1257/1774/1630
f 1278/1788/1642 1328/1783/1637 1346/1790/1642
f 1222/1791/1643 1228/1542/1419 1223/1541/1418
f 1426/1792/1644 1381/1793/1645 1380/1794/1646
f 1393/1795/1647 1397/1796/1648 1488/1797/1649
f 1458/1798/1650 1465/1799/1651 1464/1800/1651
f 1398/1801/1652 1461/1802/1653 1412/1803/1654
f 1389/1804/1655 1461/1805/1650 1458/1798/1650
f 1399/1806/1656 1432/1807/1657 1431/1808/1658
f 1448/1809/1659 1429/1810/1660 1447/1811/1661
f 1422/1812/1662 1375/1813/1663 1478/1814/1664
f 1427/1815/1665 1382/1816/1666 1381/1793/1645
f 1487/1817/1667 1349/1818/1668 1392/1819/1669
f 1380/1820/1670 1385/1821/1671 1349/1818/1668
f 1487/1817/1667 1378/1822/1672 1379/1823/1673
f 1386/1824/1674 1382/1825/1675 1383/1826/1676
f 1472/1827/1677 1463/1828/1678 1460/1829/1679
f 1428/1830/1680 1383/1831/1681 1382/1816/1666
f 1355/1832/1682 1363/1833/1683 1347/1834/1684
f 1396/1835/1685 1393/1795/1647 1488/1797/1649
f 1383/1831/1681 1430/1836/1686 1384/1837/1687
f 1419/1838/1688 1416/1839/1689 1360/1840/1690
f 1388/1841/1691 1381/1842/1692 1382/1825/1675
f 1443/1843/1693 1426/1844/1694 1425/1845/1695
f 1378/1846/1696 1425/1847/1697 1379/1848/1698
f 1437/1849/1699 1456/1850/1700 1455/1851/1701
f 1485/1852/1702 1378/1822/1672 1486/1853/1703
f 1390/1854/1704 1380/1820/1670 1381/1842/1692
f 1348/1855/1705 1384/1856/1706 1363/1857/1707
f 1478/1814/1664 1459/1858/1708 1471/1859/1709
f 1458/1860/1710 1375/1861/1711 1389/1862/1712
f 1462/1863/1713 1467/1864/1714 1469/1865/1715
f 1414/1866/1716 1348/1867/1717 1356/1868/1717
f 1422/1869/1718 1477/1870/1719 1440/1871/1720
f 1357/1872/1721 1385/1873/1722 1408/1874/1722
f 1449/1875/1723 1441/1876/1724 1440/1877/1723
f 1451/1878/1725 1441/1876/1724 1450/1879/1724
f 1356/1880/1726 1363/1881/1726 1364/1882/1726
f 1485/1852/1702 1394/1883/1727 1350/1884/1728
f 1391/1885/1729 1383/1826/1676 1384/1856/1706
f 1392/1886/1730 1359/1887/1731 1351/1888/1731
f 1379/1848/1698 1426/1792/1644 1380/1794/1646
f 1406/1889/1732 1414/1890/1733 1407/1891/1734
f 1358/1892/1735 1394/1893/1736 1417/1894/1736
f 1474/1895/1737 1483/1896/1738 1475/1897/1739
f 1441/1898/1740 1424/1899/1741 1423/1900/1742
f 1360/1901/1743 1394/1893/1736 1352/1902/1743
f 1472/1903/1744 1482/1904/1745 1474/1895/1737
f 1468/1905/1746 1368/1906/1747 1466/1907/1748
f 1389/1862/1712 1376/1908/1749 1387/1909/1750
f 1362/1910/1751 1396/1911/1752 1354/1912/1751
f 1449/1875/1723 1477/1913/1753 1470/1914/1753
f 1415/1915/1730 1349/1916/1721 1357/1872/1721
f 1412/1803/1654 1399/1917/1754 1398/1801/1652
f 1367/1918/1755 1466/1919/1756 1368/1920/1755
f 1420/1921/1757 1353/1922/1758 1397/1923/1757
f 1489/1924/1759 1358/1925/1760 1417/1926/1761
f 1350/1884/1728 1387/1909/1750 1376/1908/1749
f 1423/1927/1762 1376/1928/1763 1422/1812/1662
f 1403/1929/1764 1413/1930/1765 1404/1931/1766
f 1395/1932/1767 1397/1796/1648 1353/1933/1768
f 1404/1931/1766 1411/1934/1769 1405/1935/1770
f 1395/1932/1767 1396/1835/1685 1488/1797/1649
f 1347/1834/1684 1384/1837/1687 1430/1836/1686
f 1436/1936/1771 1405/1937/1772 1437/1938/1773
f 1466/1919/1756 1464/1800/1651 1465/1799/1651
f 1489/1924/1759 1401/1939/1774 1400/1940/1775
f 1399/1917/1754 1410/1941/1776 1358/1925/1760
f 1434/1942/1777 1401/1943/1778 1402/1944/1779
f 1377/1945/1780 1424/1946/1781 1378/1846/1696
f 1489/1924/1759 1360/1840/1690 1490/1947/1782
f 1437/1938/1773 1406/1948/1783 1438/1949/1784
f 1439/1950/1785 1406/1948/1783 1407/1951/1786
f 1420/1952/1787 1416/1839/1689 1492/1953/1788
f 1435/1954/1789 1404/1955/1790 1436/1936/1771
f 1435/1954/1789 1402/1944/1779 1403/1956/1791
f 1352/1957/1792 1485/1852/1702 1486/1853/1703
f 1447/1811/1661 1428/1958/1793 1446/1959/1794
f 1471/1859/1709 1462/1960/1795 1473/1961/1796
f 1479/1962/1797 1478/1963/1798 1471/1964/1799
f 1405/1935/1770 1409/1965/1800 1406/1889/1732
f 1464/1966/1801 1459/1967/1802 1458/1860/1710
f 1355/1832/1682 1407/1951/1786 1364/1968/1803
f 1403/1929/1764 1357/1969/1804 1408/1970/1805
f 1421/1971/1806 1460/1829/1679 1398/1972/1807
f 1445/1973/1808 1455/1974/1809 1446/1975/1809
f 1354/1976/1810 1418/1977/1811 1362/1978/1810
f 1449/1979/1812 1432/1980/1813 1450/1981/1814
f 1407/1891/1734 1356/1982/1815 1364/1983/1816
f 1480/1984/1817 1421/1985/1818 1470/1986/1819
f 1401/1939/1774 1491/1987/1820 1402/1988/1821
f 1433/1989/1822 1450/1981/1814 1432/1980/1813
f 1411/1990/1823 1386/1991/1824 1409/1992/1824
f 1490/1947/1782 1359/1993/1825 1491/1987/1820
f 1457/1994/1826 1438/1995/1827 1439/1996/1828
f 1431/1808/1658 1398/1972/1807 1399/1806/1656
f 1452/1997/1829 1435/1998/1830 1453/1999/1831
f 1470/1986/1819 1431/2000/1832 1449/1979/1812
f 1418/2001/1833 1419/1838/1688 1362/2002/1834
f 1418/2001/1833 1420/1952/1787 1492/1953/1788
f 1411/1990/1823 1390/2003/1835 1388/2004/1823
f 1468/2005/1836 1370/2006/1837 1372/2007/1838
f 1483/2008/1839 1373/2009/1840 1374/2010/1840
f 1440/1871/1720 1423/1900/1742 1422/1869/1718
f 1413/2011/1835 1385/1873/1722 1390/2003/1835
f 1358/1892/1735 1387/2012/1841 1350/2013/1735
f 1480/2014/1842 1481/2015/1843 1482/2016/1843
f 1400/2017/1844 1433/2018/1845 1432/1807/1657
f 1445/2019/1846 1426/1844/1694 1444/2020/1847
f 1455/1851/1701 1436/2021/1848 1437/1849/1699
f 1484/2022/1849 1473/2023/1850 1476/2024/1851
f 1454/2025/1852 1435/1998/1830 1436/2021/1848
f 1365/2026/1853 1430/2027/1854 1448/1809/1659
f 1446/1959/1794 1427/2028/1855 1445/2019/1846
f 1425/1845/1695 1442/2029/1856 1443/1843/1693
f 1443/2030/1857 1451/1878/1725 1452/2031/1857
f 1409/1992/1824 1391/2032/1716 1414/1866/1716
f 1469/1865/1715 1367/2033/1858 1371/2034/1859
f 1347/2035/1860 1366/2036/1860 1355/2037/1860
f 1412/2038/1655 1387/2012/1841 1410/2039/1841
f 1463/1828/1678 1475/2040/1861 1468/2005/1836
f 1481/2041/1862 1471/1964/1799 1473/2023/1850
f 1460/2042/1863 1465/2043/1864 1461/1802/1653
f 1369/2044/1865 1372/2007/1838 1370/2006/1837
f 1475/1897/1739 1374/2045/1866 1370/2046/1867
f 1479/2047/1842 1470/1914/1753 1477/1913/1753
f 1366/2048/1868 1439/1996/1828 1355/2049/1869
f 1434/2050/1870 1451/2051/1871 1433/1989/1822
f 1444/2052/1872 1452/2031/1857 1453/2053/1872
f 1466/1907/1748 1463/2054/1873 1468/1905/1746
f 1448/2055/1874 1366/2036/1875 1365/2056/1875
f 1454/2057/1808 1444/2052/1872 1453/2053/1872
f 1447/2058/1876 1457/2059/1874 1448/2055/1874
f 1372/2060/1877 1367/2061/1877 1368/2062/1877
f 1351/1888/1731 1420/1921/1757 1397/1923/1757
f 1469/2063/1878 1369/2044/1865 1476/2064/1879
f 1446/1975/1809 1456/2065/1876 1447/2058/1876
f 1483/2008/1839 1481/2015/1843 1484/2066/1839
f 1373/2067/1880 1476/2024/1851 1369/2068/1881
f 1476/2064/1879 1462/1960/1795 1469/2063/1878
f 1418/1977/1811 1353/2069/1882 1361/2070/1883
f 1370/2071/1884 1373/2009/1884 1369/2072/1884
f 1415/2073/1885 1357/1969/1804 1491/1987/1820
f 1351/2074/1886 1486/1853/1703 1487/1817/1667
f 1379/1823/1673 1349/1818/1668 1487/1817/1667
f 1350/1884/1728 1377/2075/1887 1485/1852/1702
f 1400/1940/1775 1358/1925/1760 1489/1924/1759
f 1402/1988/1821 1357/1969/1804 1403/1929/1764
f 1564/2076/1888 1507/2077/1889 1514/2078/1890
f 1520/2079/1891 1500/2080/1892 1540/2081/1893
f 1540/2081/1893 1499/2082/1894 1538/2083/1895
f 1529/2084/1896 1498/2085/1897 1495/2086/1898
f 1532/2087/1899 1497/2088/1900 1498/2085/1897
f 1589/2089/1901 1499/2082/1894 1502/2090/1902
f 1553/2091/1903 1510/2092/1904 1554/2093/1905
f 1591/2094/1906 1580/2095/1907 1579/2096/1908
f 1494/2097/1909 1562/2098/1910 1513/2099/1911
f 1514/2078/1890 1562/2098/1910 1564/2076/1888
f 1555/2100/1912 1496/2101/1913 1511/2102/1914
f 1555/2100/1912 1512/2103/1915 1556/2104/1916
f 1530/2105/1917 1495/2086/1898 1496/2101/1913
f 1568/2106/1918 1516/2107/1919 1515/2108/1920
f 1582/2109/1921 1593/2110/1922 1594/2111/1923
f 1546/2112/1924 1515/2108/1920 1508/2113/1925
f 1556/2104/1916 1509/2114/1926 1553/2091/1903
f 1577/2115/1927 1518/2116/1928 1578/2117/1929
f 1570/2118/1930 1595/2119/1931 1516/2107/1919
f 1584/2120/1932 1595/2119/1931 1583/2121/1933
f 1582/2109/1921 1596/2122/1934 1584/2120/1932
f 1554/2093/1905 1517/2123/1935 1577/2115/1927
f 1529/2124/1936 1527/2125/1937 1528/2126/1938
f 1520/2079/1891 1494/2097/1909 1493/2127/1939
f 1521/2128/1940 1520/2129/1941 1519/2130/1942
f 1521/2128/1940 1524/2131/1943 1523/2132/1944
f 1497/2088/1900 1585/2133/1945 1506/2134/1946
f 1561/2135/1947 1523/2132/1944 1566/2136/1948
f 1534/2137/1949 1524/2131/1943 1541/2138/1950
f 1585/2139/1951 1536/2140/1952 1586/2141/1953
f 1532/2142/1954 1528/2126/1938 1535/2143/1955
f 1508/2113/1925 1544/2144/1956 1546/2112/1924
f 1535/2143/1955 1531/2145/1957 1532/2142/1954
f 1519/2130/1942 1540/2146/1958 1539/2147/1959
f 1535/2143/1955 1525/2148/1960 1534/2137/1949
f 1587/2149/1961 1542/2150/1962 1588/2151/1963
f 1539/2147/1959 1538/2152/1964 1537/2153/1965
f 1553/2154/1966 1551/2155/1967 1552/2156/1968
f 1589/2157/1969 1537/2153/1965 1538/2152/1964
f 1526/2158/1970 1528/2126/1938 1527/2125/1937
f 1557/2159/1971 1527/2125/1937 1560/2160/1972
f 1541/2138/1950 1533/2161/1973 1534/2137/1949
f 1541/2138/1950 1537/2153/1965 1542/2150/1962
f 1581/2162/1974 1592/2163/1975 1593/2110/1922
f 1587/2164/1976 1505/2165/1977 1586/2166/1978
f 1586/2166/1978 1506/2167/1979 1585/2168/1980
f 1533/2161/1973 1586/2141/1953 1536/2140/1952
f 1542/2150/1962 1590/2169/1981 1588/2151/1963
f 1534/2137/1949 1536/2140/1952 1535/2143/1955
f 1501/2170/1982 1588/2171/1983 1590/2172/1984
f 1527/2125/1937 1555/2173/1985 1560/2160/1972
f 1588/2171/1983 1504/2174/1986 1587/2164/1976
f 1590/2172/1984 1502/2175/1987 1501/2170/1982
f 1546/2176/1988 1543/2177/1989 1545/2178/1990
f 1545/2178/1990 1548/2179/1991 1547/2180/1992
f 1567/2181/1993 1547/2180/1992 1572/2182/1994
f 1558/2183/1995 1548/2179/1991 1565/2184/1996
f 1576/2185/1997 1554/2186/1998 1577/2187/1999
f 1556/2188/2000 1552/2156/1968 1559/2189/2001
f 1556/2188/2000 1560/2160/1972 1555/2173/1985
f 1566/2136/1948 1526/2158/1970 1557/2159/1971
f 1563/2190/2002 1544/2191/2003 1564/2192/2004
f 1559/2189/2001 1549/2193/2005 1558/2183/1995
f 1558/2183/1995 1560/2160/1972 1559/2189/2001
f 1524/2131/1943 1539/2147/1959 1541/2138/1950
f 1525/2148/1960 1523/2132/1944 1524/2131/1943
f 1564/2192/2004 1561/2135/1947 1563/2190/2002
f 1550/2194/2006 1552/2156/1968 1551/2155/1967
f 1573/2195/2007 1551/2155/1967 1576/2185/1997
f 1565/2184/1996 1557/2159/1971 1558/2183/1995
f 1562/2196/2008 1521/2128/1940 1561/2135/1947
f 1563/2190/2002 1566/2136/1948 1565/2184/1996
f 1570/2197/2009 1567/2181/1993 1569/2198/2010
f 1584/2199/2011 1571/2200/2012 1582/2201/2013
f 1569/2198/2010 1572/2182/1994 1571/2200/2012
f 1568/2202/2014 1545/2178/1990 1567/2181/1993
f 1565/2184/1996 1543/2177/1989 1563/2190/2002
f 1574/2203/2015 1576/2185/1997 1575/2204/2016
f 1581/2205/2017 1575/2204/2016 1580/2206/2018
f 1549/2193/2005 1547/2180/1992 1548/2179/1991
f 1573/2195/2007 1571/2200/2012 1572/2182/1994
f 1574/2203/2015 1582/2201/2013 1571/2200/2012
f 1572/2182/1994 1550/2194/2006 1573/2195/2007
f 1577/2187/1999 1575/2204/2016 1576/2185/1997
f 1578/2117/1929 1591/2094/1906 1579/2096/1908
f 1569/2198/2010 1583/2207/2019 1570/2197/2009
f 1578/2208/2020 1580/2206/2018 1575/2204/2016
f 1668/2209/2021 1611/2210/2022 1648/2211/2023
f 1604/2212/2024 1624/2213/2025 1644/2214/2026
f 1644/2214/2026 1603/2215/2027 1604/2212/2024
f 1633/2216/2028 1602/2217/2029 1636/2218/2030
f 1636/2218/2030 1601/2219/2031 1635/2220/2032
f 1603/2215/2027 1693/2221/2033 1606/2222/2034
f 1614/2223/2035 1657/2224/2036 1658/2225/2037
f 1695/2226/2038 1684/2227/2039 1696/2228/2040
f 1598/2229/2041 1666/2230/2042 1626/2231/2043
f 1666/2230/2042 1618/2232/2044 1668/2209/2021
f 1659/2233/2045 1600/2234/2046 1634/2235/2047
f 1616/2236/2048 1659/2233/2045 1660/2237/2049
f 1634/2235/2047 1599/2238/2050 1633/2216/2028
f 1672/2239/2051 1620/2240/2052 1674/2241/2053
f 1686/2242/2054 1697/2243/2055 1685/2244/2056
f 1619/2245/2057 1650/2246/2058 1612/2247/2059
f 1660/2237/2049 1613/2248/2060 1616/2236/2048
f 1622/2249/2061 1681/2250/2062 1682/2251/2063
f 1674/2241/2053 1699/2252/2064 1687/2253/2065
f 1699/2252/2064 1688/2254/2066 1687/2253/2065
f 1700/2255/2067 1686/2242/2054 1688/2254/2066
f 1621/2256/2068 1658/2225/2037 1681/2250/2062
f 1631/2257/2069 1633/2258/2070 1632/2259/2071
f 1598/2229/2041 1624/2213/2025 1597/2260/2072
f 1625/2261/2073 1624/2262/2074 1626/2263/2075
f 1628/2264/2076 1625/2261/2073 1627/2265/2077
f 1689/2266/2078 1601/2219/2031 1610/2267/2079
f 1665/2268/2080 1627/2265/2077 1625/2261/2073
f 1638/2269/2081 1628/2264/2076 1629/2270/2082
f 1689/2271/2083 1640/2272/2084 1635/2273/2085
f 1636/2274/2086 1632/2259/2071 1633/2258/2070
f 1648/2211/2023 1612/2247/2059 1650/2246/2058
f 1635/2273/2085 1639/2275/2087 1636/2274/2086
f 1644/2276/2088 1623/2277/2089 1643/2278/2090
f 1639/2275/2087 1629/2270/2082 1632/2259/2071
f 1691/2279/2091 1646/2280/2092 1637/2281/2093
f 1643/2278/2090 1642/2282/2094 1644/2276/2088
f 1655/2283/2095 1657/2284/2096 1656/2285/2097
f 1693/2286/2098 1641/2287/2099 1694/2288/2100
f 1632/2259/2071 1630/2289/2101 1631/2257/2069
f 1661/2290/2102 1631/2257/2069 1630/2289/2101
f 1637/2281/2093 1645/2291/2103 1638/2269/2081
f 1645/2291/2103 1641/2287/2099 1643/2278/2090
f 1685/2244/2056 1696/2228/2040 1684/2227/2039
f 1609/2292/2104 1691/2293/2105 1690/2294/2106
f 1610/2295/2107 1690/2294/2106 1689/2296/2108
f 1690/2297/2109 1637/2281/2093 1640/2272/2084
f 1646/2280/2092 1694/2288/2100 1641/2287/2099
f 1640/2272/2084 1638/2269/2081 1639/2275/2087
f 1605/2298/2110 1692/2299/2111 1607/2300/2112
f 1659/2301/2113 1631/2257/2069 1664/2302/2114
f 1608/2303/2115 1692/2299/2111 1691/2293/2105
f 1606/2304/2116 1694/2305/2117 1605/2298/2110
f 1647/2306/2118 1650/2307/2119 1649/2308/2120
f 1652/2309/2121 1649/2308/2120 1651/2310/2122
f 1671/2311/2123 1651/2310/2122 1649/2308/2120
f 1662/2312/2124 1652/2309/2121 1653/2313/2125
f 1680/2314/2126 1658/2315/2127 1655/2283/2095
f 1660/2316/2128 1656/2285/2097 1657/2284/2096
f 1660/2316/2128 1664/2302/2114 1663/2317/2129
f 1670/2318/2130 1630/2289/2101 1627/2265/2077
f 1667/2319/2131 1648/2320/2132 1647/2306/2118
f 1663/2317/2129 1653/2313/2125 1656/2285/2097
f 1664/2302/2114 1662/2312/2124 1663/2317/2129
f 1643/2278/2090 1628/2264/2076 1645/2291/2103
f 1627/2265/2077 1629/2270/2082 1628/2264/2076
f 1665/2268/2080 1668/2321/2133 1667/2319/2131
f 1656/2285/2097 1654/2322/2134 1655/2283/2095
f 1677/2323/2135 1655/2283/2095 1654/2322/2134
f 1661/2290/2102 1669/2324/2136 1662/2312/2124
f 1625/2261/2073 1666/2325/2137 1665/2268/2080
f 1670/2318/2130 1667/2319/2131 1669/2324/2136
f 1671/2311/2123 1674/2326/2138 1673/2327/2139
f 1675/2328/2140 1688/2329/2141 1686/2330/2142
f 1676/2331/2143 1673/2327/2139 1675/2328/2140
f 1649/2308/2120 1672/2332/2144 1671/2311/2123
f 1669/2324/2136 1647/2306/2118 1652/2309/2121
f 1680/2314/2126 1678/2333/2145 1679/2334/2146
f 1679/2334/2146 1685/2335/2147 1684/2336/2148
f 1651/2310/2122 1653/2313/2125 1652/2309/2121
f 1675/2328/2140 1677/2323/2135 1676/2331/2143
f 1686/2330/2142 1678/2333/2145 1675/2328/2140
f 1676/2331/2143 1654/2322/2134 1651/2310/2122
f 1679/2334/2146 1681/2337/2149 1680/2314/2126
f 1695/2226/2038 1682/2251/2063 1683/2338/2150
f 1673/2327/2139 1687/2339/2151 1688/2329/2141
f 1684/2336/2148 1682/2340/2152 1679/2334/2146
f 1930/2341/2153 1933/2342/2154 1929/2343/2155
f 1773/2344/2156 1770/2345/2157 1769/2346/2158
f 1775/2347/2159 1769/2346/2158 1771/2348/2160
f 1775/2347/2159 1777/2349/2161 1773/2344/2156
f 1783/2350/2162 1777/2349/2161 1779/2351/2163
f 1787/2352/2164 1781/2353/2165 1783/2350/2162
f 1787/2352/2164 1789/2354/2166 1785/2355/2167
f 1795/2356/2168 1789/2357/2166 1791/2358/2169
f 1795/2356/2168 1765/2359/2170 1793/2360/2171
f 1799/2361/2172 1801/2362/2173 1797/2363/2174
f 1706/2364/2175 1724/2365/2176 1708/2366/2176
f 1712/2367/2177 1730/2368/2178 1714/2369/2178
f 1768/2370/2179 1771/2348/2160 1767/2371/2180
f 1778/2372/2181 1773/2344/2156 1777/2349/2161
f 1772/2373/2182 1775/2347/2159 1771/2348/2160
f 1776/2374/2183 1779/2351/2163 1775/2347/2159
f 1782/2375/2184 1777/2349/2161 1781/2353/2165
f 1779/2351/2163 1784/2376/2185 1783/2350/2162
f 1785/2355/2167 1782/2375/2184 1781/2353/2165
f 1784/2376/2185 1787/2352/2164 1783/2350/2162
f 1789/2354/2166 1786/2377/2186 1785/2355/2167
f 1788/2378/2187 1791/2379/2169 1787/2352/2164
f 1794/2380/2188 1789/2357/2166 1793/2360/2171
f 1791/2358/2169 1796/2381/2189 1795/2356/2168
f 1765/2359/2170 1794/2380/2188 1793/2360/2171
f 1795/2356/2168 1768/2370/2179 1767/2371/2180
f 1803/2382/2190 1808/2383/2191 1807/2384/2192
f 1806/2385/2193 1801/2362/2173 1805/2386/2194
f 1722/2387/2195 1720/2388/2195 1728/2389/2195
f 1859/2390/2196 1841/2391/2197 1857/2392/2198
f 1715/2393/2199 1729/2394/2178 1713/2395/2178
f 1714/2396/2178 1732/2397/2199 1716/2398/2199
f 1707/2399/2176 1725/2400/2200 1723/2401/2176
f 1710/2402/2200 1724/2365/2176 1726/2403/2200
f 1701/2404/2201 1719/2405/2202 1717/2406/2201
f 1702/2407/2201 1720/2408/2202 1704/2409/2202
f 1701/2404/2201 1731/2410/2199 1715/2393/2199
f 1702/2407/2201 1732/2397/2199 1718/2411/2201
f 1711/2412/2177 1725/2400/2200 1709/2413/2200
f 1710/2402/2200 1728/2414/2177 1712/2367/2177
f 1703/2415/2202 1721/2416/2175 1719/2405/2202
f 1704/2409/2202 1722/2417/2175 1706/2364/2175
f 1745/2418/2203 1759/2419/2204 1743/2420/2204
f 1707/2399/2176 1721/2416/2175 1705/2421/2175
f 1746/2422/2203 1760/2423/2204 1762/2424/2203
f 1832/2425/2205 1750/2426/2206 1830/2427/2207
f 1807/2384/2192 1801/2362/2173 1803/2382/2190
f 1807/2384/2192 1809/2428/2208 1805/2386/2194
f 1815/2429/2209 1809/2428/2208 1811/2430/2210
f 1815/2429/2209 1817/2431/2211 1813/2432/2212
f 1823/2433/2213 1817/2431/2211 1819/2434/2214
f 1823/2435/2213 1825/2436/2215 1821/2437/2216
f 1827/2438/2217 1797/2363/2174 1825/2436/2215
f 1830/2427/2207 1831/2439/2218 1832/2425/2205
f 1737/2440/2219 1755/2441/2220 1753/2442/2219
f 1738/2443/2219 1756/2444/2220 1740/2445/2220
f 1799/2361/2172 1804/2446/2221 1803/2382/2190
f 1810/2447/2222 1805/2386/2194 1809/2428/2208
f 1807/2384/2192 1812/2448/2223 1811/2430/2210
f 1814/2449/2224 1809/2428/2208 1813/2432/2212
f 1812/2448/2223 1815/2429/2209 1811/2430/2210
f 1818/2450/2225 1813/2432/2212 1817/2431/2211
f 1816/2451/2226 1819/2434/2214 1815/2429/2209
f 1822/2452/2227 1817/2431/2211 1821/2453/2216
f 1820/2454/2228 1823/2433/2213 1819/2434/2214
f 1825/2436/2215 1822/2455/2227 1821/2437/2216
f 1823/2435/2213 1828/2456/2229 1827/2438/2217
f 1798/2457/2230 1825/2436/2215 1797/2363/2174
f 1827/2438/2217 1800/2458/2231 1799/2361/2172
f 1847/2459/2232 1833/2460/2233 1831/2439/2218
f 1845/2461/2234 1831/2439/2218 1829/2462/2235
f 1751/2463/2236 1755/2464/2236 1759/2465/2236
f 1745/2466/2203 1763/2467/2237 1761/2468/2203
f 1748/2469/2237 1762/2470/2203 1764/2471/2237
f 1739/2472/2220 1757/2473/2238 1755/2441/2220
f 1742/2474/2238 1756/2444/2220 1758/2475/2238
f 1733/2476/2239 1751/2477/2240 1749/2478/2239
f 1736/2479/2240 1750/2480/2239 1752/2481/2240
f 1747/2482/2237 1749/2478/2239 1763/2467/2237
f 1748/2469/2237 1750/2480/2239 1734/2483/2239
f 1743/2420/2204 1757/2473/2238 1741/2484/2238
f 1742/2474/2238 1760/2423/2204 1744/2485/2204
f 1737/2440/2219 1751/2477/2240 1735/2486/2240
f 1736/2479/2240 1754/2487/2219 1738/2443/2219
f 1770/2345/2157 1701/2488/2241 1766/2489/2242
f 1847/2459/2232 1846/2490/2243 1848/2491/2244
f 1853/2492/2245 1835/2493/2246 1851/2494/2247
f 1857/2495/2198 1839/2496/2248 1855/2497/2249
f 1859/2390/2196 1829/2462/2235 1843/2498/2250
f 1849/2499/2251 1835/2493/2246 1833/2460/2233
f 1855/2497/2249 1837/2500/2252 1853/2492/2245
f 1843/2498/2250 1830/2427/2207 1844/2501/2253
f 1851/2494/2247 1850/2502/2254 1852/2503/2255
f 1856/2504/2256 1853/2492/2245 1854/2505/2257
f 1860/2506/2258 1857/2392/2198 1858/2507/2259
f 1853/2492/2245 1852/2503/2255 1854/2505/2257
f 1858/2508/2259 1855/2497/2249 1856/2504/2256
f 1849/2499/2251 1848/2491/2244 1850/2502/2254
f 1881/2509/2175 1867/2510/2260 1865/2511/2175
f 1846/2490/2243 1859/2390/2196 1860/2506/2258
f 1832/2425/2205 1833/2460/2233 1834/2512/2261
f 1834/2512/2261 1835/2493/2246 1836/2513/2262
f 1836/2513/2262 1837/2500/2252 1838/2514/2263
f 1838/2514/2263 1839/2496/2248 1840/2515/2264
f 1839/2496/2248 1842/2516/2265 1840/2515/2264
f 1841/2391/2197 1844/2501/2253 1842/2517/2265
f 1772/2373/2182 1702/2518/2266 1704/2519/2267
f 1770/2345/2157 1705/2520/2268 1703/2521/2269
f 1772/2373/2182 1706/2522/2270 1776/2374/2183
f 1778/2372/2181 1705/2520/2268 1774/2523/2271
f 1780/2524/2272 1706/2522/2270 1708/2525/2273
f 1782/2375/2184 1707/2526/2274 1778/2372/2181
f 1784/2376/2185 1708/2525/2273 1710/2527/2275
f 1782/2375/2184 1711/2528/2276 1709/2529/2277
f 1784/2376/2185 1712/2530/2278 1788/2378/2187
f 1786/2377/2186 1713/2531/2279 1711/2528/2276
f 1788/2378/2187 1714/2532/2280 1792/2533/2281
f 1794/2380/2188 1713/2534/2279 1790/2535/2282
f 1796/2381/2189 1714/2536/2280 1716/2537/2283
f 1766/2489/2242 1715/2538/2284 1794/2380/2188
f 1796/2381/2189 1702/2518/2266 1768/2370/2179
f 1798/2457/2230 1735/2539/2285 1733/2540/2286
f 1800/2458/2231 1736/2541/2287 1804/2446/2221
f 1806/2385/2193 1735/2539/2285 1802/2542/2288
f 1808/2383/2191 1736/2541/2287 1738/2543/2289
f 1810/2447/2222 1737/2544/2290 1806/2385/2193
f 1812/2448/2223 1738/2543/2289 1740/2545/2291
f 1814/2449/2224 1739/2546/2292 1810/2447/2222
f 1816/2451/2226 1740/2545/2291 1742/2547/2293
f 1814/2449/2224 1743/2548/2294 1741/2549/2295
f 1816/2451/2226 1744/2550/2296 1820/2454/2228
f 1822/2452/2227 1743/2548/2294 1818/2450/2225
f 1820/2454/2228 1746/2551/2297 1824/2552/2298
f 1826/2553/2299 1745/2554/2300 1822/2455/2227
f 1828/2456/2229 1746/2555/2297 1748/2556/2301
f 1798/2457/2230 1747/2557/2302 1826/2553/2299
f 1800/2458/2231 1748/2556/2301 1734/2558/2303
f 1834/2512/2261 1752/2559/2304 1832/2425/2205
f 1836/2513/2262 1754/2560/2305 1834/2512/2261
f 1838/2514/2263 1756/2561/2306 1836/2513/2262
f 1840/2515/2264 1758/2562/2307 1838/2514/2263
f 1840/2515/2264 1762/2563/2308 1760/2564/2309
f 1842/2517/2265 1764/2565/2310 1762/2566/2308
f 1844/2501/2253 1750/2426/2206 1764/2565/2310
f 1848/2491/2244 1717/2567/2311 1719/2568/2312
f 1850/2502/2254 1719/2568/2312 1721/2569/2313
f 1852/2503/2255 1721/2569/2313 1723/2570/2314
f 1854/2505/2257 1723/2570/2314 1725/2571/2315
f 1854/2505/2257 1727/2572/2316 1856/2504/2256
f 1856/2504/2256 1729/2573/2317 1858/2508/2259
f 1858/2507/2259 1731/2574/2318 1860/2506/2258
f 1860/2506/2258 1717/2567/2311 1846/2490/2243
f 1770/2345/2157 1765/2359/2170 1769/2346/2158
f 1771/2348/2160 1765/2359/2170 1767/2371/2180
f 2010/2575/2319 1879/2576/2320 2008/2577/2321
f 1930/2341/2153 1861/2578/2322 1863/2579/2323
f 1938/2580/2324 1933/2342/2154 1934/2581/2325
f 1938/2580/2324 1941/2582/2326 1937/2583/2327
f 1946/2584/2328 1941/2582/2326 1942/2585/2329
f 1946/2584/2328 1949/2586/2330 1945/2587/2331
f 1954/2588/2332 1949/2589/2330 1950/2590/2333
f 1926/2591/2334 1953/2592/2335 1954/2588/2332
f 1958/2593/2336 1961/2594/2337 1957/2595/2338
f 1868/2596/2260 1882/2597/2175 1866/2598/2175
f 1872/2599/2339 1890/2600/2178 1888/2601/2339
f 1954/2588/2332 1861/2578/2322 1926/2591/2334
f 1931/2602/2340 1928/2603/2341 1927/2604/2342
f 1930/2341/2153 1865/2605/2343 1934/2581/2325
f 1935/2606/2344 1932/2607/2345 1931/2602/2340
f 1940/2608/2346 1935/2606/2344 1939/2609/2347
f 1934/2581/2325 1867/2610/2348 1938/2580/2324
f 1944/2611/2349 1939/2609/2347 1943/2612/2350
f 1938/2580/2324 1869/2613/2351 1942/2585/2329
f 1947/2614/2352 1944/2611/2349 1943/2612/2350
f 1946/2584/2328 1869/2613/2351 1871/2615/2353
f 1951/2616/2354 1948/2617/2355 1947/2614/2352
f 1950/2618/2333 1871/2615/2353 1873/2619/2356
f 1956/2620/2357 1951/2621/2354 1955/2622/2358
f 1954/2588/2332 1873/2623/2356 1875/2624/2359
f 1928/2603/2341 1955/2622/2358 1927/2604/2342
f 1958/2593/2336 1895/2625/2360 1962/2626/2361
f 1884/2627/2362 1888/2628/2362 1892/2629/2362
f 1889/2630/2178 1875/2631/2363 1873/2632/2178
f 1892/2633/2363 1874/2634/2178 1876/2635/2363
f 1883/2636/2260 1869/2637/2364 1867/2510/2260
f 1886/2638/2365 1868/2596/2260 1870/2639/2365
f 1879/2640/2366 1861/2641/2367 1877/2642/2367
f 1864/2643/2366 1878/2644/2367 1862/2645/2367
f 1891/2646/2363 1861/2641/2367 1875/2631/2363
f 1878/2644/2367 1876/2635/2363 1862/2645/2367
f 1887/2647/2339 1869/2637/2364 1885/2648/2364
f 1872/2599/2339 1886/2638/2365 1870/2639/2365
f 1881/2509/2175 1863/2649/2366 1879/2640/2366
f 1866/2598/2175 1880/2650/2366 1864/2643/2366
f 1919/2651/2368 1905/2652/2369 1903/2653/2370
f 1922/2654/2369 1904/2655/2370 1906/2656/2369
f 1889/2657/2178 1871/2658/2339 1887/2647/2339
f 1970/2659/2371 1965/2660/2372 1966/2661/2373
f 1974/2662/2374 1969/2663/2375 1970/2659/2371
f 1974/2662/2374 1977/2664/2376 1973/2665/2377
f 1978/2666/2378 1981/2667/2379 1977/2664/2376
f 1982/2668/2380 1985/2669/2381 1981/2670/2379
f 1986/2671/2382 1957/2595/2338 1985/2669/2381
f 1991/2672/2383 1990/2673/2384 1992/2674/2385
f 1913/2675/2386 1899/2676/2387 1897/2677/2386
f 1916/2678/2387 1898/2679/2386 1900/2680/2387
f 1986/2671/2382 1893/2681/2388 1958/2593/2336
f 1964/2682/2389 1959/2683/2390 1963/2684/2391
f 1966/2661/2373 1895/2625/2360 1897/2685/2392
f 1968/2686/2393 1963/2684/2391 1967/2687/2394
f 1972/2688/2395 1967/2687/2394 1971/2689/2396
f 1970/2659/2371 1897/2685/2392 1899/2690/2397
f 1975/2691/2398 1972/2688/2395 1971/2689/2396
f 1970/2659/2371 1901/2692/2399 1974/2662/2374
f 1980/2693/2400 1975/2691/2398 1979/2694/2401
f 1974/2662/2374 1903/2695/2402 1978/2666/2378
f 1984/2696/2403 1979/2694/2401 1983/2697/2404
f 1978/2666/2378 1905/2698/2405 1982/2699/2380
f 1987/2700/2406 1984/2701/2403 1983/2702/2404
f 1982/2668/2380 1907/2703/2407 1986/2671/2382
f 1959/2683/2390 1988/2704/2408 1987/2700/2406
f 1993/2705/2409 2007/2706/2410 1991/2672/2383
f 1993/2705/2409 1992/2674/2385 1994/2707/2411
f 1911/2708/2412 1923/2709/2412 1919/2710/2412
f 1921/2711/2369 1907/2712/2413 1905/2713/2369
f 1924/2714/2413 1906/2715/2369 1908/2716/2413
f 1915/2717/2387 1901/2718/2414 1899/2676/2387
f 1918/2719/2414 1900/2680/2387 1902/2720/2414
f 1911/2721/2415 1893/2722/2416 1909/2723/2416
f 1896/2724/2415 1910/2725/2416 1894/2726/2416
f 1923/2727/2413 1893/2722/2416 1907/2712/2413
f 1910/2725/2416 1908/2716/2413 1894/2726/2416
f 1917/2728/2414 1903/2653/2370 1901/2718/2414
f 1904/2655/2370 1918/2719/2414 1902/2720/2414
f 1913/2675/2386 1895/2729/2415 1911/2721/2415
f 1914/2730/2386 1896/2724/2415 1898/2679/2386
f 1926/2591/2334 1929/2343/2155 1925/2731/2417
f 1864/2732/2418 1928/2603/2341 1932/2607/2345
f 2002/2733/2419 1999/2734/2420 2000/2735/2421
f 1990/2673/2384 2003/2736/2422 2004/2737/2423
f 1995/2738/2424 1994/2707/2411 1996/2739/2425
f 1999/2734/2420 1998/2740/2426 2000/2735/2421
f 2004/2737/2423 2001/2741/2427 2002/2742/2419
f 2007/2706/2410 2006/2743/2428 2005/2744/2429
f 1997/2745/2430 1996/2739/2425 1998/2740/2426
f 2004/2737/2423 1910/2746/2431 1990/2673/2384
f 2017/2747/2432 2020/2748/2433 2018/2749/2434
f 1929/2343/2155 1927/2604/2342 1925/2731/2417
f 2013/2750/2435 2012/2751/2436 2011/2752/2437
f 2015/2753/2438 2018/2754/2434 2016/2755/2439
f 2019/2756/2440 2006/2743/2428 2020/2748/2433
f 2011/2752/2437 2010/2575/2319 2009/2757/2441
f 2013/2750/2435 2016/2755/2439 2014/2758/2442
f 1994/2707/2411 1912/2759/2443 1914/2760/2444
f 1996/2739/2425 1914/2760/2444 1916/2761/2445
f 1998/2740/2426 1916/2761/2445 1918/2762/2446
f 2000/2735/2421 1918/2762/2446 1920/2763/2447
f 2000/2735/2421 1922/2764/2448 2002/2733/2419
f 2002/2742/2419 1924/2765/2449 2004/2737/2423
f 2009/2757/2441 2008/2577/2321 2007/2706/2410
f 1929/2343/2155 1935/2606/2344 1931/2602/2340
f 1866/2766/2450 1932/2607/2345 1936/2767/2451
f 1933/2342/2154 1939/2609/2347 1935/2606/2344
f 1868/2768/2452 1936/2767/2451 1940/2608/2346
f 1941/2582/2326 1939/2609/2347 1937/2583/2327
f 1870/2769/2453 1940/2608/2346 1944/2611/2349
f 1941/2582/2326 1947/2614/2352 1943/2612/2350
f 1948/2617/2355 1870/2769/2453 1944/2611/2349
f 1949/2586/2330 1947/2614/2352 1945/2587/2331
f 1952/2770/2454 1872/2771/2455 1948/2617/2355
f 1953/2592/2335 1951/2621/2354 1949/2589/2330
f 1956/2620/2357 1874/2772/2456 1952/2773/2454
f 1953/2592/2335 1927/2604/2342 1955/2622/2358
f 1928/2603/2341 1876/2774/2457 1956/2620/2357
f 1961/2594/2337 1959/2683/2390 1957/2595/2338
f 1964/2682/2389 1894/2775/2458 1960/2776/2459
f 1965/2660/2372 1963/2684/2391 1961/2594/2337
f 1968/2686/2393 1896/2777/2460 1964/2682/2389
f 1969/2663/2375 1967/2687/2394 1965/2660/2372
f 1972/2688/2395 1898/2778/2461 1968/2686/2393
f 1969/2663/2375 1975/2691/2398 1971/2689/2396
f 1976/2779/2462 1900/2780/2463 1972/2688/2395
f 1977/2664/2376 1975/2691/2398 1973/2665/2377
f 1980/2693/2400 1902/2781/2464 1976/2779/2462
f 1977/2664/2376 1983/2697/2404 1979/2694/2401
f 1984/2696/2403 1904/2782/2465 1980/2693/2400
f 1985/2669/2381 1983/2702/2404 1981/2670/2379
f 1988/2704/2408 1906/2783/2466 1984/2701/2403
f 1957/2595/2338 1987/2700/2406 1985/2669/2381
f 1960/2776/2459 1908/2784/2467 1988/2704/2408
f 1992/2674/2385 1910/2746/2431 1912/2759/2443
f 1995/2738/2424 2009/2757/2441 1993/2705/2409
f 1995/2738/2424 2013/2750/2435 2011/2752/2437
f 1997/2745/2430 2015/2753/2438 2013/2750/2435
f 1999/2734/2420 2017/2785/2432 2015/2753/2438
f 2001/2741/2427 2019/2756/2440 2017/2747/2432
f 1989/2786/2468 2019/2756/2440 2003/2736/2422
f 2008/2577/2321 1877/2787/2469 2006/2743/2428
f 1962/2626/2361 1965/2660/2372 1961/2594/2337
f 2012/2751/2436 1881/2788/2470 2010/2575/2319
f 2014/2758/2442 1883/2789/2471 2012/2751/2436
f 2014/2758/2442 1887/2790/2472 1885/2791/2473
f 2016/2755/2439 1889/2792/2474 1887/2790/2472
f 2018/2749/2434 1891/2793/2475 1889/2794/2474
f 2020/2748/2433 1877/2787/2469 1891/2793/2475
f 1991/2672/2383 2005/2744/2429 1989/2786/2468
f 1713/2795/2178 1727/2796/2177 1711/2412/2177
f 1802/2542/2288 1797/2363/2174 1801/2362/2173
f 2023/2797/2476 2036/2798/2477 2031/2799/2478
f 2022/2800/2479 2029/2801/2480 2021/2802/2481
f 2025/2803/2482 2032/2804/2483 2033/2805/2484
f 2023/2797/2476 2030/2806/2485 2022/2800/2479
f 2026/2807/2486 2033/2808/2484 2034/2809/2487
f 2027/2810/2488 2032/2804/2483 2024/2811/2489
f 2028/2812/2490 2034/2809/2487 2036/2798/2477
f 2035/2813/2491 2040/2814/2491 2032/2815/2491
f 2044/2816/2491 2031/2817/2491 2036/2818/2491
f 2042/2819/2491 2036/2818/2491 2034/2820/2491
f 2043/2821/2491 2029/2822/2491 2037/2823/2491
f 2030/2824/2491 2037/2823/2491 2029/2822/2491
f 2041/2825/2491 2032/2815/2491 2040/2814/2491
f 2031/2817/2491 2038/2826/2491 2030/2824/2491
f 2034/2820/2491 2041/2825/2491 2042/2819/2491
f 2050/2827/2492 2041/2828/2493 2049/2829/2494
f 2048/2830/2495 2041/2831/2493 2040/2832/2496
f 2051/2833/2497 2040/2832/2496 2043/2834/2498
f 2044/2835/2499 2050/2827/2492 2052/2836/2500
f 2052/2836/2500 2039/2837/2501 2044/2835/2499
f 2051/2833/2497 2037/2838/2502 2045/2839/2503
f 2038/2840/2504 2045/2839/2503 2037/2838/2502
f 2039/2837/2501 2046/2841/2505 2038/2840/2504
f 2050/2842/2506 2048/2843/2507 2051/2844/2508
f 2052/2845/2509 2046/2846/2510 2047/2847/2510
f 2051/2844/2508 2052/2845/2509 2050/2842/2506
f 2055/2848/2511 2068/2849/2512 2060/2850/2513
f 2054/2851/2514 2061/2852/2515 2062/2853/2516
f 2057/2854/2517 2064/2855/2518 2056/2856/2519
f 2055/2848/2511 2062/2853/2516 2063/2857/2520
f 2058/2858/2521 2065/2859/2522 2057/2860/2517
f 2059/2861/2523 2064/2855/2518 2067/2862/2524
f 2060/2850/2513 2066/2863/2525 2058/2858/2521
f 2072/2864/2526 2067/2865/2526 2064/2866/2526
f 2076/2867/2526 2063/2868/2526 2071/2869/2526
f 2068/2870/2526 2074/2871/2526 2066/2872/2526
f 2075/2873/2526 2061/2874/2526 2067/2865/2526
f 2062/2875/2526 2069/2876/2526 2070/2877/2526
f 2073/2878/2526 2064/2866/2526 2065/2879/2526
f 2063/2868/2526 2070/2877/2526 2071/2869/2526
f 2066/2872/2526 2073/2878/2526 2065/2879/2526
f 2082/2880/2527 2073/2881/2528 2074/2882/2529
f 2073/2883/2528 2080/2884/2530 2072/2885/2531
f 2083/2886/2532 2072/2885/2531 2080/2884/2530
f 2076/2887/2533 2082/2880/2527 2074/2882/2529
f 2084/2888/2534 2071/2889/2535 2079/2890/2536
f 2083/2886/2532 2069/2891/2537 2075/2892/2538
f 2070/2893/2539 2077/2894/2540 2078/2895/2541
f 2071/2889/2535 2078/2895/2541 2079/2890/2536
f 2082/2896/2542 2080/2897/2543 2081/2898/2543
f 2078/2899/2544 2084/2900/2545 2079/2901/2544
f 2084/2900/2545 2083/2902/2546 2082/2896/2542
f 2035/2903/2547 2021/2802/2481 2029/2801/2480
f 2067/2862/2524 2053/2904/2548 2059/2861/2523
f 2120/2905/2549 2111/2906/2550 2108/2907/2551
f 2096/2908/2552 2101/2909/2553 2103/2910/2554
f 2089/2911/2555 2102/2912/2556 2104/2913/2557
f 2129/2914/2558 2101/2909/2553 2130/2915/2559
f 2118/2916/2560 2109/2917/2561 2114/2918/2562
f 2106/2919/2563 2120/2905/2549 2108/2907/2551
f 2127/2920/2564 2110/2921/2565 2107/2922/2566
f 2103/2910/2554 2128/2923/2567 2105/2924/2568
f 2105/2924/2568 2127/2920/2564 2107/2922/2566
f 2122/2925/2569 2106/2919/2563 2104/2913/2557
f 2125/2926/2570 2116/2927/2571 2113/2928/2572
f 2123/2929/2573 2104/2913/2557 2102/2912/2556
f 2116/2927/2571 2123/2929/2573 2102/2912/2556
f 2115/2930/2574 2130/2915/2559 2101/2909/2553
f 2132/2931/2575 2115/2930/2574 2112/2932/2576
f 2110/2921/2565 2125/2926/2570 2113/2928/2572
f 2109/2917/2561 2132/2931/2575 2112/2932/2576
f 2117/2933/2577 2131/2934/2578 2132/2931/2575
f 2105/2924/2568 2096/2908/2552 2103/2910/2554
f 2106/2919/2563 2089/2911/2555 2104/2913/2557
f 2107/2922/2566 2095/2935/2579 2105/2924/2568
f 2108/2907/2551 2088/2936/2580 2106/2919/2563
f 2085/2937/2581 2109/2917/2561 2100/2938/2582
f 2111/2906/2550 2087/2939/2583 2108/2907/2551
f 2116/2927/2571 2092/2940/2584 2113/2928/2572
f 2110/2921/2565 2094/2941/2585 2107/2922/2566
f 2099/2942/2586 2109/2917/2561 2112/2932/2576
f 2092/2940/2584 2110/2921/2565 2113/2928/2572
f 2114/2943/2562 2086/2944/2587 2111/2906/2550
f 2098/2945/2588 2112/2932/2576 2115/2930/2574
f 2097/2946/2589 2115/2930/2574 2101/2909/2553
f 2121/2947/2590 2122/2925/2569 2117/2933/2577
f 2126/2948/2591 2127/2920/2564 2117/2933/2577
f 2129/2914/2558 2130/2915/2559 2117/2933/2577
f 2119/2949/2592 2120/2905/2549 2117/2933/2577
f 2125/2926/2570 2126/2948/2591 2117/2933/2577
f 2128/2923/2567 2129/2914/2558 2117/2933/2577
f 2091/2950/2593 2102/2912/2556 2090/2951/2594
f 2111/2906/2550 2118/2952/2560 2114/2943/2562
f 2133/2953/2595 2118/2916/2560 2117/2933/2577
f 2127/2920/2564 2128/2923/2567 2117/2933/2577
f 2117/2933/2577 2130/2915/2559 2131/2934/2578
f 2120/2905/2549 2121/2947/2590 2117/2933/2577
f 2123/2929/2573 2124/2954/2596 2117/2933/2577
f 2117/2933/2577 2124/2954/2596 2125/2926/2570
f 2122/2925/2569 2123/2929/2573 2117/2933/2577
f 2132/2931/2575 2133/2953/2595 2117/2933/2577
f 2091/2955/2597 2139/2956/2598 2140/2957/2597
f 2098/2958/2599 2146/2959/2600 2147/2960/2599
f 2092/2961/2601 2140/2957/2597 2141/2962/2601
f 2189/2963/2602 2157/2964/2603 2158/2965/2604
f 2213/2966/2605 2186/2967/2606 2212/2968/2607
f 2148/2969/2608 2098/2958/2599 2147/2960/2599
f 2086/2970/2609 2134/2971/2610 2135/2972/2609
f 2142/2973/2611 2092/2961/2601 2141/2962/2601
f 2149/2974/2612 2099/2975/2608 2148/2969/2608
f 2087/2976/2613 2135/2972/2609 2136/2977/2613
f 2143/2978/2614 2093/2979/2611 2142/2973/2611
f 2149/2974/2612 2085/2980/2610 2100/2981/2612
f 2088/2982/2615 2136/2977/2613 2137/2983/2615
f 2144/2984/2616 2094/2985/2614 2143/2978/2614
f 2138/2986/2617 2088/2982/2615 2137/2983/2615
f 2096/2987/2618 2144/2984/2616 2145/2988/2618
f 2139/2956/2598 2089/2989/2617 2138/2986/2617
f 2145/2988/2618 2097/2990/2600 2096/2987/2618
f 2184/2991/2619 2211/2992/2620 2185/2993/2621
f 2186/2967/2606 2134/2971/2622 2212/2968/2607
f 2216/2994/2623 2173/2995/2624 2174/2996/2625
f 2156/2997/2626 2183/2998/2627 2209/2999/2628
f 2140/2957/2629 2182/3000/2630 2141/2962/2631
f 2184/2991/2619 2147/2960/2632 2210/3001/2633
f 2191/3002/2634 2184/2991/2619 2185/2993/2621
f 2151/3003/2635 2213/2966/2605 2150/3004/2636
f 2188/3005/2637 2183/2998/2627 2189/2963/2602
f 2218/3006/2638 2167/3007/2639 2168/3008/2640
f 2188/3005/2637 2141/2962/2631 2182/3000/2630
f 2191/3002/2634 2164/3009/2641 2165/3010/2642
f 2165/3010/2642 2214/3011/2643 2217/3012/2644
f 2192/3013/2645 2187/3014/2646 2193/3015/2647
f 2152/3016/2648 2187/3014/2646 2151/3003/2635
f 2190/3017/2649 2148/2969/2650 2184/2991/2619
f 2188/3005/2637 2195/3018/2651 2194/3019/2652
f 2192/3013/2645 2135/2972/2653 2186/2967/2606
f 2159/3020/2654 2189/2963/2602 2158/2965/2604
f 2212/3021/2607 2191/3002/2634 2213/3022/2605
f 2213/3022/2605 2165/3010/2642 2150/3023/2636
f 2143/2978/2655 2188/3005/2637 2194/3019/2652
f 2192/3013/2645 2197/3024/2656 2196/3025/2657
f 2197/3024/2656 2152/3016/2648 2153/3026/2658
f 2212/3021/2607 2149/2974/2659 2190/3017/2649
f 2199/3027/2660 2159/3020/2654 2160/3028/2661
f 2199/3027/2660 2194/3019/2652 2195/3018/2651
f 2137/2983/2662 2192/3013/2645 2196/3025/2657
f 2200/3029/2663 2197/3024/2656 2201/3030/2664
f 2163/3031/2665 2185/2993/2621 2211/2992/2620
f 2144/2984/2666 2194/3019/2652 2198/3032/2667
f 2154/3033/2668 2197/3024/2656 2153/3026/2658
f 2203/3034/2669 2160/3028/2661 2161/3035/2670
f 2203/3034/2669 2198/3032/2667 2199/3027/2660
f 2138/2986/2671 2196/3025/2657 2200/3029/2663
f 2204/3036/2672 2201/3030/2664 2205/3037/2673
f 2202/3038/2674 2144/2984/2666 2198/3032/2667
f 2155/3039/2675 2201/3030/2664 2154/3033/2668
f 2162/3040/2676 2203/3034/2669 2161/3035/2670
f 2206/3041/2677 2203/3034/2669 2207/3042/2678
f 2204/3036/2672 2138/2986/2671 2200/3029/2663
f 2208/3043/2679 2205/3037/2673 2209/2999/2628
f 2206/3041/2677 2145/2988/2680 2202/3038/2674
f 2156/2997/2626 2205/3037/2673 2155/3039/2675
f 2211/2992/2620 2162/3040/2676 2163/3031/2665
f 2210/3001/2633 2207/3042/2678 2211/2992/2620
f 2208/3043/2679 2139/2956/2681 2204/3036/2672
f 2209/2999/2628 2182/3000/2630 2208/3043/2679
f 2210/3001/2633 2146/2959/2682 2206/3041/2677
f 2228/3044/2683 2167/3007/2639 2215/3045/2684
f 2228/3044/2683 2151/3003/2635 2150/3004/2636
f 2214/3011/2643 2181/3046/2685 2217/3012/2644
f 2227/3047/2686 2164/3009/2641 2163/3031/2665
f 2216/2994/2623 2157/2964/2603 2229/3048/2687
f 2216/2994/2623 2175/3049/2688 2219/3050/2689
f 2152/3016/2648 2215/3045/2684 2218/3006/2638
f 2159/3020/2654 2216/2994/2623 2219/3050/2689
f 2228/3051/2683 2181/3046/2685 2166/3052/2690
f 2218/3006/2638 2169/3053/2691 2220/3054/2692
f 2228/3051/2683 2165/3010/2642 2217/3012/2644
f 2153/3026/2658 2218/3006/2638 2220/3054/2692
f 2219/3050/2689 2176/3055/2693 2221/3056/2694
f 2220/3054/2692 2170/3057/2695 2222/3058/2696
f 2221/3056/2694 2159/3020/2654 2219/3050/2689
f 2154/3033/2668 2220/3054/2692 2222/3058/2696
f 2223/3059/2697 2176/3055/2693 2177/3060/2698
f 2222/3058/2696 2171/3061/2699 2224/3062/2700
f 2161/3035/2670 2221/3056/2694 2223/3059/2697
f 2155/3039/2675 2222/3058/2696 2224/3062/2700
f 2225/3063/2701 2177/3060/2698 2178/3064/2702
f 2226/3065/2703 2171/3061/2699 2172/3066/2704
f 2162/3040/2676 2223/3059/2697 2225/3063/2701
f 2156/2997/2626 2224/3062/2700 2226/3065/2703
f 2225/3063/2701 2179/3067/2705 2227/3047/2686
f 2229/3048/2687 2172/3066/2704 2173/2995/2624
f 2163/3031/2665 2225/3063/2701 2227/3047/2686
f 2229/3048/2687 2156/2997/2626 2226/3065/2703
f 2227/3047/2686 2180/3068/2706 2214/3011/2643
f 2118/2952/2560 2119/2949/2592 2117/2933/2577
f 2253/3069/2707 2264/3070/2708 2265/3071/2709
f 2248/3072/2710 2242/3073/2711 2241/3074/2712
f 2247/3075/2713 2234/3076/2714 2249/3077/2715
f 2274/3078/2716 2246/3079/2717 2248/3072/2710
f 2254/3080/2718 2263/3081/2719 2259/3082/2720
f 2253/3069/2707 2266/3083/2721 2251/3084/2722
f 2255/3085/2723 2272/3086/2724 2252/3087/2725
f 2248/3072/2710 2273/3088/2726 2274/3078/2716
f 2252/3087/2725 2273/3088/2726 2250/3089/2727
f 2249/3077/2715 2266/3083/2721 2267/3090/2728
f 2261/3091/2729 2270/3092/2730 2258/3093/2731
f 2247/3075/2713 2267/3090/2728 2268/3094/2732
f 2247/3075/2713 2269/3095/2733 2261/3091/2729
f 2246/3079/2717 2276/3096/2734 2260/3097/2735
f 2260/3097/2735 2277/3098/2736 2257/3099/2737
f 2258/3093/2731 2271/3100/2738 2255/3085/2723
f 2254/3080/2718 2277/3098/2736 2278/3101/2739
f 2262/3102/2740 2277/3098/2736 2276/3096/2734
f 2250/3089/2727 2241/3074/2712 2240/3103/2741
f 2249/3077/2715 2233/3104/2742 2251/3084/2722
f 2252/3087/2725 2240/3103/2741 2239/3105/2743
f 2251/3084/2722 2232/3106/2744 2253/3069/2707
f 2254/3080/2718 2230/3107/2745 2245/3108/2746
f 2256/3109/2747 2232/3106/2744 2231/3110/2748
f 2237/3111/2749 2261/3091/2729 2258/3093/2731
f 2255/3085/2723 2239/3105/2743 2238/3112/2750
f 2254/3080/2718 2244/3113/2751 2257/3099/2737
f 2258/3093/2731 2238/3112/2750 2237/3111/2749
f 2231/3110/2748 2259/3114/2720 2256/3109/2747
f 2243/3115/2752 2257/3099/2737 2244/3113/2751
f 2242/3073/2711 2260/3097/2735 2243/3115/2752
f 2266/3083/2721 2262/3102/2740 2267/3090/2728
f 2271/3100/2738 2262/3102/2740 2272/3086/2724
f 2274/3078/2716 2262/3102/2740 2275/3116/2753
f 2264/3070/2708 2262/3102/2740 2265/3071/2709
f 2270/3092/2730 2262/3102/2740 2271/3100/2738
f 2273/3088/2726 2262/3102/2740 2274/3078/2716
f 2247/3075/2713 2236/3117/2754 2235/3118/2755
f 2256/3109/2747 2263/3119/2719 2264/3070/2708
f 2278/3101/2739 2262/3102/2740 2263/3081/2719
f 2272/3086/2724 2262/3102/2740 2273/3088/2726
f 2262/3102/2740 2276/3096/2734 2275/3116/2753
f 2265/3071/2709 2262/3102/2740 2266/3083/2721
f 2268/3094/2732 2262/3102/2740 2269/3095/2733
f 2262/3102/2740 2270/3092/2730 2269/3095/2733
f 2267/3090/2728 2262/3102/2740 2268/3094/2732
f 2277/3098/2736 2262/3102/2740 2278/3101/2739
f 2284/3120/2756 2236/3121/2757 2285/3122/2757
f 2292/3123/2758 2242/3124/2759 2243/3125/2758
f 2286/3126/2760 2236/3121/2757 2237/3127/2760
f 2302/3128/2761 2334/3129/2762 2303/3130/2763
f 2357/3131/2764 2332/3132/2765 2358/3133/2766
f 2293/3134/2767 2243/3125/2758 2244/3135/2767
f 2279/3136/2768 2231/3137/2769 2280/3138/2769
f 2287/3139/2770 2237/3127/2760 2238/3140/2770
f 2294/3141/2771 2244/3135/2767 2245/3142/2771
f 2280/3138/2769 2232/3143/2772 2281/3144/2772
f 2288/3145/2773 2238/3140/2770 2239/3146/2773
f 2294/3141/2771 2230/3147/2768 2279/3148/2768
f 2282/3149/2774 2232/3143/2772 2233/3150/2775
f 2288/3145/2773 2240/3151/2776 2289/3152/2776
f 2282/3149/2774 2234/3153/2777 2283/3154/2777
f 2289/3152/2776 2241/3155/2778 2290/3156/2778
f 2283/3154/2777 2235/3157/2756 2284/3120/2756
f 2241/3155/2778 2291/3158/2759 2290/3156/2778
f 2330/3159/2779 2355/3160/2780 2329/3161/2781
f 2331/3162/2782 2279/3136/2783 2280/3138/2784
f 2319/3163/2785 2374/3164/2786 2361/3165/2787
f 2354/3166/2788 2302/3128/2761 2301/3167/2789
f 2285/3122/2790 2327/3168/2791 2353/3169/2792
f 2355/3160/2780 2293/3134/2793 2329/3161/2781
f 2336/3170/2794 2329/3161/2781 2335/3171/2795
f 2295/3172/2796 2332/3132/2765 2296/3173/2797
f 2334/3129/2762 2327/3168/2791 2333/3174/2798
f 2313/3175/2799 2360/3176/2800 2363/3177/2801
f 2327/3168/2791 2287/3139/2802 2333/3174/2798
f 2309/3178/2803 2336/3170/2794 2310/3179/2804
f 2359/3180/2805 2310/3179/2804 2362/3181/2806
f 2338/3182/2807 2331/3162/2782 2337/3183/2808
f 2297/3184/2809 2332/3132/2765 2338/3182/2807
f 2329/3161/2781 2294/3141/2810 2335/3171/2795
f 2340/3185/2811 2333/3174/2798 2339/3186/2812
f 2337/3183/2808 2280/3138/2784 2281/3144/2813
f 2303/3130/2763 2340/3185/2811 2304/3187/2814
f 2358/3188/2766 2335/3171/2795 2357/3189/2764
f 2310/3179/2804 2358/3188/2766 2295/3190/2796
f 2333/3174/2798 2288/3145/2815 2339/3186/2812
f 2341/3191/2816 2338/3182/2807 2337/3183/2808
f 2298/3192/2817 2338/3182/2807 2342/3193/2818
f 2335/3171/2795 2279/3148/2783 2357/3189/2764
f 2304/3187/2814 2344/3194/2819 2305/3195/2820
f 2344/3194/2819 2339/3186/2812 2343/3196/2821
f 2341/3191/2816 2281/3144/2813 2282/3149/2822
f 2345/3197/2823 2342/3193/2818 2341/3191/2816
f 2330/3159/2779 2308/3198/2824 2356/3199/2825
f 2339/3186/2812 2289/3152/2826 2343/3196/2821
f 2299/3200/2827 2342/3193/2818 2346/3201/2828
f 2305/3195/2820 2348/3202/2829 2306/3203/2830
f 2344/3194/2819 2347/3204/2831 2348/3202/2829
f 2345/3197/2823 2282/3149/2822 2283/3154/2832
f 2350/3205/2833 2345/3197/2823 2349/3206/2834
f 2347/3204/2831 2289/3152/2826 2290/3156/2835
f 2300/3207/2836 2346/3201/2828 2350/3205/2833
f 2307/3208/2837 2348/3202/2829 2352/3209/2838
f 2348/3202/2829 2351/3210/2839 2352/3209/2838
f 2349/3206/2834 2283/3154/2832 2284/3120/2840
f 2353/3169/2792 2350/3205/2833 2349/3206/2834
f 2351/3210/2839 2290/3156/2835 2291/3158/2841
f 2301/3167/2789 2350/3205/2833 2354/3166/2788
f 2308/3198/2824 2352/3209/2838 2356/3199/2825
f 2352/3209/2838 2355/3160/2780 2356/3199/2825
f 2353/3169/2792 2284/3120/2840 2285/3122/2790
f 2353/3169/2792 2328/3211/2842 2354/3166/2788
f 2351/3210/2839 2292/3123/2843 2355/3160/2780
f 2360/3176/2800 2311/3212/2844 2373/3213/2845
f 2296/3173/2797 2373/3213/2845 2295/3172/2796
f 2362/3181/2806 2325/3214/2846 2359/3180/2805
f 2308/3198/2824 2359/3180/2805 2372/3215/2847
f 2374/3164/2786 2303/3130/2763 2361/3165/2787
f 2364/3216/2848 2319/3163/2785 2361/3165/2787
f 2360/3176/2800 2297/3184/2809 2363/3177/2801
f 2361/3165/2787 2304/3187/2814 2364/3216/2848
f 2311/3217/2844 2362/3181/2806 2373/3218/2845
f 2365/3219/2849 2313/3175/2799 2363/3177/2801
f 2373/3218/2845 2310/3179/2804 2295/3190/2796
f 2363/3177/2801 2298/3192/2817 2365/3219/2849
f 2321/3220/2850 2364/3216/2848 2366/3221/2851
f 2315/3222/2852 2365/3219/2849 2367/3223/2853
f 2364/3216/2848 2305/3195/2820 2366/3221/2851
f 2365/3219/2849 2299/3200/2827 2367/3223/2853
f 2322/3224/2854 2366/3221/2851 2368/3225/2855
f 2316/3226/2856 2367/3223/2853 2369/3227/2857
f 2366/3221/2851 2306/3203/2830 2368/3225/2855
f 2367/3223/2853 2300/3207/2836 2369/3227/2857
f 2370/3228/2858 2322/3224/2854 2368/3225/2855
f 2317/3229/2859 2369/3227/2857 2371/3230/2860
f 2370/3228/2858 2306/3203/2830 2307/3208/2837
f 2369/3227/2857 2301/3167/2789 2371/3230/2860
f 2372/3215/2847 2323/3231/2861 2370/3228/2858
f 2318/3232/2862 2371/3230/2860 2374/3164/2786
f 2372/3215/2847 2307/3208/2837 2308/3198/2824
f 2371/3230/2860 2302/3128/2761 2374/3164/2786
f 2372/3215/2847 2325/3214/2846 2324/3233/2863
f 2263/3119/2719 2262/3102/2740 2264/3070/2708
f 2434/3234/2864 2375/3235/2865 2380/3236/2866
f 2383/3237/2867 2376/3238/2868 2377/3239/2869
f 2430/3240/2870 2375/3235/2865 2429/3241/2871
f 2426/3242/2872 2419/3243/2873 2420/3244/2874
f 2385/3245/2875 2380/3236/2866 2386/3246/2876
f 2378/3247/2877 2431/3248/2878 2432/3249/2879
f 2384/3250/2880 2379/3251/2881 2385/3245/2875
f 2384/3250/2880 2377/3239/2869 2378/3247/2877
f 2390/3252/2882 2383/3237/2867 2384/3250/2880
f 2391/3253/2883 2384/3250/2880 2385/3245/2875
f 2398/3254/2884 2387/3255/2885 2393/3256/2886
f 2388/3257/2887 2381/3258/2888 2382/3259/2889
f 2389/3260/2890 2382/3261/2889 2383/3237/2867
f 2399/3262/2891 2394/3263/2892 2400/3264/2893
f 2389/3260/2890 2394/3265/2892 2388/3266/2887
f 2390/3252/2882 2397/3267/2894 2396/3268/2895
f 2398/3254/2884 2391/3253/2883 2392/3269/2896
f 2392/3269/2896 2385/3245/2875 2386/3246/2876
f 2386/3246/2876 2387/3255/2885 2392/3269/2896
f 2395/3270/2897 2400/3271/2893 2394/3265/2892
f 2404/3272/2898 2393/3256/2886 2399/3262/2891
f 2396/3268/2895 2389/3260/2890 2390/3252/2882
f 2396/3268/2895 2403/3273/2899 2402/3274/2900
f 2404/3272/2898 2397/3267/2894 2398/3254/2884
f 2405/3275/2901 2404/3272/2898 2399/3262/2891
f 2402/3274/2900 2395/3270/2897 2396/3268/2895
f 2393/3256/2886 2388/3257/2887 2394/3263/2892
f 2414/3276/2902 2409/3277/2903 2415/3278/2904
f 2415/3278/2904 2410/3279/2905 2416/3280/2906
f 2406/3281/2907 2399/3262/2891 2400/3264/2893
f 2407/3282/2908 2400/3271/2893 2401/3283/2909
f 2411/3284/2910 2410/3279/2905 2405/3275/2901
f 2409/3277/2903 2402/3274/2900 2403/3273/2899
f 2412/3285/2911 2405/3275/2901 2406/3281/2907
f 2413/3286/2912 2406/3287/2907 2407/3282/2908
f 2413/3286/2912 2420/3288/2874 2419/3289/2873
f 2429/3241/2871 2424/3290/2913 2430/3240/2870
f 2408/3291/2914 2401/3283/2909 2402/3274/2900
f 2420/3288/2874 2415/3278/2904 2421/3292/2915
f 2421/3292/2915 2416/3280/2906 2422/3293/2916
f 2422/3293/2916 2411/3284/2910 2417/3294/2917
f 2417/3294/2917 2412/3285/2911 2418/3295/2918
f 2386/3246/2876 2375/3235/2865 2381/3258/2888
f 2419/3289/2873 2412/3296/2911 2413/3286/2912
f 2424/3297/2913 2419/3243/2873 2425/3298/2919
f 2431/3248/2878 2376/3238/2868 2430/3299/2870
f 2428/3300/2920 2421/3301/2915 2422/3302/2916
f 2428/3300/2920 2417/3303/2917 2423/3304/2921
f 2423/3304/2921 2434/3234/2864 2428/3300/2920
f 2432/3249/2879 2379/3251/2881 2378/3247/2877
f 2427/3305/2922 2420/3244/2874 2421/3301/2915
f 2430/3299/2870 2425/3298/2919 2431/3248/2878
f 2425/3298/2919 2432/3249/2879 2431/3248/2878
f 2423/3304/2921 2418/3306/2918 2424/3290/2913
f 2427/3305/2922 2434/3234/2864 2433/3307/2923
f 2426/3242/2872 2433/3307/2923 2432/3249/2879
f 2433/3307/2923 2380/3236/2866 2379/3251/2881
f 2409/3277/2903 2404/3272/2898 2410/3279/2905
f 2413/3286/2912 2408/3291/2914 2414/3276/2902
f 2382/3259/2889 2375/3235/2865 2376/3308/2868
f 2740/3309/2924 2745/3310/2925 2739/3311/2926
f 2446/3312/2927 2439/3313/2928 2440/3314/2929
f 2453/3315/2930 2452/3316/2931 2447/3317/2932
f 2490/3318/2933 2483/3319/2934 2484/3320/2935
f 2724/3321/2936 2717/3322/2937 2718/3323/2938
f 2717/3322/2937 2716/3324/2939 2711/3325/2940
f 2451/3326/2941 2456/3327/2942 2450/3328/2943
f 2456/3329/2942 2461/3330/2944 2455/3331/2945
f 2701/3332/2946 2694/3333/2947 2695/3334/2948
f 2454/3335/2949 2447/3317/2932 2448/3336/2950
f 2459/3337/2951 2458/3338/2952 2453/3315/2930
f 2457/3339/2953 2452/3316/2931 2458/3338/2952
f 2461/3330/2944 2454/3335/2949 2455/3331/2945
f 2728/3340/2954 2721/3341/2955 2722/3342/2956
f 2460/3343/2957 2453/3315/2930 2454/3335/2949
f 2696/3344/2958 2701/3332/2946 2695/3334/2948
f 2749/3345/2959 2754/3346/2960 2748/3347/2961
f 2699/3348/2962 2698/3349/2963 2693/3350/2964
f 2700/3351/2965 2693/3350/2964 2694/3333/2947
f 2467/3352/2966 2460/3343/2957 2461/3330/2944
f 2462/3353/2967 2467/3352/2966 2461/3330/2944
f 2463/3354/2968 2468/3355/2969 2462/3356/2967
f 2481/3357/2970 2486/3358/2971 2480/3359/2972
f 2465/3360/2973 2476/3361/2974 2470/3362/2975
f 2469/3363/2976 2464/3364/2977 2470/3365/2975
f 2479/3366/2978 2472/3367/2979 2473/3368/2980
f 2474/3369/2981 2467/3370/2966 2468/3371/2969
f 2455/3331/2945 2448/3336/2950 2449/3372/2982
f 2471/3373/2983 2466/3374/2984 2472/3367/2979
f 2467/3370/2966 2472/3367/2979 2466/3374/2984
f 2512/3375/2985 2505/3376/2986 2506/3377/2987
f 2465/3378/2973 2464/3364/2977 2459/3337/2951
f 2476/3361/2974 2469/3379/2976 2470/3362/2975
f 2683/3380/2988 2676/3381/2989 2677/3382/2990
f 2480/3383/2972 2485/3384/2991 2479/3366/2978
f 2696/3385/2958 2691/3386/2992 2697/3387/2993
f 2723/3388/2994 2722/3342/2956 2717/3322/2937
f 2474/3369/2981 2479/3366/2978 2473/3368/2980
f 2458/3338/2952 2463/3354/2968 2457/3339/2953
f 2485/3384/2991 2478/3389/2995 2479/3366/2978
f 2770/3390/2996 2763/3391/2997 2764/3392/2998
f 2685/3393/2999 2678/3394/3000 2679/3395/3001
f 2676/3381/2989 2681/3396/3002 2675/3397/3003
f 2483/3319/2934 2482/3398/3004 2477/3399/3005
f 2719/3400/3006 2724/3321/2936 2718/3323/2938
f 2684/3401/3007 2677/3382/2990 2678/3402/3000
f 2762/3403/3008 2767/3404/3009 2761/3405/3010
f 2486/3406/2971 2491/3407/3011 2485/3384/2991
f 2703/3408/3012 2698/3349/2963 2704/3409/3013
f 2489/3410/3014 2488/3411/3015 2483/3319/2934
f 2487/3412/3016 2482/3398/3004 2488/3411/3015
f 2492/3413/3017 2487/3412/3016 2493/3414/3018
f 2488/3411/3015 2493/3414/3018 2487/3412/3016
f 2491/3415/3011 2496/3416/3019 2490/3417/2933
f 2764/3392/2998 2757/3418/3020 2758/3419/3021
f 2499/3420/3022 2492/3421/3017 2493/3422/3018
f 2477/3399/3005 2476/3361/2974 2471/3373/2983
f 2705/3423/3023 2704/3409/3013 2699/3348/2962
f 2498/3424/3024 2491/3415/3011 2492/3425/3017
f 2490/3417/2933 2495/3426/3025 2489/3427/3014
f 2506/3377/2987 2495/3426/3025 2501/3428/3026
f 2611/3429/3027 2604/3430/3028 2605/3431/3029
f 2504/3432/3030 2497/3433/3031 2498/3424/3024
f 2501/3428/3026 2496/3416/3019 2502/3434/3032
f 2484/3320/2935 2477/3399/3005 2478/3389/2995
f 2497/3433/3031 2502/3434/3032 2496/3416/3019
f 2706/3435/3033 2699/3348/2962 2700/3351/2965
f 2738/3436/3034 2731/3437/3035 2732/3438/3036
f 2501/3428/3026 2512/3375/2985 2506/3377/2987
f 2506/3377/2987 2499/3420/3022 2500/3439/3037
f 2767/3404/3009 2772/3440/3038 2766/3441/3039
f 2503/3442/3040 2508/3443/3041 2502/3434/3032
f 2510/3444/3042 2503/3442/3040 2504/3432/3030
f 2769/3445/3043 2762/3446/3008 2763/3391/2997
f 2721/3341/2955 2726/3447/3044 2720/3448/3045
f 2685/3393/2999 2680/3449/3046 2686/3450/3047
f 2509/3451/3048 2514/3452/3049 2508/3443/3041
f 2516/3453/3050 2509/3451/3048 2510/3444/3042
f 2517/3454/3051 2510/3455/3042 2511/3456/3052
f 2759/3457/3053 2758/3419/3021 2753/3458/3054
f 2742/3459/3055 2747/3460/3056 2741/3461/3057
f 2513/3462/3058 2524/3463/3059 2518/3464/3060
f 2732/3438/3036 2725/3465/3061 2726/3466/3044
f 2522/3467/3062 2515/3468/3063 2516/3469/3050
f 2549/3470/3064 2560/3471/3065 2554/3472/3066
f 2520/3473/3067 2513/3462/3058 2514/3474/3049
f 2754/3346/2960 2759/3457/3053 2753/3458/3054
f 2521/3475/3068 2514/3474/3049 2515/3468/3063
f 2703/3408/3012 2708/3476/3069 2702/3477/3070
f 2527/3478/3071 2520/3473/3067 2521/3475/3068
f 2744/3479/3072 2737/3480/3073 2738/3436/3034
f 2523/3481/3074 2528/3482/3075 2522/3483/3062
f 2556/3484/3076 2561/3485/3077 2555/3486/3078
f 2707/3487/3079 2700/3351/2965 2701/3332/2946
f 2518/3464/3060 2523/3481/3074 2517/3488/3051
f 2536/3489/3080 2525/3490/3081 2531/3491/3082
f 2704/3409/3013 2709/3492/3083 2703/3408/3012
f 2739/3311/2926 2732/3493/3036 2733/3494/3084
f 2534/3495/3085 2527/3478/3071 2528/3496/3075
f 2532/3497/3086 2525/3490/3081 2526/3498/3087
f 2725/3465/3061 2730/3499/3088 2724/3321/2936
f 2529/3500/3089 2534/3501/3085 2528/3482/3075
f 2542/3502/3090 2531/3491/3082 2537/3503/3091
f 2535/3504/3092 2530/3505/3093 2536/3489/3080
f 2735/3506/3094 2746/3507/3095 2740/3309/2924
f 2737/3480/3073 2730/3499/3088 2731/3437/3035
f 2538/3508/3096 2531/3491/3082 2532/3497/3086
f 2750/3509/3097 2755/3510/3098 2749/3345/2959
f 2539/3511/3099 2532/3497/3086 2533/3512/3100
f 2755/3510/3098 2760/3513/3101 2754/3346/2960
f 2548/3514/3102 2537/3503/3091 2543/3515/3103
f 2536/3489/3080 2541/3516/3104 2535/3504/3092
f 2768/3517/3105 2773/3518/3106 2767/3404/3009
f 2739/3311/2926 2734/3519/3107 2740/3309/2924
f 2541/3516/3104 2546/3520/3108 2540/3521/3109
f 2771/3522/3110 2770/3390/2996 2765/3523/3111
f 2678/3394/3000 2673/3524/3112 2679/3395/3001
f 2546/3525/3108 2539/3511/3099 2540/3526/3109
f 2733/3494/3084 2726/3447/3044 2727/3527/3113
f 2549/3470/3064 2548/3514/3102 2543/3515/3103
f 2547/3528/3114 2542/3502/3090 2548/3514/3102
f 2551/3529/3115 2556/3484/3076 2550/3530/3116
f 2546/3525/3108 2551/3529/3115 2545/3531/3117
f 2550/3530/3116 2543/3515/3103 2544/3532/3118
f 2545/3531/3117 2550/3530/3116 2544/3532/3118
f 2583/3533/3119 2578/3534/3120 2584/3535/3121
f 2706/3435/3033 2711/3536/2940 2705/3423/3023
f 2692/3537/3122 2681/3396/3002 2687/3538/3123
f 2554/3472/3066 2547/3528/3114 2548/3514/3102
f 2689/3539/3124 2682/3540/3125 2683/3380/2988
f 2564/3541/3126 2557/3542/3127 2558/3543/3128
f 2559/3544/3129 2552/3545/3130 2553/3546/3131
f 2558/3543/3128 2551/3529/3115 2552/3547/3130
f 2716/3548/2939 2709/3492/3083 2710/3549/3132
f 2557/3542/3127 2562/3550/3133 2556/3484/3076
f 2690/3551/3134 2683/3380/2988 2684/3401/3007
f 2565/3552/3135 2558/3553/3128 2559/3544/3129
f 2688/3554/3136 2681/3396/3002 2682/3540/3125
f 2743/3555/3137 2736/3556/3138 2737/3480/3073
f 2734/3519/3107 2727/3527/3113 2728/3340/2954
f 2730/3499/3088 2735/3506/3094 2729/3557/3139
f 2739/3311/2926 2744/3558/3072 2738/3559/3034
f 2565/3552/3135 2570/3560/3140 2564/3561/3126
f 2451/3326/2941 2444/3562/3141 2445/3563/3142
f 2571/3564/3143 2566/3565/3144 2572/3566/3145
f 2568/3567/3146 2561/3485/3077 2562/3550/3133
f 2744/3479/3072 2749/3345/2959 2743/3555/3137
f 2593/3568/3147 2588/3569/3148 2594/3570/3149
f 2443/3571/3150 2448/3336/2950 2442/3572/3151
f 2567/3573/3152 2566/3565/3144 2561/3485/3077
f 2775/3574/3153 2776/3575/3154 2778/3576/3155
f 2715/3577/3156 2708/3476/3069 2709/3492/3083
f 2628/3578/3157 2623/3579/3158 2629/3580/3159
f 2578/3534/3120 2567/3573/3152 2573/3581/3160
f 2705/3423/3023 2716/3548/2939 2710/3549/3132
f 2570/3582/3140 2575/3583/3161 2569/3584/3162
f 2573/3581/3160 2568/3567/3146 2574/3585/3163
f 2747/3460/3056 2746/3507/3095 2741/3461/3057
f 2569/3584/3162 2574/3585/3163 2568/3567/3146
f 2714/3586/3164 2719/3400/3006 2713/3587/3165
f 2573/3581/3160 2584/3535/3121 2578/3534/3120
f 2578/3534/3120 2571/3564/3143 2572/3566/3145
f 2581/3588/3166 2574/3585/3163 2575/3583/3161
f 2707/3487/3079 2712/3589/3167 2706/3435/3033
f 2582/3590/3168 2575/3583/3161 2576/3591/3169
f 2751/3592/3170 2744/3558/3072 2745/3310/2925
f 2729/3557/3139 2740/3309/2924 2734/3519/3107
f 2691/3386/2992 2686/3450/3047 2692/3537/3122
f 2581/3593/3166 2586/3594/3171 2580/3595/3172
f 2588/3569/3148 2581/3593/3166 2582/3596/3168
f 2589/3597/3173 2582/3598/3168 2583/3599/3119
f 2753/3458/3054 2752/3600/3174 2747/3460/3056
f 2752/3600/3174 2745/3310/2925 2746/3507/3095
f 2586/3594/3171 2591/3601/3175 2585/3602/3176
f 2714/3603/3164 2707/3487/3079 2708/3604/3069
f 2588/3605/3148 2595/3606/3177 2594/3607/3149
f 2657/3608/3178 2656/3609/3179 2651/3610/3180
f 2713/3587/3165 2718/3323/2938 2712/3611/3167
f 2693/3350/2964 2692/3537/3122 2687/3538/3123
f 2592/3612/3181 2587/3613/3182 2593/3568/3147
f 2595/3606/3177 2600/3614/3183 2594/3607/3149
f 2598/3615/3184 2591/3601/3175 2592/3612/3181
f 2593/3568/3147 2598/3615/3184 2592/3612/3181
f 2631/3616/3185 2636/3617/3186 2630/3618/3187
f 2596/3619/3188 2589/3597/3173 2590/3620/3189
f 2591/3601/3175 2590/3620/3189 2585/3602/3176
f 2765/3523/3111 2764/3392/2998 2759/3457/3053
f 2602/3621/3190 2595/3606/3177 2596/3619/3188
f 2597/3622/3191 2596/3619/3188 2591/3601/3175
f 2601/3623/3192 2606/3624/3193 2600/3614/3183
f 2724/3321/2936 2729/3557/3139 2723/3388/2994
f 2604/3430/3028 2597/3622/3191 2598/3615/3184
f 2607/3625/3194 2612/3626/3195 2606/3624/3193
f 2608/3627/3196 2601/3623/3192 2602/3621/3190
f 2697/3387/2993 2702/3477/3070 2696/3385/2958
f 2761/3405/3010 2766/3441/3039 2760/3513/3101
f 2610/3628/3197 2603/3629/3198 2604/3430/3028
f 2760/3513/3101 2765/3523/3111 2759/3457/3053
f 2613/3630/3199 2618/3631/3200 2612/3626/3195
f 2608/3627/3196 2613/3630/3199 2607/3625/3194
f 2480/3359/2972 2475/3632/3201 2481/3357/2970
f 2618/3633/3200 2611/3429/3027 2612/3634/3195
f 2603/3629/3198 2614/3635/3202 2608/3627/3196
f 2625/3636/3203 2618/3631/3200 2619/3637/3204
f 2616/3638/3205 2609/3639/3206 2610/3628/3197
f 2695/3334/2948 2688/3554/3136 2689/3539/3124
f 2614/3635/3202 2619/3637/3204 2613/3630/3199
f 2622/3640/3207 2617/3641/3208 2623/3579/3158
f 2655/3642/3209 2648/3643/3210 2649/3644/3211
f 2609/3639/3206 2620/3645/3212 2614/3635/3202
f 2616/3638/3205 2621/3646/3213 2615/3647/3214
f 2775/3648/3153 2768/3649/3105 2769/3445/3043
f 2622/3640/3207 2627/3650/3215 2621/3646/3213
f 2631/3616/3185 2624/3651/3216 2625/3636/3203
f 2626/3652/3217 2619/3637/3204 2620/3645/3212
f 2511/3456/3052 2504/3653/3030 2505/3376/2986
f 2630/3654/3187 2623/3579/3158 2624/3655/3216
f 2615/3647/3214 2626/3652/3217 2620/3645/3212
f 2690/3551/3134 2695/3334/2948 2689/3539/3124
f 2743/3555/3137 2748/3347/2961 2742/3459/3055
f 2630/3654/3187 2635/3656/3218 2629/3580/3159
f 2694/3333/2947 2687/3538/3123 2688/3554/3136
f 2621/3646/3213 2632/3657/3219 2626/3652/3217
f 2632/3657/3219 2637/3658/3220 2631/3616/3185
f 2645/3659/3221 2656/3609/3179 2650/3660/3222
f 2756/3661/3223 2761/3405/3010 2755/3510/3098
f 2634/3662/3224 2627/3650/3215 2628/3578/3157
f 2635/3656/3218 2628/3578/3157 2629/3580/3159
f 2641/3663/3225 2634/3662/3224 2635/3656/3218
f 2776/3664/3154 2769/3445/3043 2770/3390/2996
f 2637/3658/3220 2642/3665/3226 2636/3617/3186
f 2640/3666/3227 2633/3667/3228 2634/3662/3224
f 2649/3644/3211 2642/3668/3226 2643/3669/3229
f 2646/3670/3230 2641/3671/3225 2647/3672/3231
f 2647/3672/3231 2642/3673/3226 2648/3674/3210
f 2639/3675/3232 2638/3676/3233 2633/3667/3228
f 2640/3677/3227 2645/3659/3221 2639/3678/3232
f 2644/3679/3234 2637/3658/3220 2638/3676/3233
f 2564/3541/3126 2569/3584/3162 2563/3680/3235
f 2766/3441/3039 2771/3522/3110 2765/3523/3111
f 2654/3681/3236 2647/3672/3231 2648/3674/3210
f 2697/3387/2993 2692/3537/3122 2698/3349/2963
f 2757/3418/3020 2750/3682/3097 2751/3592/3170
f 2656/3609/3179 2649/3644/3211 2650/3660/3222
f 2650/3660/3222 2643/3669/3229 2644/3683/3234
f 2645/3659/3221 2644/3683/3234 2639/3678/3232
f 2659/3684/3237 2652/3685/3238 2653/3686/3239
f 2647/3672/3231 2652/3685/3238 2646/3670/3230
f 2661/3687/3240 2654/3688/3236 2655/3642/3209
f 2657/3608/3178 2652/3685/3238 2658/3689/3241
f 2721/3341/2955 2714/3690/3164 2715/3691/3156
f 2758/3419/3021 2751/3592/3170 2752/3600/3174
f 2660/3692/3242 2653/3686/3239 2654/3681/3236
f 2651/3610/3180 2646/3670/3230 2652/3685/3238
f 2656/3609/3179 2661/3687/3240 2655/3642/3209
f 2665/3693/3243 2658/3689/3241 2659/3684/3237
f 2666/3694/3244 2659/3684/3237 2660/3692/3242
f 2666/3695/3244 2661/3687/3240 2667/3696/3245
f 2668/3697/3246 2657/3608/3178 2663/3698/3247
f 2663/3698/3247 2674/3699/3248 2668/3697/3246
f 2671/3700/3249 2664/3701/3250 2665/3693/3243
f 2672/3702/3251 2665/3693/3243 2666/3694/3244
f 2673/3524/3112 2666/3695/3244 2667/3696/3245
f 2670/3703/3252 2663/3698/3247 2664/3701/3250
f 2667/3696/3245 2662/3704/3253 2668/3697/3246
f 2668/3697/3246 2673/3524/3112 2667/3696/3245
f 2763/3391/2997 2756/3705/3223 2757/3418/3020
f 2672/3702/3251 2677/3382/2990 2671/3700/3249
f 2690/3706/3134 2685/3393/2999 2691/3386/2992
f 2712/3611/3167 2717/3322/2937 2711/3325/2940
f 2671/3700/3249 2676/3381/2989 2670/3703/3252
f 2676/3381/2989 2669/3707/3254 2670/3703/3252
f 2569/3584/3162 2562/3550/3133 2563/3680/3235
f 2680/3449/3046 2673/3524/3112 2674/3699/3248
f 2748/3347/2961 2753/3458/3054 2747/3460/3056
f 2442/3572/3151 2447/3317/2932 2441/3708/3255
f 2450/3709/2943 2443/3571/3150 2444/3710/3141
f 2722/3342/2956 2715/3691/3156 2716/3324/2939
f 2444/3710/3141 2437/3711/3256 2438/3712/3257
f 2500/3439/3037 2489/3427/3014 2495/3426/3025
f 2500/3439/3037 2493/3422/3018 2494/3713/3258
f 2522/3483/3062 2517/3488/3051 2523/3481/3074
f 2526/3498/3087 2519/3714/3259 2520/3473/3067
f 2545/3531/3117 2538/3508/3096 2539/3511/3099
f 2594/3570/3149 2599/3715/3260 2593/3568/3147
f 2617/3641/3208 2610/3628/3197 2611/3429/3027
f 2624/3655/3216 2617/3641/3208 2618/3633/3200
f 2664/3701/3250 2657/3608/3178 2658/3689/3241
f 2435/3716/3261 2446/3312/2927 2440/3314/2929
f 2452/3316/2931 2445/3563/3142 2446/3312/2927
f 2475/3632/3201 2468/3717/2969 2469/3379/2976
f 2478/3389/2995 2471/3373/2983 2472/3367/2979
f 2530/3505/3093 2519/3714/3259 2525/3490/3081
f 2529/3500/3089 2524/3463/3059 2530/3505/3093
f 2552/3545/3130 2547/3528/3114 2553/3546/3131
f 2550/3530/3116 2555/3486/3078 2549/3470/3064
f 2436/3718/3262 2441/3708/3255 2435/3716/3261
f 2675/3397/3003 2674/3699/3248 2669/3707/3254
f 2450/3709/2943 2455/3331/2945 2449/3372/2982
f 2437/3711/3256 2442/3572/3151 2436/3718/3262
f 2675/3397/3003 2686/3450/3047 2680/3449/3046
f 2481/3357/2970 2476/3361/2974 2482/3398/3004
f 2505/3376/2986 2498/3719/3024 2499/3420/3022
f 2507/3720/3263 2502/3434/3032 2508/3443/3041
f 2533/3512/3100 2526/3498/3087 2527/3478/3071
f 2540/3526/3109 2533/3512/3100 2534/3495/3085
f 2560/3471/3065 2553/3546/3131 2554/3472/3066
f 2577/3721/3264 2570/3560/3140 2571/3564/3143
f 2579/3722/3265 2574/3585/3163 2580/3723/3172
f 2600/3724/3183 2605/3431/3029 2599/3715/3260
f 2632/3657/3219 2625/3636/3203 2626/3652/3217
f 2528/3496/3075 2521/3475/3068 2522/3467/3062
f 2641/3663/3225 2636/3725/3186 2642/3726/3226
f 2580/3595/3172 2585/3602/3176 2579/3727/3265
f 2445/3563/3142 2438/3728/3257 2439/3313/2928
f 2723/3388/2994 2734/3519/3107 2728/3340/2954
f 2508/3443/3041 2513/3729/3058 2507/3720/3263
f 2742/3459/3055 2735/3506/3094 2736/3556/3138
f 2555/3486/3078 2566/3565/3144 2560/3471/3065
f 2566/3565/3144 2559/3544/3129 2560/3471/3065
f 2583/3533/3119 2576/3730/3169 2577/3721/3264
f 2604/3430/3028 2599/3715/3260 2605/3431/3029
f 2612/3634/3195 2605/3431/3029 2606/3731/3193
f 2462/3356/2967 2457/3339/2953 2463/3354/2968
f 2466/3732/2984 2459/3337/2951 2460/3343/2957
f 2491/3407/3011 2484/3320/2935 2485/3384/2991
f 2518/3733/3060 2507/3720/3263 2513/3729/3058
f 2518/3733/3060 2511/3456/3052 2512/3375/2985
f 2540/3521/3109 2535/3504/3092 2541/3516/3104
f 2544/3532/3118 2537/3503/3091 2538/3508/3096
f 2590/3620/3189 2579/3727/3265 2585/3602/3176
f 2590/3620/3189 2583/3599/3119 2584/3734/3121
f 2603/3629/3198 2602/3621/3190 2597/3622/3191
f 2702/3735/3070 2707/3487/3079 2701/3332/2946
f 2436/3736/3262 2435/3737/3261 2777/3738/3266
f 2438/3739/3257 2437/3740/3256 2777/3738/3266
f 2436/3736/3262 2777/3738/3266 2437/3740/3256
f 2439/3741/2928 2438/3739/3257 2777/3738/3266
f 2440/3742/2929 2439/3741/2928 2777/3738/3266
f 2776/3575/3154 2771/3743/3110 2778/3576/3155
f 2435/3737/3261 2440/3742/2929 2777/3738/3266
f 2772/3744/3038 2773/3745/3106 2778/3576/3155
f 2773/3745/3106 2774/3746/3267 2778/3576/3155
f 2771/3743/3110 2772/3744/3038 2778/3576/3155
f 2775/3574/3153 2778/3576/3155 2774/3746/3267
f 2720/3747/3045 2725/3465/3061 2719/3400/3006
f 2452/3316/2931 2441/3708/3255 2447/3317/2932
f 2633/3667/3228 2632/3657/3219 2627/3650/3215
f 2830/3748/3268 2823/3749/3269 2829/3750/3270
f 2822/3751/3271 2829/3750/3270 2823/3749/3269
f 2826/3752/3272 2827/3753/3273 2821/3754/3274
f 2844/3755/3275 2849/3756/3276 2850/3757/3277
f 2779/3758/3278 2850/3757/3277 2784/3759/3279
f 2827/3753/3273 2822/3760/3271 2821/3754/3274
f 2798/3761/3280 2791/3762/3281 2797/3763/3282
f 2783/3764/3283 2790/3765/3284 2784/3759/3279
f 2826/3752/3272 2819/3766/3285 2825/3767/3286
f 2796/3768/3287 2797/3763/3282 2791/3762/3281
f 2804/3769/3288 2799/3770/3289 2798/3771/3280
f 2806/3772/3290 2799/3770/3289 2805/3773/3291
f 2802/3774/3292 2803/3775/3293 2797/3763/3282
f 2794/3776/3294 2789/3777/3295 2788/3778/3296
f 2795/3779/3297 2790/3765/3284 2789/3777/3295
f 2831/3780/3298 2826/3752/3272 2825/3767/3286
f 2803/3775/3293 2798/3761/3280 2797/3763/3282
f 2810/3781/3299 2803/3775/3293 2809/3782/3300
f 2840/3783/3301 2833/3784/3302 2839/3785/3303
f 2810/3786/3299 2805/3773/3291 2804/3769/3288
f 2812/3787/3304 2805/3773/3291 2811/3788/3305
f 2808/3789/3306 2809/3782/3300 2803/3775/3293
f 2801/3790/3307 2794/3776/3294 2800/3791/3308
f 2801/3790/3307 2796/3768/3287 2795/3779/3297
f 2837/3792/3309 2832/3793/3310 2831/3780/3298
f 2815/3794/3311 2810/3781/3299 2809/3782/3300
f 2840/3795/3301 2845/3796/3312 2846/3797/3313
f 2810/3786/3299 2817/3798/3314 2811/3788/3305
f 2818/3799/3315 2811/3788/3305 2817/3798/3314
f 2809/3782/3300 2820/3800/3316 2815/3794/3311
f 2807/3801/3317 2800/3791/3308 2806/3772/3290
f 2807/3801/3317 2802/3774/3292 2801/3790/3307
f 2843/3802/3318 2838/3803/3319 2837/3792/3309
f 2779/3758/3278 2846/3797/3313 2845/3796/3312
f 2820/3800/3316 2813/3804/3320 2819/3766/3285
f 2785/3805/3321 2780/3806/3322 2779/3758/3278
f 2815/3794/3311 2826/3752/3272 2821/3754/3274
f 2822/3751/3271 2817/3798/3314 2816/3807/3323
f 2812/3787/3304 2807/3801/3317 2806/3772/3290
f 2807/3801/3317 2814/3808/3324 2808/3789/3306
f 2791/3762/3281 2786/3809/3325 2785/3805/3321
f 2818/3799/3315 2813/3804/3320 2812/3787/3304
f 2821/3754/3274 2816/3810/3323 2815/3794/3311
f 2779/3758/3278 2790/3765/3284 2785/3805/3321
f 2793/3811/3326 2786/3812/3325 2792/3813/3327
f 2793/3811/3326 2788/3778/3296 2787/3814/3328
f 2824/3815/3329 2817/3798/3314 2823/3749/3269
f 2781/3816/3330 2848/3817/3331 2847/3818/3332
f 2828/3819/3333 2835/3820/3334 2829/3750/3270
f 2835/3820/3334 2830/3748/3268 2829/3750/3270
f 2827/3753/3273 2838/3803/3319 2833/3784/3302
f 2824/3815/3329 2819/3766/3285 2818/3799/3315
f 2798/3771/3280 2793/3811/3326 2792/3813/3327
f 2830/3748/3268 2825/3767/3286 2824/3815/3329
f 2834/3821/3335 2841/3822/3336 2835/3820/3334
f 2841/3822/3336 2836/3823/3337 2835/3820/3334
f 2833/3784/3302 2844/3824/3275 2839/3785/3303
f 2837/3792/3309 2830/3748/3268 2836/3823/3337
f 2840/3825/3301 2847/3818/3332 2841/3826/3336
f 2848/3817/3331 2841/3826/3336 2847/3818/3332
f 2839/3827/3303 2850/3757/3277 2845/3796/3312
f 2843/3802/3318 2836/3823/3337 2842/3828/3338
f 2787/3814/3328 2782/3829/3339 2781/3816/3330
f 2784/3759/3279 2849/3756/3276 2783/3764/3283
f 2849/3756/3276 2842/3830/3338 2848/3817/3331
f 2780/3831/3322 2847/3818/3332 2846/3832/3313
f 2785/3805/3321 2796/3768/3287 2791/3762/3281
f 2782/3829/3339 2849/3756/3276 2848/3817/3331
f 2799/3770/3289 2794/3776/3294 2793/3811/3326
f 2789/3777/3295 2782/3829/3339 2788/3778/3296
f 2834/3833/3335 2827/3753/3273 2833/3784/3302
f 2787/3814/3328 2780/3831/3322 2786/3812/3325
f 2895/3834/3340 2902/3835/3341 2901/3836/3342
f 2894/3837/3343 2901/3836/3342 2900/3838/3344
f 2893/3839/3345 2904/3840/3346 2898/3841/3347
f 2922/3842/3348 2915/3843/3349 2916/3844/3350
f 2851/3845/3351 2922/3842/3348 2917/3846/3352
f 2899/3847/3353 2894/3848/3343 2900/3849/3344
f 2869/3850/3354 2864/3851/3355 2870/3852/3356
f 2856/3853/3357 2861/3854/3358 2855/3855/3359
f 2891/3856/3360 2898/3841/3347 2897/3857/3361
f 2869/3850/3354 2868/3858/3362 2863/3859/3363
f 2870/3860/3356 2877/3861/3364 2876/3862/3365
f 2877/3861/3364 2872/3863/3366 2878/3864/3367
f 2875/3865/3368 2874/3866/3369 2869/3850/3354
f 2860/3867/3370 2867/3868/3371 2866/3869/3372
f 2867/3868/3371 2862/3870/3373 2868/3858/3362
f 2897/3857/3361 2904/3840/3346 2903/3871/3374
f 2875/3865/3368 2870/3852/3356 2876/3872/3365
f 2881/3873/3375 2876/3872/3365 2882/3874/3376
f 2905/3875/3377 2912/3876/3378 2911/3877/3379
f 2876/3862/3365 2883/3878/3380 2882/3879/3376
f 2877/3861/3364 2884/3880/3381 2883/3878/3380
f 2875/3865/3368 2886/3881/3382 2880/3882/3383
f 2872/3863/3366 2867/3868/3371 2873/3883/3384
f 2867/3868/3371 2874/3866/3369 2873/3883/3384
f 2904/3840/3346 2909/3884/3385 2903/3871/3374
f 2887/3885/3386 2882/3874/3376 2888/3886/3387
f 2918/3887/3388 2911/3888/3379 2912/3889/3378
f 2883/3878/3380 2888/3890/3387 2882/3879/3376
f 2883/3878/3380 2890/3891/3389 2889/3892/3390
f 2881/3873/3375 2892/3893/3391 2886/3881/3382
f 2878/3864/3367 2873/3883/3384 2879/3894/3392
f 2874/3866/3369 2879/3894/3392 2873/3883/3384
f 2909/3884/3385 2916/3895/3350 2915/3896/3349
f 2851/3845/3351 2918/3887/3388 2852/3897/3393
f 2885/3898/3394 2892/3893/3391 2891/3856/3360
f 2857/3899/3395 2852/3897/3393 2858/3900/3396
f 2887/3885/3386 2898/3841/3347 2892/3893/3391
f 2889/3892/3390 2894/3837/3343 2888/3890/3387
f 2878/3864/3367 2885/3898/3394 2884/3880/3381
f 2880/3882/3383 2885/3898/3394 2879/3894/3392
f 2857/3899/3395 2864/3851/3355 2863/3859/3363
f 2890/3891/3389 2885/3898/3394 2891/3856/3360
f 2887/3885/3386 2894/3848/3343 2893/3839/3345
f 2857/3899/3395 2856/3853/3357 2851/3845/3351
f 2864/3901/3355 2859/3902/3397 2865/3903/3398
f 2865/3903/3398 2860/3867/3370 2866/3869/3372
f 2895/3834/3340 2890/3891/3389 2896/3904/3399
f 2853/3905/3400 2920/3906/3401 2854/3907/3402
f 2900/3838/3344 2907/3908/3403 2906/3909/3404
f 2907/3908/3403 2902/3835/3341 2908/3910/3405
f 2905/3875/3377 2904/3840/3346 2899/3847/3353
f 2896/3904/3399 2891/3856/3360 2897/3857/3361
f 2864/3901/3355 2871/3911/3406 2870/3860/3356
f 2896/3904/3399 2903/3871/3374 2902/3835/3341
f 2907/3908/3403 2912/3912/3378 2906/3909/3404
f 2913/3913/3407 2908/3910/3405 2914/3914/3408
f 2905/3875/3377 2916/3895/3350 2910/3915/3409
f 2902/3835/3341 2909/3884/3385 2908/3910/3405
f 2913/3916/3407 2918/3917/3388 2912/3918/3378
f 2920/3906/3401 2913/3916/3407 2914/3919/3408
f 2911/3888/3379 2922/3842/3348 2916/3844/3350
f 2908/3910/3405 2915/3896/3349 2914/3914/3408
f 2859/3902/3397 2854/3907/3402 2860/3867/3370
f 2855/3855/3359 2922/3842/3348 2856/3853/3357
f 2920/3906/3401 2915/3843/3349 2921/3920/3410
f 2918/3917/3388 2853/3905/3400 2852/3921/3393
f 2857/3899/3395 2868/3858/3362 2862/3870/3373
f 2920/3906/3401 2855/3855/3359 2854/3907/3402
f 2865/3903/3398 2872/3863/3366 2871/3911/3406
f 2854/3907/3402 2861/3854/3358 2860/3867/3370
f 2905/3875/3377 2900/3849/3344 2906/3922/3404
f 2858/3923/3396 2853/3905/3400 2859/3902/3397
f 2979/3924/3411 3102/3925/3412 3101/3926/3413
f 2961/3927/3414 3044/3928/3415 2962/3929/3416
f 3045/3930/3417 2974/3931/3418 3044/3928/3415
f 2956/3932/3419 3049/3933/3420 2955/3934/3421
f 3045/3930/3417 2972/3935/3422 2973/3936/3423
f 3083/3937/3424 3079/3938/3425 3082/3939/3426
f 3051/3940/3427 3049/3933/3420 3048/3941/3428
f 2970/3942/3429 3120/3943/3430 2971/3944/3431
f 3045/3930/3417 3047/3945/3432 3048/3941/3428
f 2972/3935/3422 2987/3946/3433 3085/3947/3434
f 2963/3948/3435 2993/3949/3436 3103/3950/3437
f 3104/3951/3438 2965/3952/3439 2964/3953/3440
f 2955/3934/3421 3052/3954/3441 2954/3955/3442
f 2960/3956/3443 3047/3945/3432 2961/3927/3414
f 3075/3957/3444 3071/3958/3445 3070/3959/3446
f 2969/3960/3447 3014/3961/3448 3114/3962/3449
f 3142/3963/3450 2952/3964/3451 3141/3965/3452
f 2946/3966/3453 3076/3967/3454 3077/3968/3455
f 2968/3969/3456 3134/3970/3457 3135/3971/3458
f 2954/3955/3442 2971/3944/3431 2929/3972/3459
f 2960/3956/3443 2969/3960/3447 3050/3973/3460
f 3060/3974/3461 3058/3975/3462 3057/3976/3463
f 3050/3973/3460 3048/3941/3428 3047/3945/3432
f 2944/3977/3464 3064/3978/3465 3065/3979/3466
f 3109/3980/3467 3107/3981/3468 3106/3982/3469
f 2962/3929/3416 2974/3931/3418 2927/3983/3470
f 3056/3984/3471 3054/3985/3472 3053/3986/3473
f 3051/3940/3427 2971/3944/3431 3052/3954/3441
f 3050/3973/3460 2970/3942/3429 3051/3940/3427
f 2928/3987/3474 3055/3988/3475 2959/3989/3476
f 3059/3990/3477 3057/3976/3463 3056/3984/3471
f 3054/3985/3472 2960/3956/3443 2961/3927/3414
f 3104/3951/3438 2963/3948/3435 3103/3950/3437
f 2973/3936/3423 3085/3947/3434 3086/3991/3478
f 2964/3953/3440 3053/3986/3473 2963/3948/3435
f 2959/3989/3476 3058/3975/3462 2958/3992/3479
f 3127/3993/3480 2928/3987/3474 2959/3989/3476
f 2970/3942/3429 3114/3962/3449 3117/3994/3481
f 2930/3995/3482 3065/3979/3466 2968/3969/3456
f 3140/3996/3483 3137/3997/3484 3141/3965/3452
f 2942/3998/3485 2948/3999/3486 3063/4000/3487
f 3065/3979/3466 3062/4001/3488 3066/4002/3489
f 2957/4003/3490 3058/3975/3462 3061/4004/3491
f 2965/3952/3439 3056/3984/3471 2964/3953/3440
f 3001/4005/3492 2965/3952/3439 3105/4006/3493
f 3162/4007/3494 3009/4008/3495 3165/4009/3496
f 2966/4010/3497 3134/3970/3457 2967/4011/3498
f 3067/4012/3499 3062/4001/3488 3068/4013/3500
f 2942/3998/3485 3064/3978/3465 2943/4014/3501
f 2923/4015/3502 3094/4016/3503 2948/3999/3486
f 3159/4017/3504 2938/4018/3505 3038/4019/3506
f 3135/3971/3458 2930/3995/3482 2968/3969/3456
f 3079/3938/3425 3077/4020/3455 3076/4021/3454
f 3142/3963/3450 2926/4022/3507 2953/4023/3508
f 3085/4024/3434 2988/4025/3509 3088/4026/3510
f 3133/4027/3511 3130/4028/3512 3134/3970/3457
f 2957/4003/3490 2944/3977/3464 2930/3995/3482
f 2925/4029/3513 3096/4030/3514 2996/4031/3515
f 3061/4004/3491 2943/4014/3501 2944/3977/3464
f 2947/4032/3516 2987/3946/3433 2924/4033/3517
f 3060/3974/3461 2942/3998/3485 2943/4014/3501
f 2947/4032/3516 3077/3968/3455 3078/4034/3518
f 3059/3990/3477 2923/4015/3502 2942/3998/3485
f 3110/4035/3519 3108/4036/3520 3107/3981/3468
f 3072/4037/3521 3069/4038/3522 3073/4039/3523
f 3004/4040/3524 2957/4003/3490 2930/3995/3482
f 3003/4041/3525 3131/4042/3526 3002/4043/3527
f 3153/4044/3528 3021/4045/3529 3156/4046/3530
f 3169/4047/3531 2996/4048/3515 2997/4049/3532
f 3040/4050/3533 3034/4051/3534 3161/4052/3535
f 3068/4013/3500 2950/4053/3536 3067/4012/3499
f 2950/4053/3536 3095/4054/3537 3096/4030/3514
f 3046/4055/3538 3048/3941/3428 3049/3933/3420
f 3067/4012/3499 2925/4029/3513 2966/4010/3497
f 3063/4000/3487 2949/4056/3539 3068/4013/3500
f 3066/4002/3489 2968/3969/3456 3065/3979/3466
f 3033/4057/3540 3161/4052/3535 3034/4051/3534
f 3140/3996/3483 2929/3972/3459 3011/4058/3541
f 3066/4002/3489 2966/4010/3497 2967/4011/3498
f 3097/4059/3542 3095/4060/3537 3094/4061/3503
f 3070/3959/3446 2946/3966/3453 2947/4032/3516
f 3091/4062/3543 2988/4025/3509 2989/4063/3544
f 3106/3982/3469 2995/4064/3545 3109/3980/3467
f 2956/3932/3419 2947/4032/3516 2924/4033/3517
f 2953/4023/3508 2945/4065/3546 3072/4037/3521
f 2924/4033/3517 3046/4055/3538 2956/3932/3419
f 3040/4050/3533 3172/4066/3547 3173/4067/3548
f 3072/4037/3521 2952/3964/3451 2953/4023/3508
f 3144/4068/3549 3006/4069/3550 3147/4070/3551
f 3071/3958/3445 2945/4065/3546 2946/3966/3453
f 2929/3972/3459 3074/4071/3552 2954/3955/3442
f 3073/4039/3523 2951/4072/3553 2952/3964/3451
f 3108/4036/3520 3001/4073/3492 3105/4074/3493
f 2990/4075/3554 2975/4076/3555 3082/3939/3426
f 3041/4077/3556 3031/4078/3557 3179/4079/3558
f 3152/4080/3559 3148/4081/3560 3151/4082/3561
f 3088/4026/3510 3086/4083/3478 3085/4024/3434
f 3035/4084/3562 3020/4085/3563 3153/4044/3528
f 2998/4086/3564 2980/4087/3565 2933/4088/3566
f 3027/4089/3567 3170/4090/3568 3028/4091/3569
f 3093/4092/3570 2985/4093/3571 2986/4094/3572
f 3100/4095/3573 2931/4096/3574 2978/4097/3575
f 3023/4098/3576 2990/4075/3554 3146/4099/3577
f 3024/4100/3578 3146/4099/3577 3149/4101/3579
f 3170/4090/3568 2997/4049/3532 2998/4086/3564
f 2939/4102/3580 3164/4103/3581 3026/4104/3582
f 3179/4079/3558 3030/4105/3583 3176/4106/3584
f 3084/4107/3585 2932/4108/3586 2989/4063/3544
f 2926/4022/3507 3144/4068/3549 2992/4109/3587
f 3115/4110/3588 3113/4111/3589 3112/4112/3590
f 2989/4063/3544 2984/4113/3591 3091/4062/3543
f 2977/4114/3592 3083/3937/3424 2976/4115/3593
f 3145/4116/3594 2992/4117/3587 3144/4118/3549
f 3107/3981/3468 3105/4074/3493 3104/4119/3438
f 3156/4120/3530 3154/4121/3595 3153/4122/3528
f 3103/4123/3437 2994/4124/3596 3106/3982/3469
f 3028/4091/3569 2998/4086/3564 2933/4088/3566
f 3036/4125/3597 3153/4122/3528 3154/4121/3595
f 2999/4126/3598 2983/4127/3599 2931/4096/3574
f 2991/4128/3600 3076/4021/3454 2992/4117/3587
f 2987/4129/3433 3081/4130/3601 2988/4025/3509
f 3016/4131/3602 3017/4132/3603 2938/4018/3505
f 2989/4063/3544 3081/4130/3601 3084/4107/3585
f 2991/4128/3600 3082/3939/3426 3079/3938/3425
f 3089/4133/3604 3087/4134/3605 3086/4083/3478
f 3084/4107/3585 3080/4135/3606 3083/3937/3424
f 3010/4136/3607 2996/4031/3515 3168/4137/3608
f 3158/4138/3609 3154/4121/3595 3157/4139/3610
f 3092/4140/3611 3090/4141/3612 3089/4133/3604
f 3092/4140/3611 3088/4026/3510 3091/4062/3543
f 3150/4142/3613 3148/4081/3560 3147/4143/3551
f 3098/4144/3614 3096/4145/3514 3095/4060/3537
f 2993/4146/3436 3090/4141/3612 2994/4124/3596
f 2994/4124/3596 3093/4092/3570 2995/4064/3545
f 3136/4147/3615 3004/4040/3524 3135/3971/3458
f 2996/4048/3515 3099/4148/3616 2997/4049/3532
f 2997/4049/3532 3102/3925/3412 2998/4086/3564
f 3101/3926/3413 3099/4148/3616 3098/4144/3614
f 2999/4126/3598 3097/4059/3542 3000/4149/3617
f 3000/4149/3617 3094/4061/3503 3001/4073/3492
f 3111/4150/3618 3000/4149/3617 3108/4036/3520
f 3150/4151/3613 2937/4152/3619 3035/4084/3562
f 3117/3994/3481 3113/4111/3589 3116/4153/3620
f 3043/4154/3621 3019/4155/3622 2936/4156/3623
f 3177/4157/3624 3018/4158/3625 3019/4155/3622
f 3121/4159/3626 3015/4160/3627 3124/4161/3628
f 3139/4162/3629 3011/4058/3541 3012/4163/3630
f 3127/3993/3480 3125/4164/3631 3124/4161/3628
f 3171/4165/3632 2938/4018/3505 3017/4132/3603
f 3147/4143/3551 3145/4116/3594 3144/4118/3549
f 3143/4166/3633 3139/4162/3629 3138/4167/3634
f 3135/3971/3458 3130/4028/3512 3136/4147/3615
f 3112/4112/3590 2938/4018/3505 3022/4168/3635
f 3016/4131/3602 3113/4111/3589 3015/4160/3627
f 3125/4164/3631 3123/4169/3636 3122/4170/3637
f 3114/3962/3449 3015/4160/3627 3113/4111/3589
f 3124/4161/3628 3122/4170/3637 3121/4159/3626
f 3012/4163/3630 3120/3943/3430 3119/4171/3638
f 3119/4171/3638 3013/4172/3639 3012/4163/3630
f 3156/4046/3530 3022/4168/3635 3159/4017/3504
f 3118/4173/3640 2937/4152/3619 3013/4172/3639
f 3012/4163/3630 3138/4167/3634 3139/4162/3629
f 3120/3943/3430 3116/4153/3620 3119/4171/3638
f 3021/4045/3529 3118/4173/3640 3115/4110/3588
f 3039/4174/3641 3171/4175/3632 3172/4066/3547
f 3021/4045/3529 3112/4112/3590 3022/4168/3635
f 3119/4171/3638 3115/4110/3588 3118/4173/3640
f 3162/4007/3494 2936/4156/3623 3008/4176/3642
f 3126/4177/3643 3002/4043/3527 3123/4169/3636
f 3149/4101/3579 3145/4116/3594 3148/4081/3560
f 3136/4147/3615 3132/4178/3644 3131/4042/3526
f 3010/4136/3607 3165/4009/3496 3009/4008/3495
f 3018/4158/3625 3121/4159/3626 3122/4170/3637
f 3110/4035/3519 2981/4179/3645 2982/4180/3646
f 3019/4155/3622 3122/4170/3637 3123/4169/3636
f 3082/3939/3426 2976/4115/3593 3083/3937/3424
f 3123/4169/3636 2936/4156/3623 3019/4155/3622
f 3003/4041/3525 3129/4181/3647 3004/4040/3524
f 3142/3963/3450 3137/3997/3484 3143/4166/3633
f 3128/4182/3648 3126/4177/3643 3125/4164/3631
f 3042/4183/3649 3179/4079/3558 3178/4184/3650
f 3009/4008/3495 3131/4042/3526 3132/4178/3644
f 3132/4178/3644 3010/4136/3607 3009/4008/3495
f 3007/4185/3651 3147/4070/3551 3006/4069/3550
f 3007/4185/3651 3013/4172/3639 2937/4152/3619
f 3138/4167/3634 3006/4069/3550 3143/4166/3633
f 3005/4186/3652 3143/4166/3633 3006/4069/3550
f 3159/4187/3504 3157/4139/3610 3156/4120/3530
f 3176/4106/3584 3029/4188/3653 3173/4067/3548
f 3033/4057/3540 3155/4189/3654 3158/4138/3609
f 3053/3986/3473 2961/3927/3414 2962/3929/3416
f 3175/4190/3655 3173/4067/3548 3172/4066/3547
f 2940/4191/3656 3152/4080/3559 3037/4192/3657
f 3025/4193/3658 3149/4101/3579 3152/4080/3559
f 2951/4072/3553 3141/3965/3452 2952/3964/3451
f 3109/3980/3467 2935/4194/3659 2981/4179/3645
f 3026/4104/3582 3167/4195/3660 3027/4089/3567
f 3036/4125/3597 3155/4189/3654 3037/4192/3657
f 3068/4013/3500 3064/3978/3465 3063/4000/3487
f 3174/4196/3661 3172/4066/3547 3171/4175/3632
f 3177/4197/3624 3175/4190/3655 3174/4196/3661
f 3160/4198/3662 3158/4138/3609 3157/4139/3610
f 3171/4165/3632 3018/4158/3625 3174/4199/3661
f 3151/4082/3561 3037/4192/3657 3152/4080/3559
f 3151/4082/3561 3035/4200/3562 3036/4125/3597
f 3166/4201/3663 3164/4103/3581 3163/4202/3664
f 3169/4047/3531 3167/4195/3660 3166/4201/3663
f 2993/3949/3436 2974/3931/3418 3087/4203/3605
f 3075/3957/3444 2954/3955/3442 3074/4071/3552
f 3161/4052/3535 3039/4174/3641 3040/4050/3533
f 3160/4198/3662 3038/4204/3506 3039/4174/3641
f 3162/4205/3494 3042/4183/3649 3043/4206/3621
f 3165/4207/3496 3163/4202/3664 3162/4205/3494
f 3163/4202/3664 3041/4077/3556 3042/4183/3649
f 3168/4208/3608 3166/4201/3663 3165/4207/3496
f 3032/4209/3665 3037/4192/3657 3155/4189/3654
f 3178/4184/3650 3176/4106/3584 3175/4190/3655
f 3070/3959/3446 2955/3934/3421 3075/3957/3444
f 2986/4094/3572 2995/4064/3545 3093/4092/3570
f 3014/3961/3448 3124/4161/3628 3015/4160/3627
f 3043/4206/3621 3178/4184/3650 3177/4197/3624
f 3080/4135/3606 3078/4210/3518 3077/4020/3455
f 3008/4176/3642 3002/4043/3527 3131/4042/3526
f 3101/3926/3413 2978/4097/3575 2979/3924/3411
f 2974/3931/3418 3086/3991/3478 3087/4203/3605
f 3146/4099/3577 2991/4128/3600 3145/4116/3594
f 2963/3948/3435 2962/3929/3416 2927/3983/3470
f 3128/4182/3648 2957/4003/3490 3129/4181/3647
f 3128/4182/3648 2959/3989/3476 2958/3992/3479
f 3091/4062/3543 2985/4093/3571 3092/4140/3611
f 3057/3976/3463 3055/3988/3475 3054/3985/3472
f 2948/3999/3486 3095/4054/3537 2949/4056/3539
f 2971/3944/3431 3011/4058/3541 2929/3972/3459
f 2926/4022/3507 3076/3967/3454 2945/4065/3546
f 3111/4150/3618 2982/4180/3646 2983/4127/3599
f 2966/4010/3497 3010/4136/3607 3133/4027/3511
f 3074/4071/3552 3069/4038/3522 3075/3957/3444
f 3100/4095/3573 3098/4144/3614 3097/4059/3542
f 3106/3982/3469 3104/4119/3438 3103/4123/3437
f 3173/4067/3548 2941/4211/3666 3040/4050/3533
f 3199/4212/3667 3196/4213/3668 3198/4214/3669
f 3183/4215/3670 3180/4216/3671 3181/4217/3672
f 3195/4218/3673 3196/4213/3668 3197/4219/3674
f 3191/4220/3675 3192/4221/3676 3193/4222/3677
f 3201/4223/3678 3198/4214/3669 3200/4224/3679
f 3263/4225/3680 3185/4226/3681 3187/4227/3682
f 3203/4228/3683 3200/4224/3679 3202/4229/3684
f 3263/4225/3680 3189/4230/3685 3279/4231/3686
f 3205/4232/3687 3202/4229/3684 3204/4233/3688
f 3279/4231/3686 3191/4220/3675 3289/4234/3689
f 3339/4235/3690 3300/4236/3691 3338/4237/3692
f 3205/4232/3687 3206/4238/3693 3207/4239/3694
f 3289/4234/3689 3193/4222/3677 3297/4240/3695
f 3207/4239/3694 3208/4241/3696 3209/4242/3697
f 3297/4240/3695 3195/4218/3673 3270/4243/3698
f 3209/4242/3697 3210/4244/3699 3211/4245/3700
f 3271/4246/3701 3195/4218/3673 3197/4219/3674
f 3211/4245/3700 3212/4247/3702 3213/4248/3703
f 3282/4249/3704 3197/4219/3674 3199/4212/3667
f 3215/4250/3705 3212/4247/3702 3214/4251/3706
f 3294/4252/3707 3199/4212/3667 3201/4223/3678
f 3217/4253/3708 3214/4251/3706 3216/4254/3709
f 3264/4255/3710 3201/4223/3678 3203/4228/3683
f 3277/4256/3711 3216/4257/3709 3278/4258/3712
f 3265/4259/3713 3203/4228/3683 3205/4232/3687
f 3287/4260/3714 3219/4261/3715 3288/4262/3716
f 3265/4259/3713 3207/4239/3694 3280/4263/3717
f 3280/4263/3717 3209/4242/3697 3290/4264/3718
f 3290/4264/3718 3211/4245/3700 3298/4265/3719
f 3285/4266/3720 3224/4267/3721 3299/4268/3722
f 3298/4265/3719 3213/4248/3703 3272/4269/3723
f 3413/4270/3724 3345/4271/3725 3382/4272/3726
f 3273/4273/3727 3213/4248/3703 3215/4250/3705
f 3405/4274/3728 3300/4236/3691 3301/4275/3729
f 3277/4276/3711 3215/4250/3705 3217/4253/3708
f 3263/4277/3680 3225/4278/3730 3262/4279/3731
f 3286/4280/3732 3218/4281/3733 3287/4282/3714
f 3223/4283/3734 3292/4284/3735 3293/4285/3736
f 3279/4286/3686 3227/4287/3737 3263/4277/3680
f 3275/4288/3738 3224/4267/3721 3226/4289/3739
f 3289/4290/3689 3229/4291/3740 3279/4286/3686
f 3274/4292/3741 3226/4289/3739 3228/4293/3742
f 3233/4294/3743 3289/4290/3689 3297/4295/3695
f 3283/4296/3744 3228/4293/3742 3230/4297/3745
f 3235/4298/3746 3297/4295/3695 3270/4299/3698
f 3283/4296/3744 3232/4300/3747 3295/4301/3748
f 3237/4302/3749 3270/4299/3698 3271/4303/3701
f 3295/4301/3748 3234/4304/3750 3267/4305/3751
f 3239/4306/3752 3271/4303/3701 3282/4307/3704
f 3267/4305/3751 3236/4308/3753 3266/4309/3754
f 3241/4310/3755 3282/4307/3704 3294/4311/3707
f 3266/4309/3754 3238/4312/3756 3281/4313/3757
f 3243/4314/3758 3294/4311/3707 3264/4315/3710
f 3281/4313/3757 3240/4316/3759 3291/4317/3760
f 3265/4318/3713 3243/4314/3758 3264/4315/3710
f 3291/4317/3760 3242/4319/3761 3261/4320/3762
f 3280/4321/3717 3245/4322/3763 3265/4318/3713
f 3260/4323/3764 3242/4319/3761 3244/4324/3765
f 3290/4325/3718 3247/4326/3766 3280/4321/3717
f 3276/4327/3767 3244/4324/3765 3246/4328/3768
f 3278/4329/3712 3257/4330/3769 3277/4331/3711
f 3298/4332/3719 3249/4333/3770 3290/4325/3718
f 3284/4334/3771 3246/4328/3768 3248/4335/3772
f 3288/4336/3716 3258/4337/3773 3287/4338/3714
f 3253/4339/3774 3298/4332/3719 3272/4340/3723
f 3296/4341/3775 3248/4335/3772 3250/4342/3776
f 3255/4343/3777 3272/4340/3723 3273/4344/3727
f 3296/4341/3775 3252/4345/3778 3269/4346/3779
f 3257/4347/3769 3273/4344/3727 3277/4348/3711
f 3269/4346/3779 3254/4349/3780 3268/4350/3781
f 3287/4351/3714 3220/4352/3782 3286/4353/3732
f 3268/4350/3781 3256/4354/3783 3278/4355/3712
f 3288/4356/3716 3222/4357/3784 3259/4358/3785
f 3309/4359/3786 3383/4360/3787 3399/4361/3788
f 3382/4362/3726 3303/4363/3789 3413/4364/3724
f 3301/4275/3729 3305/4365/3790 3304/4366/3791
f 3304/4366/3791 3307/4367/3792 3306/4368/3793
f 3412/4369/3794 3343/4370/3795 3413/4270/3724
f 3383/4360/3787 3305/4365/3790 3382/4362/3726
f 3314/4371/3796 3313/4372/3797 3315/4373/3798
f 3312/4374/3799 3311/4375/3800 3313/4372/3797
f 3306/4368/3793 3309/4359/3786 3308/4376/3801
f 3202/4229/3684 3260/4377/3764 3204/4233/3688
f 3212/4247/3702 3296/4378/3775 3269/4379/3779
f 3194/4380/3802 3295/4381/3748 3267/4382/3751
f 3200/4224/3679 3261/4383/3762 3202/4229/3684
f 3210/4244/3699 3284/4384/3771 3296/4378/3775
f 3192/4221/3676 3283/4385/3744 3295/4381/3748
f 3219/4386/3715 3292/4387/3735 3288/4388/3716
f 3198/4214/3669 3291/4389/3760 3200/4224/3679
f 3190/4390/3803 3274/4391/3741 3283/4385/3744
f 3206/4238/3693 3284/4384/3771 3208/4241/3696
f 3419/4392/3804 3301/4275/3729 3304/4366/3791
f 3216/4254/3709 3268/4393/3781 3278/4394/3712
f 3196/4213/3668 3281/4395/3757 3198/4214/3669
f 3204/4233/3688 3276/4396/3767 3206/4238/3693
f 3212/4247/3702 3268/4393/3781 3214/4251/3706
f 3194/4380/3802 3266/4397/3754 3196/4213/3668
f 3308/4376/3801 3311/4375/3800 3310/4398/3805
f 3300/4236/3691 3303/4363/3789 3301/4275/3729
f 3313/4372/3797 3409/4399/3806 3417/4400/3807
f 3316/4401/3808 3319/4402/3809 3318/4403/3810
f 3395/4404/3811 3304/4366/3791 3306/4368/3793
f 3318/4403/3810 3321/4405/3812 3320/4406/3813
f 3395/4404/3811 3308/4376/3801 3394/4407/3814
f 3320/4406/3813 3323/4408/3815 3322/4409/3816
f 3394/4407/3814 3310/4398/3805 3403/4410/3817
f 3322/4409/3816 3325/4411/3818 3324/4412/3819
f 3403/4410/3817 3312/4374/3799 3415/4413/3820
f 3326/4414/3821 3325/4411/3818 3327/4415/3822
f 3415/4413/3820 3314/4371/3796 3387/4416/3823
f 3328/4417/3824 3327/4415/3822 3329/4418/3825
f 3386/4419/3826 3314/4371/3796 3316/4401/3808
f 3330/4420/3827 3329/4418/3825 3331/4421/3828
f 3401/4422/3829 3316/4401/3808 3318/4403/3810
f 3332/4423/3830 3331/4421/3828 3333/4424/3831
f 3411/4425/3832 3318/4403/3810 3320/4406/3813
f 3332/4423/3830 3335/4426/3833 3334/4427/3834
f 3381/4428/3835 3320/4406/3813 3322/4409/3816
f 3334/4427/3834 3337/4429/3836 3336/4430/3837
f 3380/4431/3838 3322/4409/3816 3324/4412/3819
f 3397/4432/3839 3336/4433/3837 3337/4434/3836
f 3396/4435/3840 3324/4412/3819 3326/4414/3821
f 3407/4436/3841 3339/4437/3690 3338/4438/3692
f 3404/4439/3842 3326/4414/3821 3328/4417/3824
f 3404/4439/3842 3330/4420/3827 3416/4440/3843
f 3416/4440/3843 3332/4423/3830 3389/4441/3844
f 3388/4442/3845 3332/4423/3830 3334/4427/3834
f 3388/4442/3845 3336/4430/3837 3398/4443/3846
f 3412/4444/3794 3339/4235/3690 3408/4445/3847
f 3316/4401/3808 3315/4373/3798 3317/4446/3848
f 3344/4447/3849 3395/4448/3811 3346/4449/3850
f 3341/4450/3851 3406/4451/3852 3405/4452/3728
f 3346/4449/3850 3394/4453/3814 3348/4454/3853
f 3348/4454/3853 3403/4455/3817 3350/4456/3854
f 3383/4457/3787 3345/4271/3725 3347/4458/3855
f 3352/4459/3856 3403/4455/3817 3415/4460/3820
f 3399/4461/3788 3347/4458/3855 3349/4462/3857
f 3354/4463/3858 3415/4460/3820 3387/4464/3823
f 3409/4465/3806 3349/4462/3857 3351/4466/3859
f 3356/4467/3860 3387/4464/3823 3386/4468/3826
f 3409/4465/3806 3353/4469/3861 3417/4470/3807
f 3358/4471/3862 3386/4468/3826 3401/4472/3829
f 3417/4470/3807 3355/4473/3863 3390/4474/3864
f 3360/4475/3865 3401/4472/3829 3411/4476/3832
f 3390/4474/3864 3357/4477/3866 3391/4478/3867
f 3362/4479/3868 3411/4476/3832 3381/4480/3835
f 3391/4478/3867 3359/4481/3869 3402/4482/3870
f 3362/4479/3868 3380/4483/3838 3364/4484/3871
f 3402/4482/3870 3361/4485/3872 3414/4486/3873
f 3364/4484/3871 3396/4487/3840 3366/4488/3874
f 3414/4486/3873 3363/4489/3875 3384/4490/3876
f 3366/4488/3874 3404/4491/3842 3368/4492/3877
f 3385/4493/3878 3363/4489/3875 3365/4494/3879
f 3398/4495/3846 3377/4496/3880 3376/4497/3881
f 3368/4492/3877 3416/4498/3843 3370/4499/3882
f 3400/4500/3883 3365/4494/3879 3367/4501/3884
f 3408/4502/3847 3378/4503/3885 3379/4504/3886
f 3372/4505/3887 3416/4498/3843 3389/4506/3844
f 3410/4507/3888 3367/4501/3884 3369/4508/3889
f 3374/4509/3890 3389/4506/3844 3388/4510/3845
f 3418/4511/3891 3369/4508/3889 3371/4512/3892
f 3376/4513/3881 3388/4510/3845 3398/4514/3846
f 3187/4227/3682 3184/4515/3893 3186/4516/3894
f 3418/4511/3891 3373/4517/3895 3392/4518/3896
f 3342/4519/3897 3408/4520/3847 3379/4521/3886
f 3189/4230/3685 3186/4516/3894 3188/4522/3898
f 3392/4518/3896 3375/4523/3899 3393/4524/3900
f 3393/4524/3900 3377/4525/3880 3397/4526/3839
f 3407/4527/3841 3340/4528/3901 3378/4529/3885
f 3180/4216/3671 3285/4530/3720 3181/4217/3672
f 3293/4531/3736 3182/4532/3902 3183/4215/3670
f 3181/4217/3672 3299/4533/3722 3184/4515/3893
f 3188/4522/3898 3275/4534/3738 3274/4391/3741
f 3329/4418/3825 3400/4535/3883 3410/4536/3888
f 3180/4216/3671 3219/4386/3715 3218/4281/3733
f 3286/4353/3732 3221/4537/3903 3285/4266/3720
f 3397/4538/3839 3335/4426/3833 3393/4539/3900
f 3402/4540/3870 3317/4446/3848 3391/4541/3867
f 3344/4447/3849 3405/4452/3728 3419/4542/3804
f 3327/4415/3822 3385/4543/3878 3400/4535/3883
f 3393/4539/3900 3333/4424/3831 3392/4544/3896
f 3391/4541/3867 3315/4373/3798 3390/4545/3864
f 3385/4543/3878 3323/4408/3815 3384/4546/3876
f 3315/4373/3798 3417/4400/3807 3390/4545/3864
f 3333/4424/3831 3418/4547/3891 3392/4544/3896
f 3262/4548/3731 3183/4215/3670 3185/4226/3681
f 3384/4546/3876 3321/4405/3812 3414/4549/3873
f 3181/4217/3672 3185/4226/3681 3183/4215/3670
f 3331/4421/3828 3410/4536/3888 3418/4547/3891
f 3338/4237/3692 3406/4550/3852 3407/4551/3841
f 3191/4220/3675 3188/4522/3898 3190/4390/3803
f 3414/4549/3873 3319/4402/3809 3402/4540/3870
f 3184/4515/3893 3275/4534/3738 3186/4516/3894
f 3311/4375/3800 3399/4361/3788 3409/4399/3806
f 3225/4278/3730 3293/4285/3736 3262/4279/3731
f 3193/4222/3677 3194/4380/3802 3195/4218/3673
f 3413/4364/3724 3302/4552/3904 3412/4444/3794
f 1/1/1 4/7/2 9/2/2
f 3/4/3 2/9/4 7/5/4
f 3/4/3 8/6/3 9/2/2
f 5/8/5 10/4553/5 7/5/4
f 1/1/1 6/3/1 17/10/6
f 12/12/7 16/15/7 15/13/8
f 13/11/6 17/10/6 16/15/7
f 15/13/8 18/4554/9 14/16/9
f 24/17/10 27/23/14 22/18/11
f 21/20/12 26/4555/12 25/21/13
f 27/23/14 26/4555/12 21/20/12
f 20/22/13 25/21/13 28/24/15
f 31/26/16 35/30/16 24/17/10
f 29/27/17 33/32/17 34/28/18
f 31/26/16 30/29/18 34/28/18
f 29/27/17 32/4556/19 36/31/19
f 10/33/20 28/4557/20 25/34/20
f 7/35/20 25/34/20 26/36/20
f 8/37/20 26/36/20 27/38/20
f 6/40/20 9/39/20 27/38/20
f 10/42/21 5/4558/21 23/43/21
f 18/45/20 15/48/20 33/46/20
f 15/48/20 16/50/20 34/49/20
f 16/50/20 17/52/20 35/51/20
f 6/40/20 24/41/20 35/51/20
f 14/53/22 18/4559/22 36/54/22
f 63/56/23 51/60/27 333/57/24
f 454/59/26 333/57/24 51/60/27
f 192/62/29 52/72/39 335/63/30
f 463/65/32 201/139/102 190/66/33
f 189/68/35 49/111/75 333/57/24
f 344/69/36 334/71/38 51/60/27
f 64/70/37 52/72/39 334/71/38
f 52/72/39 192/62/29 455/73/40
f 193/74/41 53/80/47 336/75/42
f 464/77/44 202/447/386 189/68/35
f 191/61/28 51/60/27 334/71/38
f 345/78/45 335/63/30 52/72/39
f 58/79/46 53/80/47 335/63/30
f 53/80/47 193/74/41 456/64/31
f 194/81/48 54/89/56 337/82/49
f 465/84/51 203/421/360 191/61/28
f 62/85/52 66/134/97 346/86/53
f 57/87/54 54/89/56 336/75/42
f 54/89/56 194/81/48 457/76/43
f 195/90/57 55/98/63 338/91/58
f 466/93/60 204/452/391 192/62/29
f 340/94/61 337/82/49 54/89/56
f 59/95/62 55/98/63 337/96/49
f 55/98/63 195/90/57 458/99/50
f 53/80/47 58/79/46 339/88/55
f 460/100/64 198/454/393 193/74/41
f 341/101/65 338/91/58 55/98/63
f 60/102/66 56/103/67 338/91/58
f 56/103/67 196/461/400 459/92/59
f 461/104/68 197/456/395 194/81/48
f 50/105/69 61/170/132 342/106/70
f 294/108/72 305/119/83 1178/109/73
f 343/58/25 333/57/24 49/111/75
f 462/112/76 199/458/397 195/90/57
f 69/113/77 74/155/118 353/114/78
f 1165/116/80 1195/1519/1397 1194/117/81
f 305/119/83 316/131/94 1179/120/84
f 1151/121/85 1152/626/556 88/122/86
f 70/124/88 59/95/62 340/97/61
f 351/126/89 341/101/65 59/95/62
f 71/127/90 60/102/66 341/101/65
f 119/128/91 1156/305/261 1157/129/92
f 316/131/94 176/376/289 1163/132/95
f 62/85/52 49/111/75 332/107/71
f 357/133/96 346/86/53 66/134/97
f 247/136/99 1171/569/503 1170/137/100
f 201/139/102 1165/116/80 1164/118/82
f 65/140/103 63/56/23 343/58/25
f 347/144/107 344/69/36 63/56/23
f 67/145/108 64/70/37 344/69/36
f 348/146/109 345/78/45 64/70/37
f 68/147/110 58/79/46 345/78/45
f 58/79/46 68/147/110 349/148/111
f 78/149/112 65/140/103 346/86/53
f 350/115/79 340/94/61 57/87/54
f 79/150/113 67/145/108 347/144/107
f 359/152/115 348/146/109 67/145/108
f 80/153/116 68/147/110 348/146/109
f 360/154/117 349/148/111 68/147/110
f 74/155/118 69/113/77 349/148/111
f 69/113/77 57/87/54 339/88/55
f 77/135/98 82/176/137 361/156/119
f 73/157/120 70/124/88 350/125/79
f 354/159/121 351/126/89 70/124/88
f 75/160/122 71/127/90 351/126/89
f 356/161/123 352/163/125 72/162/124
f 77/135/98 66/134/97 352/163/125
f 66/134/97 62/85/52 342/106/70
f 85/164/126 90/194/155 368/165/127
f 243/138/101 1170/137/100 1169/167/129
f 318/169/131 1150/277/235 72/162/124
f 86/171/133 73/157/120 353/158/78
f 358/151/114 347/144/107 65/140/103
f 87/173/134 75/160/122 354/159/121
f 367/175/136 356/161/123 76/123/87
f 82/176/137 77/135/98 356/161/123
f 371/177/138 361/156/119 82/176/137
f 216/179/140 1167/206/166 1166/180/141
f 81/182/143 78/149/112 357/133/96
f 362/183/144 358/151/114 78/149/112
f 83/184/145 79/150/113 358/151/114
f 363/185/146 359/152/115 79/150/113
f 84/186/147 80/153/116 359/152/115
f 364/187/148 360/154/117 80/153/116
f 85/164/126 74/155/118 360/154/117
f 365/166/128 353/114/78 74/155/118
f 94/188/149 81/182/143 361/156/119
f 366/174/135 354/159/121 73/157/120
f 95/189/150 83/184/145 362/183/144
f 373/191/152 363/185/146 83/184/145
f 96/192/153 84/186/147 363/185/146
f 374/193/154 364/187/148 84/186/147
f 90/194/155 85/164/126 364/187/148
f 94/188/149 98/219/179 375/195/156
f 89/196/157 86/171/133 365/172/128
f 369/198/158 366/174/135 86/171/133
f 369/198/158 91/210/170 87/173/134
f 370/199/159 367/175/136 88/122/86
f 93/178/139 82/176/137 367/175/136
f 381/201/161 371/177/138 93/178/139
f 122/130/93 1157/129/92 1158/203/163
f 228/205/165 1168/502/439 1167/206/166
f 101/207/167 89/196/157 368/197/127
f 372/190/151 362/183/144 81/182/143
f 369/198/158 379/221/181 102/1487/1365
f 102/1487/1365 37/209/169 369/198/158
f 380/211/171 370/199/159 92/200/160
f 104/202/162 93/178/139 370/199/159
f 384/213/173 381/201/161 104/202/162
f 50/105/69 190/66/33 1164/118/82
f 137/216/176 446/418/358 182/217/177
f 98/219/179 94/188/149 371/177/138
f 101/207/167 106/235/194 382/220/180
f 97/222/182 95/189/150 372/190/151
f 376/223/183 373/191/152 95/189/150
f 99/224/184 96/192/153 373/191/152
f 377/225/185 374/193/154 96/192/153
f 100/226/186 90/194/155 374/193/154
f 378/227/168 368/165/127 90/194/155
f 110/228/187 97/222/182 375/195/156
f 379/221/181 369/198/158 89/196/157
f 111/230/189 99/224/184 376/223/183
f 387/232/191 377/225/185 99/224/184
f 112/233/192 100/226/186 377/225/185
f 388/234/193 378/227/168 100/226/186
f 106/235/194 101/207/167 378/208/168
f 115/237/195 389/258/216 386/231/190
f 105/238/196 102/1487/1365 379/221/181
f 383/239/197 380/211/171 103/212/172
f 108/214/174 104/202/162 380/211/171
f 120/241/199 394/250/208 384/213/173
f 259/242/200 262/340/294 1173/243/201
f 109/245/203 98/219/179 381/201/161
f 385/229/188 375/195/156 98/219/179
f 118/246/204 105/238/196 382/220/180
f 386/231/190 376/223/183 97/222/182
f 393/248/206 120/241/199 108/214/174
f 123/249/207 397/273/231 394/250/208
f 139/251/209 1159/466/405 1160/252/210
f 394/250/208 121/256/214 109/245/203
f 121/256/214 395/257/215 385/229/188
f 395/257/215 115/237/195 110/228/187
f 122/130/93 396/274/232 393/248/206
f 389/258/216 114/259/217 111/230/189
f 114/259/217 390/260/218 387/232/191
f 390/260/218 116/261/219 112/233/192
f 116/261/219 391/4560/221 388/234/193
f 117/262/220 106/235/194 388/236/193
f 392/247/205 382/220/180 106/235/194
f 399/264/222 126/284/242 114/259/217
f 119/128/91 393/248/206 383/239/197
f 127/265/223 116/261/219 390/260/218
f 401/267/225 391/4560/221 116/261/219
f 391/263/221 401/295/225 128/4561/3905
f 128/4561/3905 38/268/226 391/263/221
f 131/269/227 402/289/247 399/264/222
f 117/262/220 38/268/226 113/271/229
f 135/272/230 406/285/243 397/273/231
f 396/274/232 123/249/207 120/241/199
f 392/247/205 113/271/229 39/275/233
f 1154/276/234 1155/594/526 107/240/198
f 1150/277/235 1151/121/85 76/123/87
f 397/273/231 124/281/239 121/256/214
f 814/278/236 824/722/419 800/279/237
f 124/281/239 398/282/240 395/257/215
f 398/282/240 125/270/228 115/237/195
f 125/270/228 399/264/222 389/258/216
f 405/283/241 135/272/230 123/249/207
f 126/284/242 400/266/224 390/260/218
f 406/285/243 136/287/245 124/281/239
f 1167/206/166 1197/1520/1398 1196/286/244
f 136/287/245 407/288/246 398/282/240
f 407/288/246 131/269/227 125/270/228
f 139/251/209 408/302/258 405/283/241
f 402/289/247 130/290/248 126/284/242
f 130/290/248 403/291/249 400/266/224
f 403/291/249 132/293/251 127/265/223
f 404/292/250 401/267/225 127/265/223
f 133/294/252 128/4561/3905 401/295/225
f 134/204/164 405/283/241 396/274/232
f 411/297/253 142/310/266 130/290/248
f 138/298/254 409/304/260 406/285/243
f 412/299/255 143/300/256 132/293/251
f 143/300/256 413/4562/277 404/292/250
f 404/296/250 413/321/277 40/301/257
f 413/321/277 144/325/280 40/301/257
f 408/302/258 138/298/254 135/272/230
f 150/303/259 419/311/267 409/304/260
f 107/240/198 1155/594/526 1156/305/261
f 409/304/260 140/306/262 136/287/245
f 140/306/262 410/307/263 407/288/246
f 410/307/263 141/308/264 131/269/227
f 141/308/264 411/297/253 402/289/247
f 418/309/265 150/303/259 138/298/254
f 142/310/266 412/299/255 403/291/249
f 419/311/267 151/312/268 140/306/262
f 151/312/268 420/313/269 410/307/263
f 420/313/269 152/314/270 141/308/264
f 152/314/270 421/315/271 411/297/253
f 421/315/271 146/328/283 142/310/266
f 154/316/272 422/347/301 418/309/265
f 415/317/273 145/319/275 143/300/256
f 416/318/274 413/4562/277 143/300/256
f 147/320/276 144/325/280 413/321/277
f 417/323/278 148/327/282 137/216/176
f 149/253/211 418/309/265 408/302/258
f 144/325/280 147/320/276 417/323/278
f 428/326/281 160/343/297 148/327/282
f 146/328/283 415/317/273 412/299/255
f 147/320/276 159/336/290 428/326/281
f 153/329/284 423/346/300 419/311/267
f 426/330/285 158/355/309 145/319/275
f 289/331/286 294/108/72 1177/110/74
f 61/170/132 72/162/124 352/163/125
f 165/333/288 1162/1504/1382 1163/334/95
f 159/336/290 147/320/276 416/322/274
f 162/338/292 429/362/316 426/330/285
f 262/340/294 274/597/529 1174/341/295
f 431/342/296 164/367/320 160/343/297
f 428/326/281 159/336/290 163/344/298
f 166/345/299 433/356/310 423/346/300
f 422/347/301 153/329/284 150/303/259
f 212/181/142 1166/180/141 1165/116/80
f 423/346/300 155/350/304 151/312/268
f 155/350/304 424/351/305 420/313/269
f 424/351/305 156/352/306 152/314/270
f 156/352/306 425/353/307 421/315/271
f 425/353/307 157/339/293 146/328/283
f 157/339/293 426/330/285 415/317/273
f 432/354/308 166/345/299 153/329/284
f 158/355/309 427/364/291 416/318/274
f 433/356/310 167/357/311 155/350/304
f 167/357/311 434/358/312 424/351/305
f 434/358/312 168/359/313 156/352/306
f 168/359/313 435/360/314 425/353/307
f 435/360/314 162/338/292 157/339/293
f 170/361/315 436/380/331 433/356/310
f 429/362/316 161/363/317 158/355/309
f 161/363/317 430/390/318 427/364/291
f 430/365/318 163/344/298 159/336/290
f 165/333/288 432/354/308 422/347/301
f 441/366/319 175/424/363 164/367/320
f 431/342/296 163/344/298 174/368/321
f 439/369/322 173/389/339 161/363/317
f 440/370/323 174/368/321 163/344/298
f 810/254/212 782/818/726 781/371/324
f 176/335/289 442/379/330 432/354/308
f 444/373/326 180/423/362 179/374/327
f 164/367/320 444/373/326 443/375/328
f 176/376/289 316/131/94 562/377/329
f 442/379/330 170/361/315 166/345/299
f 436/380/331 169/381/332 167/357/311
f 169/381/332 437/382/333 434/358/312
f 437/382/333 171/383/334 168/359/313
f 171/383/334 438/384/335 435/360/314
f 438/384/335 172/385/336 162/338/292
f 172/385/336 439/369/322 429/362/316
f 311/386/337 171/398/334 437/387/333
f 173/389/339 440/4563/323 430/390/318
f 312/391/340 172/402/336 438/392/335
f 169/394/332 309/664/593 557/388/338
f 313/395/342 173/403/339 439/396/322
f 171/398/334 311/386/337 558/393/341
f 314/399/344 174/669/321 440/400/323
f 172/402/336 312/391/340 559/397/343
f 173/403/339 313/395/342 560/404/345
f 564/406/346 563/411/351 322/407/347
f 1183/409/349 1184/595/527 1154/276/234
f 563/411/351 564/406/346 304/412/352
f 310/414/354 170/420/315 442/378/330
f 149/253/211 1160/252/210 1161/415/355
f 447/416/356 178/425/364 177/417/357
f 556/419/359 436/675/331 170/420/315
f 203/421/360 464/77/44 454/59/26
f 445/422/361 181/450/389 180/423/362
f 175/424/363 445/422/361 444/373/326
f 443/375/328 179/374/327 178/425/364
f 148/327/282 447/416/356 446/418/358
f 177/417/357 450/428/367 188/426/365
f 446/418/358 177/417/357 42/427/366
f 48/430/369 320/441/380 566/431/370
f 325/432/371 566/431/370 277/433/372
f 160/343/297 443/375/328 447/416/356
f 451/438/377 186/449/388 185/439/378
f 331/437/376 570/436/375 320/441/380
f 284/442/381 46/619/549 269/443/382
f 180/423/362 451/438/377 449/440/379
f 452/445/384 184/446/385 183/429/368
f 449/440/379 185/439/378 184/446/385
f 179/374/327 449/440/379 452/445/384
f 453/67/34 189/68/35 202/447/386
f 178/425/364 452/445/384 450/428/367
f 448/448/387 187/4564/595 186/449/388
f 534/444/383 269/443/382 47/434/373
f 181/450/389 448/448/387 451/438/377
f 453/67/34 332/107/71 49/111/75
f 473/451/390 212/181/142 201/139/102
f 204/452/391 465/84/51 455/73/40
f 467/453/392 206/475/413 202/447/386
f 198/454/393 466/93/60 456/64/31
f 468/455/394 205/478/416 203/421/360
f 457/76/43 194/81/48 197/456/395
f 469/457/396 207/483/421 204/452/391
f 199/458/397 461/4565/68 458/99/50
f 470/459/398 208/473/411 198/454/393
f 200/460/399 462/112/76 459/92/59
f 471/462/401 209/463/402 197/456/395
f 209/463/402 470/459/398 460/100/64
f 474/464/403 214/492/430 209/463/402
f 472/465/404 210/468/406 199/458/397
f 134/204/164 1158/203/163 1159/466/405
f 471/467/401 461/4565/68 199/458/397
f 747/469/407 748/698/619 676/470/408
f 480/472/410 220/490/428 208/473/411
f 211/474/412 472/465/404 462/112/76
f 463/65/32 202/447/386 206/475/413
f 477/476/414 217/489/427 206/475/413
f 475/477/415 213/494/432 210/468/406
f 205/478/416 467/453/392 464/77/44
f 734/479/417 616/975/757 660/480/418
f 476/482/420 216/179/140 212/181/142
f 207/483/421 468/455/394 465/84/51
f 208/473/411 469/457/396 466/93/60
f 478/484/422 218/485/423 205/478/416
f 467/453/392 205/478/416 218/485/423
f 479/486/424 219/487/425 207/483/421
f 219/487/425 478/484/422 468/455/394
f 481/488/426 222/506/443 217/489/427
f 220/490/428 479/486/424 469/457/396
f 482/491/429 221/509/446 218/485/423
f 214/492/430 480/472/410 470/459/398
f 483/493/431 223/511/448 219/487/425
f 471/467/401 210/468/406 213/494/432
f 484/496/433 224/512/449 220/490/428
f 215/497/434 475/477/415 472/465/404
f 485/498/435 225/500/437 214/492/430
f 473/451/390 206/475/413 217/489/427
f 488/499/436 230/522/459 225/500/437
f 486/501/438 226/503/440 213/494/432
f 1168/502/439 228/205/165 232/168/130
f 226/503/440 485/524/435 474/495/403
f 487/504/441 228/205/165 216/179/140
f 227/505/442 486/501/438 475/477/415
f 476/482/420 217/489/427 222/506/443
f 491/507/444 233/519/456 222/506/443
f 489/508/445 229/525/461 226/503/440
f 221/509/446 481/488/426 477/476/414
f 490/510/447 232/168/130 228/205/165
f 223/511/448 482/491/429 478/484/422
f 224/512/449 483/493/431 479/486/424
f 492/513/450 234/515/452 221/509/446
f 225/500/437 484/496/433 480/472/410
f 493/514/451 235/517/454 223/511/448
f 481/488/426 221/509/446 234/515/452
f 494/516/453 236/520/457 224/512/449
f 235/517/454 492/513/450 482/491/429
f 501/518/455 244/536/471 233/519/456
f 236/520/457 493/514/451 483/493/431
f 495/521/458 238/539/474 234/515/452
f 230/522/459 494/516/453 484/496/433
f 496/523/460 237/541/476 235/517/454
f 485/524/435 226/503/440 229/525/461
f 497/527/462 239/542/477 236/520/457
f 489/508/445 486/501/438 227/505/442
f 498/529/464 240/535/470 230/522/459
f 487/504/441 222/506/443 233/519/456
f 499/530/465 241/531/466 229/525/461
f 103/212/172 92/200/160 1153/410/350
f 241/531/466 498/553/464 488/526/436
f 500/532/467 243/138/101 232/168/130
f 43/533/468 242/556/490 489/508/445
f 242/556/490 499/530/465 489/508/445
f 508/534/469 252/550/485 240/535/470
f 490/510/447 233/519/456 244/536/471
f 504/537/472 248/558/492 244/536/471
f 502/538/473 246/552/487 241/531/466
f 61/170/132 50/105/69 355/215/175
f 238/539/474 501/518/455 491/507/444
f 503/540/475 247/136/99 243/138/101
f 237/541/476 495/521/458 492/513/450
f 239/542/477 496/523/460 493/514/451
f 505/543/478 249/549/484 238/539/474
f 240/535/470 497/527/462 494/516/453
f 506/544/479 250/545/480 237/541/476
f 250/545/480 505/543/478 495/521/458
f 507/546/481 251/547/482 239/542/477
f 251/547/482 506/544/479 496/523/460
f 515/548/483 261/571/505 249/549/484
f 252/550/485 507/546/481 497/527/462
f 509/551/486 255/573/507 250/545/480
f 246/552/487 508/580/469 498/553/464
f 510/554/488 254/574/508 251/547/482
f 245/555/489 502/538/473 499/530/465
f 511/557/491 256/577/511 252/550/485
f 500/532/467 244/536/471 248/558/492
f 514/559/493 260/563/497 248/558/492
f 512/560/494 257/566/500 246/552/487
f 501/518/455 238/539/474 249/549/484
f 259/242/200 247/136/99 503/540/475
f 258/562/496 512/560/494 502/538/473
f 513/561/495 503/540/475 248/558/492
f 263/564/498 260/563/497 514/559/493
f 257/566/500 512/560/494 253/567/501
f 259/242/200 1172/244/202 1171/569/503
f 1176/332/287 1175/625/555 279/570/504
f 504/537/472 249/549/484 261/571/505
f 262/340/294 259/242/200 513/561/495
f 255/573/507 515/548/483 505/543/478
f 254/574/508 509/551/486 506/544/479
f 264/575/509 261/571/505 515/548/483
f 256/577/511 510/554/488 507/546/481
f 265/578/512 255/573/507 509/551/486
f 257/566/500 511/587/491 508/580/469
f 266/581/514 254/574/508 510/554/488
f 519/579/513 509/551/486 254/574/508
f 521/583/516 267/584/517 256/577/511
f 267/584/517 520/582/515 510/554/488
f 271/585/518 265/578/512 519/579/513
f 44/568/502 268/611/542 511/587/491
f 268/611/542 521/610/516 511/587/491
f 270/588/520 266/581/514 520/582/515
f 512/560/494 258/562/496 45/590/522
f 275/591/523 263/564/498 517/565/499
f 524/593/525 272/606/538 267/584/517
f 516/572/506 513/561/495 260/563/497
f 1155/594/526 1154/276/234 1184/595/527
f 261/571/505 264/575/509 517/565/499
f 274/597/529 262/340/294 516/572/506
f 518/576/510 515/548/483 255/573/507
f 525/598/530 516/572/506 263/564/498
f 276/599/531 264/575/509 518/576/510
f 264/575/509 276/599/531 526/592/524
f 279/570/504 274/597/529 525/598/530
f 265/578/512 271/585/518 527/600/532
f 278/602/534 275/591/523 526/592/524
f 522/586/519 519/579/513 266/581/514
f 280/604/536 276/599/531 527/600/532
f 272/606/538 523/589/521 520/582/515
f 281/607/539 271/585/518 522/586/519
f 273/609/541 524/4566/525 521/610/516
f 282/612/543 270/588/520 523/589/521
f 531/608/540 522/586/519 270/588/520
f 283/614/545 272/606/538 524/593/525
f 532/613/544 523/589/521 272/606/538
f 292/616/547 281/607/539 531/608/540
f 46/619/549 284/442/381 533/618/546
f 533/618/546 524/4566/525 273/609/541
f 286/620/550 282/612/543 532/613/544
f 528/601/533 525/598/530 275/591/523
f 290/622/552 278/602/534 529/603/535
f 536/624/554 285/635/565 283/614/545
f 274/597/529 279/570/504 1175/625/555
f 92/200/160 88/122/86 1152/626/556
f 529/603/535 526/592/524 276/599/531
f 289/331/286 279/570/504 528/601/533
f 530/605/537 527/600/532 271/585/518
f 538/627/557 528/601/533 278/602/534
f 291/628/558 280/604/536 530/605/537
f 280/604/536 291/628/558 539/623/553
f 294/108/72 289/331/286 538/627/557
f 540/629/559 530/605/537 281/607/539
f 293/631/561 290/622/552 539/623/553
f 282/612/543 286/620/550 541/617/548
f 295/633/563 291/628/558 540/629/559
f 535/621/551 532/613/544 283/614/545
f 296/636/566 292/616/547 541/617/548
f 287/638/568 536/649/554 533/618/546
f 300/413/353 548/644/574 537/639/569
f 297/641/571 286/620/550 535/621/551
f 547/643/573 298/645/575 285/635/565
f 537/639/569 534/444/383 277/433/372
f 287/638/568 284/442/381 534/444/383
f 548/644/574 299/648/578 287/638/568
f 546/642/572 535/621/551 285/635/565
f 303/646/576 299/648/578 548/644/574
f 551/647/577 548/644/574 300/413/353
f 299/648/578 547/4567/573 536/649/554
f 302/651/580 297/641/571 546/642/572
f 301/653/582 298/645/575 547/643/573
f 542/630/560 538/627/557 290/622/552
f 306/655/584 293/631/561 543/632/562
f 314/399/344 303/646/576 551/647/577
f 561/657/586 551/647/577 304/412/352
f 543/632/562 539/623/553 291/628/558
f 305/119/83 294/108/72 542/630/560
f 544/634/564 540/629/559 292/616/547
f 545/637/567 541/617/548 286/620/550
f 307/660/589 295/633/563 544/634/564
f 552/659/588 542/630/560 293/631/561
f 308/662/591 296/636/566 545/637/567
f 295/633/563 307/660/589 553/656/585
f 316/131/94 305/119/83 552/659/588
f 554/661/590 544/634/564 296/636/566
f 310/414/354 306/655/584 553/656/585
f 297/641/571 302/651/580 555/663/592
f 309/664/593 307/660/589 554/661/590
f 549/652/581 546/642/572 298/645/575
f 311/386/337 308/662/591 555/663/592
f 550/665/583 547/4567/573 299/648/578
f 312/391/340 302/651/580 549/652/581
f 313/395/342 301/653/582 550/654/583
f 559/397/343 549/652/581 301/653/582
f 448/666/387 568/678/599 330/667/594
f 174/669/321 314/399/344 561/657/586
f 441/670/319 561/657/586 315/658/587
f 560/401/345 550/665/583 303/646/576
f 562/377/329 552/659/588 306/655/584
f 445/672/361 565/677/598 324/673/596
f 556/419/359 553/656/585 307/660/589
f 557/388/338 554/661/590 308/662/591
f 558/393/341 555/663/592 302/651/580
f 309/664/593 169/394/332 436/675/331
f 564/406/346 565/677/598 315/658/587
f 565/677/598 564/406/346 323/408/348
f 181/674/389 324/673/596 568/678/599
f 175/671/363 315/658/587 565/677/598
f 570/436/375 572/681/602 321/679/600
f 567/680/601 563/411/351 300/413/353
f 321/679/600 322/407/347 563/411/351
f 567/680/601 566/431/370 320/441/380
f 566/431/370 567/680/601 288/640/570
f 572/681/602 569/692/613 322/407/347
f 609/682/603 577/836/742 606/683/604
f 572/681/602 570/436/375 326/435/374
f 571/686/607 568/678/599 324/673/596
f 329/687/608 330/667/594 568/678/599
f 746/688/609 747/469/407 675/471/409
f 327/685/606 328/693/614 569/692/613
f 571/686/607 569/692/613 328/693/614
f 569/692/613 571/686/607 323/408/348
f 683/694/615 682/721/639 680/695/616
f 747/469/407 753/699/620 750/697/618
f 753/699/620 747/469/407 746/688/609
f 684/701/622 683/694/615 681/696/617
f 755/703/624 753/699/620 752/700/621
f 674/689/610 675/471/409 681/696/617
f 812/691/612 819/690/611 752/700/621
f 680/695/616 826/747/662 816/705/626
f 630/706/627 749/716/634 677/707/628
f 756/709/630 750/697/618 753/699/620
f 586/708/629 588/731/647 678/710/623
f 586/708/629 676/711/408 748/712/619
f 679/713/631 588/731/647 586/708/629
f 589/714/632 679/713/631 677/707/628
f 587/715/633 677/707/628 749/716/634
f 751/718/636 749/716/634 630/706/627
f 689/720/638 688/737/652 682/721/639
f 824/722/419 814/278/236 733/723/640
f 802/725/641 808/740/655 803/726/642
f 730/728/644 724/832/738 725/729/645
f 588/731/647 590/733/648 684/732/622
f 590/733/648 588/731/647 679/713/631
f 591/735/650 685/734/649 679/713/631
f 691/736/651 690/742/657 688/737/652
f 683/694/615 684/701/622 686/738/653
f 732/739/654 733/723/640 814/278/236
f 697/741/656 696/762/676 690/742/657
f 688/737/652 835/772/686 830/746/661
f 682/721/639 830/746/661 826/747/662
f 692/748/663 691/736/651 689/720/638
f 592/749/664 686/760/653 684/732/622
f 687/750/665 592/749/664 590/733/648
f 593/751/666 687/750/665 685/734/649
f 789/752/667 790/953/844 786/753/668
f 703/755/670 820/348/302 813/756/671
f 594/759/674 692/776/663 686/760/653
f 595/761/675 693/773/687 687/750/665
f 696/762/676 697/741/656 698/763/677
f 691/736/651 692/748/663 694/764/678
f 808/740/655 802/725/641 837/765/679
f 788/769/683 789/752/667 785/754/669
f 696/762/676 815/791/703 809/771/685
f 690/742/657 809/771/685 835/772/686
f 693/773/687 594/759/674 592/749/664
f 699/774/688 698/763/677 697/741/656
f 596/775/689 694/782/678 692/776/663
f 695/777/690 596/775/689 594/759/674
f 595/761/675 597/785/697 695/777/690
f 705/778/691 704/779/692 698/763/677
f 704/779/692 703/755/670 701/757/672
f 787/770/684 832/255/213 836/650/579
f 598/781/694 699/795/688 694/782/678
f 783/784/696 782/818/726 787/770/684
f 574/786/698 599/797/707 695/777/690
f 599/797/707 700/787/699 695/777/690
f 596/775/689 695/777/690 700/787/699
f 822/141/104 817/143/106 775/788/700
f 815/791/703 696/762/676 701/757/672
f 808/740/655 814/278/236 804/280/238
f 707/793/704 706/807/717 704/779/692
f 703/755/670 709/798/708 833/349/303
f 601/794/705 705/810/691 699/795/688
f 600/796/706 702/804/714 700/787/699
f 709/798/708 710/808/718 834/780/693
f 188/799/709 183/1033/912 624/800/710
f 604/803/713 708/811/720 702/804/714
f 702/804/714 601/794/705 598/781/694
f 825/743/658 811/744/659 715/805/715
f 706/807/717 711/823/731 710/808/718
f 709/798/708 703/755/670 704/779/692
f 603/809/719 707/815/704 705/810/691
f 708/811/720 603/809/719 601/794/705
f 713/812/721 711/823/731 712/813/722
f 710/808/718 715/805/715 811/744/659
f 575/816/724 605/825/733 707/815/704
f 605/825/733 712/827/722 707/815/704
f 603/809/719 708/811/720 602/817/725
f 782/818/726 783/784/696 778/819/727
f 708/811/720 604/803/713 576/820/728
f 818/766/680 827/783/695 760/821/729
f 776/822/730 770/917/813 773/789/701
f 706/807/717 707/793/704 712/813/722
f 716/806/716 715/805/715 713/812/721
f 715/805/715 710/808/718 711/823/731
f 605/825/733 607/835/741 714/826/723
f 723/828/734 717/824/732 718/829/735
f 821/767/681 828/758/673 722/831/737
f 716/806/716 722/831/737 828/758/673
f 719/684/605 606/683/604 578/833/739
f 609/682/603 718/840/735 607/835/741
f 718/840/735 714/826/723 607/835/741
f 623/837/743 739/879/778 608/834/740
f 717/824/732 713/812/721 714/814/723
f 724/832/738 722/831/737 723/828/734
f 725/729/645 723/828/734 720/830/736
f 717/824/732 723/828/734 722/831/737
f 610/839/745 720/846/736 718/840/735
f 721/841/746 719/684/605 608/834/740
f 721/841/746 610/839/745 609/682/603
f 727/843/748 721/841/746 611/842/747
f 727/843/748 612/845/750 610/839/745
f 612/845/750 726/854/744 720/846/736
f 729/847/751 727/843/748 613/844/749
f 614/849/753 612/845/750 727/843/748
f 732/850/654 730/728/644 731/730/646
f 823/768/682 821/767/681 724/832/738
f 731/730/646 725/729/645 726/838/744
f 728/852/754 734/4568/417 733/851/640
f 612/845/750 614/849/753 728/853/754
f 735/855/755 729/847/751 615/848/752
f 616/857/757 614/849/753 729/847/751
f 614/849/753 616/857/757 734/858/417
f 619/859/758 620/863/762 736/860/759
f 737/862/761 736/860/759 620/863/762
f 615/848/752 613/844/749 736/860/759
f 761/865/764 755/703/624 754/704/625
f 674/689/610 816/705/626 812/691/612
f 837/792/679 823/768/682 730/728/644
f 769/866/765 763/902/801 762/867/766
f 841/869/768 665/981/862 664/870/769
f 659/872/771 841/869/768 840/871/770
f 629/874/773 743/880/779 618/875/774
f 740/861/760 739/879/778 618/875/774
f 738/877/776 737/862/761 621/864/763
f 617/856/756 615/848/752 737/862/761
f 611/842/747 608/834/740 739/879/778
f 739/879/778 623/837/743 579/876/775
f 585/882/781 667/886/785 843/883/782
f 652/885/784 843/883/782 667/886/785
f 740/861/760 736/860/759 613/844/749
f 627/891/790 628/4569/3906 741/892/791
f 744/893/792 742/896/795 626/894/793
f 662/884/783 847/890/789 673/889/788
f 584/887/786 650/899/798 791/895/794
f 621/864/763 620/863/762 742/896/795
f 745/897/796 743/880/779 624/881/780
f 625/898/797 626/894/793 742/896/795
f 745/897/796 742/896/795 620/863/762
f 619/859/758 618/875/774 743/880/779
f 650/899/798 583/4570/3907 653/900/799
f 744/893/792 741/892/791 622/878/777
f 414/324/279 137/216/176 41/218/178
f 763/902/801 761/865/764 760/821/729
f 754/704/625 752/700/621 819/690/611
f 748/712/619 750/906/618 632/719/637
f 749/716/634 751/718/636 633/903/802
f 634/904/803 757/911/808 751/718/636
f 778/819/727 776/822/730 775/788/700
f 756/905/630 634/904/803 632/719/637
f 764/907/804 758/909/806 761/865/764
f 751/718/636 757/911/808 635/908/805
f 755/703/624 761/865/764 758/909/806
f 636/910/807 759/918/814 757/911/808
f 768/868/767 762/867/766 831/745/660
f 827/783/695 831/745/660 762/867/766
f 756/905/630 758/916/806 636/910/807
f 757/911/808 759/918/814 637/912/809
f 765/913/810 759/918/814 636/910/807
f 794/915/812 795/939/832 789/752/667
f 758/916/806 764/925/804 638/914/811
f 768/868/767 773/789/701 770/917/813
f 759/918/814 765/913/810 639/919/815
f 763/902/801 769/866/765 766/920/816
f 767/921/817 765/913/810 638/914/811
f 807/727/643 803/726/642 796/923/819
f 771/924/820 766/920/816 769/866/765
f 773/789/701 768/868/767 838/676/597
f 764/925/804 766/926/816 640/922/818
f 767/921/817 641/4571/3908 639/919/815
f 766/926/816 771/933/820 642/927/821
f 777/928/822 771/924/820 770/917/813
f 641/4571/3908 767/921/817 580/929/823
f 767/921/817 772/931/825 643/930/824
f 772/931/825 767/921/817 640/922/818
f 779/932/826 777/928/822 776/822/730
f 806/372/325 781/371/324 775/788/700
f 771/933/820 777/944/822 645/934/827
f 772/931/825 774/938/831 644/935/828
f 780/936/829 774/938/831 645/934/827
f 642/927/821 645/934/827 774/938/831
f 796/923/819 797/958/846 795/939/832
f 774/938/831 780/936/829 648/940/833
f 646/941/834 780/936/829 647/937/830
f 784/943/836 779/932/826 778/819/727
f 785/754/669 786/753/668 784/943/836
f 777/944/822 779/945/826 647/937/830
f 832/255/213 787/770/684 782/818/726
f 647/937/830 779/945/826 581/942/835
f 779/945/826 784/954/836 649/946/837
f 780/936/829 646/941/834 582/947/838
f 113/948/839 602/952/843 576/949/840
f 38/951/842 575/1014/893 602/952/843
f 795/939/832 792/959/847 790/953/844
f 784/954/836 786/956/668 651/955/845
f 839/802/712 794/915/812 788/769/683
f 794/915/812 839/802/712 805/790/702
f 790/957/844 653/900/799 583/4570/3907
f 583/4570/3907 651/955/845 790/957/844
f 797/958/846 798/961/849 792/959/847
f 790/957/844 792/967/847 654/960/848
f 804/280/238 800/279/237 798/961/849
f 793/962/850 799/964/852 657/873/772
f 654/960/848 793/962/850 791/895/794
f 793/962/850 655/963/851 652/885/784
f 654/960/848 656/968/855 799/964/852
f 799/964/852 656/968/855 658/965/853
f 801/966/854 659/872/771 657/873/772
f 792/967/847 798/971/849 656/968/855
f 803/726/642 804/280/238 797/958/846
f 801/966/854 658/965/853 660/480/418
f 829/969/856 661/977/859 659/872/771
f 800/970/237 658/965/853 656/968/855
f 741/972/791 628/4572/3906 672/973/857
f 829/969/856 660/480/418 616/975/757
f 735/976/755 617/984/756 661/977/859
f 824/481/419 660/480/418 658/965/853
f 738/978/776 622/983/777 666/979/860
f 661/977/859 842/980/861 841/869/768
f 842/980/861 666/979/860 665/981/862
f 657/873/772 840/871/770 844/982/863
f 622/983/777 741/972/791 845/974/858
f 617/984/756 738/978/776 842/980/861
f 663/985/864 849/986/865 847/890/789
f 655/963/851 844/982/863 843/883/782
f 844/982/863 663/985/864 662/884/783
f 840/871/770 664/870/769 663/985/864
f 664/870/769 846/1000/879 849/986/865
f 40/987/866 129/996/875 606/988/867
f 849/986/865 669/1002/881 668/888/787
f 666/979/860 845/974/858 848/990/869
f 845/974/858 672/973/857 671/991/870
f 60/992/871 71/1007/886 591/993/872
f 41/995/874 578/1031/910 606/988/867
f 56/997/876 587/1008/887 631/998/877
f 665/981/862 848/990/869 846/1000/879
f 848/990/869 671/991/870 670/1001/880
f 846/1000/879 670/1001/880 669/1002/881
f 211/1003/882 635/1044/923 637/1004/883
f 75/1006/885 593/1010/889 591/993/872
f 60/992/871 589/994/873 587/1008/887
f 75/1006/885 87/1011/890 595/1009/888
f 87/1011/890 91/1017/896 597/1012/891
f 128/1013/892 605/1016/895 575/1014/893
f 128/1013/892 133/1027/906 607/1015/894
f 91/1017/896 37/4573/3909 574/1018/897
f 44/1019/898 253/1022/901 646/1020/899
f 253/1022/901 45/1501/1379 582/1023/902
f 186/1024/903 627/1037/916 626/1025/904
f 133/1027/906 40/987/866 577/989/868
f 42/1028/907 579/1035/914 623/1029/908
f 41/995/874 182/1030/909 623/1029/908
f 184/1032/911 625/1034/913 624/800/710
f 185/1026/905 626/1025/904 625/1034/913
f 188/799/709 629/801/711 579/1035/914
f 187/1036/915 628/4574/954 627/1037/916
f 200/1038/917 196/999/878 631/998/877
f 970/1040/919 102/1487/1365 105/238/196
f 227/1042/921 215/1005/884 637/1004/883
f 200/1038/917 633/1039/918 635/1044/923
f 46/1045/924 583/1057/936 650/1046/925
f 47/1048/927 269/1047/926 650/1046/925
f 227/1042/921 639/1043/922 641/1050/929
f 231/1051/930 641/1050/929 580/1052/931
f 268/1054/933 649/1058/937 651/1055/934
f 273/1056/935 651/1055/934 583/1057/936
f 268/1054/933 44/1019/898 581/1021/900
f 330/1059/938 329/1074/953 671/1060/939
f 327/1062/941 326/1070/949 668/1063/942
f 48/1065/944 325/1068/947 667/1066/945
f 47/1048/927 584/1049/928 667/1066/945
f 331/1069/948 673/1071/950 668/1063/942
f 331/1069/948 48/1065/944 585/1067/946
f 328/1072/951 327/1062/941 669/1064/943
f 329/1074/953 328/1072/951 670/1073/952
f 187/1075/915 330/1059/938 672/1061/940
f 864/1077/955 991/1419/1297 1036/1078/956
f 851/1080/958 887/1110/988 1000/1081/959
f 978/1083/961 994/1090/968 995/1084/962
f 881/1086/964 1083/1155/1033 1128/1087/965
f 975/1089/967 974/1094/972 995/1084/962
f 995/1084/962 996/1095/973 976/1091/969
f 975/1089/967 994/1090/968 882/1092/970
f 974/1094/972 973/1097/975 996/1095/973
f 118/246/204 39/275/233 851/1080/958
f 852/1096/974 885/4575/3910 996/1095/973
f 976/1091/969 855/1103/981 886/1098/976
f 979/1100/978 999/1107/985 998/1101/979
f 996/1095/973 885/4575/3910 855/1103/981
f 856/1104/982 981/1105/983 997/1099/977
f 998/1101/979 997/1099/977 981/1105/983
f 857/1106/984 884/1111/989 999/1107/985
f 974/1094/972 975/1089/967 1008/1108/986
f 979/1100/978 1000/1081/959 887/1110/988
f 977/1085/963 976/1091/969 997/1099/977
f 977/1085/963 998/1101/979 999/1107/985
f 978/1083/961 999/1107/985 884/1111/989
f 979/1100/978 980/1102/980 1001/1113/991
f 1002/1114/992 1001/1113/991 980/1102/980
f 1001/1113/991 1002/1114/992 970/1040/919
f 1003/1115/993 1004/1120/998 986/1116/994
f 883/1118/996 1002/1114/992 981/1105/983
f 984/1119/997 983/1123/1001 1004/1120/998
f 1004/1120/998 1005/1124/1002 985/1121/999
f 1003/1115/993 888/1125/1003 859/1122/1000
f 983/1123/1001 982/1126/1004 1005/1124/1002
f 987/1117/995 860/1134/1012 888/1125/1003
f 982/1126/1004 858/1144/1022 891/1127/1005
f 861/1128/1006 889/1131/1009 1006/1129/1007
f 1009/1130/1008 1010/1136/1014 983/1123/1001
f 1005/1124/1002 891/1127/1005 861/1128/1006
f 973/1097/975 1006/1129/1007 889/1131/1009
f 1007/1109/987 1006/1129/1007 973/1097/975
f 975/1089/967 853/1093/971 890/1132/1010
f 984/1119/997 859/1122/1000 892/1133/1011
f 986/1116/994 985/1121/999 1006/1129/1007
f 987/1117/995 986/1116/994 1007/1109/987
f 860/1134/1012 987/1117/995 1008/1108/986
f 990/1135/1013 989/1138/1016 1010/1136/1014
f 1010/1136/1014 1011/1139/1017 982/1126/1004
f 863/1137/1015 990/1135/1013 1009/1130/1008
f 989/1138/1016 988/1140/1018 1011/1139/1017
f 988/1140/1018 862/1158/1036 893/1141/1019
f 990/1135/1013 863/1137/1015 894/1142/1020
f 1012/1143/1021 1013/1146/1024 989/1138/1016
f 1011/1139/1017 893/1141/1019 858/1144/1022
f 993/1145/1023 992/1148/1026 1013/1146/1024
f 1013/1146/1024 1014/1149/1027 988/1140/1018
f 865/1147/1025 993/1145/1023 1012/1143/1021
f 992/1148/1026 991/1151/1029 1014/1149/1027
f 864/1150/1028 895/1157/1035 1014/1149/1027
f 914/1152/1030 1023/1238/1116 1039/1153/1031
f 1083/1155/1033 1082/1474/1352 1127/1156/1034
f 988/1140/1018 1014/1149/1027 895/1157/1035
f 911/1159/1037 1017/1484/1362 1045/1160/1038
f 1085/1162/1040 1064/1174/1052 1065/1163/1041
f 1086/1165/1043 1066/1171/1049 871/1166/1044
f 1060/1168/1046 1061/1192/1070 245/555/489
f 896/1169/1047 1084/1164/1042 1065/1163/1041
f 1066/1171/1049 1086/1165/1043 1085/1162/1040
f 870/1173/1051 1068/1178/1056 1084/1164/1042
f 1064/1174/1052 1085/1162/1040 1086/1165/1043
f 1086/1165/1043 899/1167/1045 868/1176/1054
f 1088/1177/1055 1067/1172/1050 1068/1178/1056
f 1066/1171/1049 1087/1186/1064 900/1180/1058
f 1070/1181/1059 1088/1177/1055 1089/1179/1057
f 1097/1183/1061 1076/1200/1078 1077/1184/1062
f 1087/1186/1064 1066/1171/1049 1067/1172/1050
f 1068/1178/1056 870/1173/1051 898/1187/1065
f 1071/1188/1066 1087/1186/1064 1088/1177/1055
f 873/1189/1067 1069/1182/1060 1089/1179/1057
f 1091/1190/1068 1070/1181/1059 1069/1182/1060
f 1061/1192/1070 1091/1190/1068 1090/1191/1069
f 1070/1181/1059 1091/1190/1068 1092/1194/1072
f 1069/1182/1060 873/1189/1067 901/1195/1073
f 1071/1188/1066 1092/1194/1072 897/1196/1074
f 902/1198/1076 876/1213/1091 1077/1184/1062
f 1076/1200/1078 1094/1201/1079 1093/1199/1077
f 1094/1201/1079 1073/1208/1086 1074/1202/1080
f 1095/1203/1081 1075/1207/1085 877/1204/1082
f 1060/1168/1046 1092/1194/1072 1091/1190/1068
f 875/1206/1084 902/1198/1076 1093/1199/1077
f 1075/1207/1085 1095/1203/1081 1094/1201/1079
f 1073/1208/1086 1094/1201/1079 1095/1203/1081
f 1072/1209/1087 1095/1203/1081 905/1205/1083
f 1072/1209/1087 1101/1218/1096 1100/1211/1089
f 1096/1212/1090 903/1499/1377 877/1204/1082
f 1064/1174/1052 1097/1183/1061 1098/1185/1063
f 1096/1212/1090 1075/1207/1085 1076/1200/1078
f 876/1213/1091 904/1215/1093 1098/1185/1063
f 1096/1212/1090 1097/1183/1061 1064/1174/1052
f 1074/1202/1080 1099/1216/1094 906/1214/1092
f 1065/1163/1041 1098/1185/1063 904/1215/1093
f 1073/1208/1086 1100/1211/1089 1099/1216/1094
f 1100/1211/1089 1079/1221/1099 1080/1217/1095
f 1101/1218/1096 1072/1209/1087 874/1210/1088
f 879/1220/1098 906/1214/1092 1099/1216/1094
f 1079/1221/1099 1100/1211/1089 1101/1218/1096
f 1080/1217/1095 1102/1227/1105 908/1223/1101
f 1078/1222/1100 1101/1218/1096 907/1219/1097
f 1078/1222/1100 1104/1231/1109 1103/1225/1103
f 1103/1225/1103 1082/4576/3911 1083/1226/1104
f 909/1228/1106 1104/1231/1109 1078/1222/1100
f 1079/1221/1099 1103/1225/1103 1102/1227/1105
f 881/1229/1107 908/1223/1101 1102/1227/1105
f 1081/1230/1108 1082/4576/3911 1103/1225/1103
f 1024/1232/1110 1045/1160/1038 1046/1233/1111
f 1104/1231/1109 909/1228/1106 880/1235/1113
f 1020/1236/1114 913/1282/1160 942/1154/1032
f 1040/1237/1115 1039/1153/1031 1023/1238/1116
f 1020/1236/1114 1039/1153/1031 1040/1237/1115
f 1021/1241/1119 1041/1242/1120 1040/1237/1115
f 1019/1240/1118 1040/1237/1115 1041/1242/1120
f 912/1244/1122 1018/1243/1121 1041/1242/1120
f 1021/1241/1119 1042/1251/1129 946/1246/1124
f 915/1247/1125 945/1245/1123 1041/1242/1120
f 1024/1232/1110 917/1248/1126 947/1161/1039
f 917/1248/1126 1024/1232/1110 1044/1249/1127
f 1022/1239/1117 1043/1253/1131 1042/1251/1129
f 1026/1252/1130 1042/1251/1129 1043/1253/1131
f 1029/1254/1132 1054/1279/1157 952/1255/1133
f 1042/1251/1129 1026/1252/1130 916/1257/1135
f 1024/1232/1110 1025/1234/1112 1043/1253/1131
f 1022/1239/1117 1023/1238/1116 1044/1249/1127
f 1023/1238/1116 914/1152/1030 944/1250/1128
f 1025/1234/1112 1046/1233/1111 1047/1258/1136
f 1015/1259/1137 1047/1258/1136 1046/1233/1111
f 1047/1258/1136 1015/1259/1137 910/1261/1139
f 1026/1252/1130 1047/1258/1136 943/1262/1140
f 919/1256/1134 948/1265/1143 1048/1263/1141
f 1032/1264/1142 1048/1263/1141 948/1265/1143
f 1031/1267/1145 1049/1268/1146 1048/1263/1141
f 1029/1254/1132 1048/1263/1141 1049/1268/1146
f 1030/1270/1148 1050/1271/1149 1049/1268/1146
f 1028/1269/1147 1049/1268/1146 1050/1271/1149
f 1027/1272/1150 1050/1271/1149 951/1273/1151
f 921/1275/1153 1030/1270/1148 1051/1276/1154
f 921/1275/1153 951/1273/1151 1050/1271/1149
f 923/1278/1156 952/1255/1133 1054/1279/1157
f 1020/1236/1114 1053/1284/1162 950/1281/1159
f 1031/1267/1145 1052/1283/1161 1051/1276/1154
f 1018/1243/1121 1051/1276/1154 1052/1283/1161
f 949/1277/1155 1051/1276/1154 1018/1243/1121
f 1019/1240/1118 1052/1283/1161 1053/1284/1162
f 1032/1264/1142 1053/1284/1162 1052/1283/1161
f 920/1266/1144 950/1281/1159 1053/1284/1162
f 1028/1269/1147 1055/1285/1163 1054/1279/1157
f 1035/1280/1158 1054/1279/1157 1055/1285/1163
f 1027/1272/1150 1056/1287/1165 1055/1285/1163
f 1034/1286/1164 1055/1285/1163 1056/1287/1165
f 1033/1288/1166 1056/1287/1165 953/1289/1167
f 1035/1280/1158 1057/1293/1171 954/1291/1169
f 918/1274/1152 953/1289/1167 1056/1287/1165
f 925/1292/1170 954/1291/1169 1057/1293/1171
f 1034/1286/1164 1058/1295/1173 1057/1293/1171
f 1038/1294/1172 1057/1293/1171 1058/1295/1173
f 1033/1288/1166 1059/1297/1175 1058/1295/1173
f 1037/1296/1174 1058/1295/1173 1059/1297/1175
f 924/1299/1177 1036/1298/1176 1059/1297/1175
f 854/1301/1179 914/1380/1258 942/1302/1180
f 955/1300/1178 1059/1297/1175 1033/1288/1166
f 866/1304/1182 1060/1168/1046 242/556/490
f 956/1305/1183 929/4577/3912 1110/1306/1184
f 1109/1308/1186 1108/1348/1226 1131/1309/1187
f 1130/1310/1188 1129/1307/1185 1110/1306/1184
f 1129/1307/1185 1130/1310/1188 1112/1311/1189
f 930/1313/1191 956/1305/1183 1129/1307/1185
f 1111/1314/1192 1112/1311/1189 1130/1310/1188
f 1115/1315/1193 1114/1327/1205 1134/1316/1194
f 1133/1317/1195 1132/1325/1203 1116/1318/1196
f 960/1319/1197 1132/1325/1203 1111/1314/1192
f 1131/1309/1187 959/1498/1376 931/1320/1198
f 1109/1308/1186 1110/1306/1184 1143/1321/1199
f 958/1323/1201 930/1313/1191 1113/1312/1190
f 1113/1312/1190 1112/1311/1189 1133/1317/1195
f 932/1324/1202 1116/1318/1196 1132/1325/1203
f 933/1326/1204 958/1323/1201 1134/1316/1194
f 1115/1315/1193 1116/1318/1196 1137/1328/1206
f 1136/1329/1207 1135/1331/1209 1114/1327/1205
f 1132/1325/1203 1133/1317/1195 1112/1311/1189
f 961/1330/1208 933/1326/1204 1114/1327/1205
f 927/1332/1210 961/1330/1208 1135/1331/1209
f 957/1334/1212 1137/1328/1206 1116/1318/1196
f 1122/1335/1213 936/1351/1229 962/1336/1214
f 935/1338/1216 1119/1342/1220 1138/1337/1215
f 1118/1339/1217 1117/1359/1237 1140/1340/1218
f 1139/1341/1219 1138/1337/1215 1119/1342/1220
f 1138/1337/1215 1139/1341/1219 1121/1343/1221
f 1120/1344/1222 1121/1343/1221 1139/1341/1219
f 1119/1342/1220 935/1338/1216 966/1345/1223
f 1109/1308/1186 1142/1322/1200 1141/1347/1225
f 1141/1347/1225 1120/1344/1222 937/1349/1227
f 1140/1340/1218 965/1494/1372 937/1349/1227
f 936/1351/1229 1122/1335/1213 1143/1321/1199
f 1122/1335/1213 1121/1343/1221 1142/1322/1200
f 1108/1348/1226 1141/1347/1225 963/1350/1228
f 1110/1306/1184 929/4577/3912 964/1352/1230
f 1144/1346/1224 1145/1358/1236 1118/1339/1217
f 1141/1347/1225 1142/1322/1200 1121/1343/1221
f 1144/1346/1224 966/1345/1223 939/1354/1232
f 1124/1356/1234 1123/1368/1246 1146/1357/1235
f 1145/1358/1236 1144/1346/1224 1125/1355/1233
f 1117/1359/1237 1118/1339/1217 1145/1358/1236
f 1125/1355/1233 939/1354/1232 968/1360/1238
f 941/1362/1240 1128/1366/1244 1147/1361/1239
f 1126/1363/1241 1149/1369/1247 1148/1364/1242
f 1148/1364/1242 1147/1361/1239 1128/1366/1244
f 1146/1357/1235 967/1493/1371 934/1367/1245
f 1147/1361/1239 1148/1364/1242 1124/1356/1234
f 1123/1368/1246 1124/1356/1234 1148/1364/1242
f 853/1370/1248 882/1303/1181 942/1302/1180
f 883/1372/1250 856/1388/1266 916/1373/1251
f 857/1375/1253 917/1390/1268 944/1376/1254
f 883/1372/1250 943/1374/1252 910/1378/1256
f 884/1377/1255 944/1376/1254 914/1380/1258
f 852/1381/1259 912/1401/1279 945/1382/1260
f 855/1384/1262 885/1383/1261 945/1382/1260
f 886/1386/1264 855/1384/1262 915/1385/1263
f 856/1388/1266 886/1386/1264 946/1387/1265
f 857/1375/1253 887/1391/1269 947/1389/1267
f 887/1391/1269 851/1485/1363 911/1392/1270
f 888/1393/1271 860/1404/1282 920/1394/1272
f 859/1396/1274 888/1393/1271 948/1395/1273
f 861/1398/1276 921/1408/1286 949/1399/1277
f 889/1400/1278 949/1399/1277 912/1401/1279
f 853/1370/1248 913/1371/1249 950/1402/1280
f 860/1404/1282 890/1403/1281 950/1402/1280
f 891/1405/1283 858/1416/1294 918/1406/1284
f 891/1405/1283 951/1407/1285 921/1408/1286
f 892/1409/1287 859/1396/1274 919/1397/1275
f 863/1411/1289 892/1409/1287 952/1410/1288
f 893/1413/1291 862/1425/1303 922/1414/1292
f 858/1416/1294 893/1413/1291 953/1415/1293
f 894/1417/1295 863/1411/1289 923/1412/1290
f 971/1041/920 105/238/196 118/246/204
f 991/1419/1297 992/1481/1359 1037/1420/1298
f 865/1421/1299 894/1417/1295 954/1418/1296
f 864/1077/955 924/1079/957 955/1423/1301
f 895/1424/1302 955/1423/1301 922/1414/1292
f 956/1426/1304 930/1436/1314 870/1427/1305
f 869/1429/1307 929/4578/3913 956/1426/1304
f 897/1430/1308 957/1491/1369 932/1431/1309
f 958/1433/1311 933/4579/3914 873/1434/1312
f 930/1436/1314 958/1433/1311 898/1435/1313
f 959/1437/1315 928/1454/1332 868/1438/1316
f 871/1440/1318 931/1442/1320 959/1437/1315
f 900/1441/1319 960/1443/1321 931/1442/1320
f 872/1432/1310 932/1431/1309 960/1443/1321
f 873/1434/1312 933/4579/3914 961/1444/1322
f 902/1446/1324 962/1450/1328 936/1447/1325
f 875/1449/1327 935/1462/1340 962/1450/1328
f 963/1451/1329 937/1460/1338 877/1452/1330
f 928/1454/1332 963/1451/1329 903/1453/1331
f 964/1455/1333 929/4578/3913 869/1429/1307
f 876/1448/1326 936/1447/1325 964/1455/1333
f 905/1457/1335 965/4580/3915 934/1458/1336
f 937/1460/1338 965/4580/3915 905/1457/1335
f 906/1461/1339 966/1464/1342 935/1462/1340
f 879/1463/1341 939/1470/1348 966/1464/1342
f 907/1465/1343 967/1468/1346 938/1466/1344
f 874/1459/1337 934/1458/1336 967/1468/1346
f 908/1469/1347 968/1477/1355 939/1470/1348
f 880/1471/1349 940/4581/3916 1126/1472/1350
f 1081/1473/1351 1126/1472/1350 1127/1156/1034
f 1123/1368/1246 1149/1369/1247 969/1475/1353
f 1061/1192/1070 1062/1193/1071 258/562/496
f 881/1086/964 941/1088/966 968/1477/1355
f 969/1478/1356 940/4581/3916 880/1471/1349
f 909/1479/1357 878/1467/1345 938/1466/1344
f 993/1480/1358 1038/1483/1361 1037/1420/1298
f 599/797/707 574/786/698 910/1261/1139
f 574/1482/1360 37/4582/3917 850/1379/1257
f 865/1421/1299 925/1422/1300 1038/1483/1361
f 911/1159/1037 576/820/728 604/803/713
f 39/950/841 576/949/840 911/1392/1270
f 604/803/713 600/796/706 1016/1260/1138
f 600/796/706 599/797/707 1015/1259/1137
f 850/1486/1364 37/209/169 102/1487/1365
f 1016/1260/1138 1046/1233/1111 1045/1160/1038
f 1002/1114/992 883/1118/996 850/1486/1364
f 1000/1081/959 1001/1113/991 971/1041/920
f 901/1445/1323 961/1444/1322 927/1488/1366
f 897/1430/1308 866/1502/1380 926/1490/1368
f 1149/1369/1247 1126/1363/1241 940/1492/1370
f 967/1493/1371 1146/1357/1235 1123/1368/1246
f 965/1494/1372 1140/1340/1218 1117/1359/1237
f 1136/1329/1207 1137/1328/1206 1105/1495/1373
f 1135/1331/1209 1136/1329/1207 1106/1496/1374
f 1137/1328/1206 957/1334/1212 926/1497/1375
f 1131/1309/1187 1108/1348/1226 928/1353/1231
f 1063/1175/1053 868/1176/1054 903/1499/1377
f 867/1500/1378 1062/1193/1071 1090/1191/1069
f 866/1304/1182 897/1196/1074 1092/1194/1072
f 872/1197/1075 900/1180/1058 1087/1186/1064
f 927/1488/1366 582/1023/902 45/1501/1379
f 648/940/833 582/947/838 927/1332/1210
f 648/940/833 1107/1333/1211 1106/1496/1374
f 258/562/496 1062/1193/1071 867/1500/1378
f 644/935/828 1106/1496/1374 1105/1495/1373
f 866/1502/1380 43/4583/3918 580/1503/1381
f 1105/1495/1373 926/1497/1375 580/929/823
f 154/316/272 1161/415/355 1162/1504/1382
f 1176/332/287 1177/110/74 1207/1505/1383
f 1175/625/555 1176/332/287 1206/1506/1384
f 1182/1508/1386 1183/409/349 1153/410/350
f 1194/117/81 317/1532/1409 355/215/175
f 1191/1509/1387 1161/415/355 1160/252/210
f 1157/129/92 1187/1528/1405 1188/1511/1389
f 1162/1504/1382 1192/1533/1410 1193/1512/1390
f 1174/341/295 1175/625/555 1205/1507/1385
f 1171/569/503 1201/1518/1396 1200/1514/1392
f 1150/277/235 318/169/131 319/1515/1393
f 1173/243/201 1174/341/295 1204/1513/1391
f 1172/244/202 1202/1523/1401 1201/1518/1396
f 1166/180/141 1196/286/244 1195/1519/1397
f 1168/502/439 1198/1524/1402 1197/1520/1398
f 1170/137/100 1200/1514/1392 1199/1521/1399
f 1186/1522/1400 1156/305/261 1155/594/526
f 1172/244/202 1173/243/201 1203/1517/1395
f 1169/167/129 1199/1521/1399 1198/1524/1402
f 1179/120/84 1163/132/95 1193/1525/1390
f 1208/1527/1404 1207/1505/1383 1177/110/74
f 1156/305/261 1186/1522/1400 1187/1528/1405
f 1151/121/85 1150/277/235 1180/1516/1394
f 1178/109/73 1179/120/84 1209/1526/1403
f 1152/626/556 1151/121/85 1181/1529/1406
f 317/1532/1409 319/1515/1393 318/169/131
f 1161/415/355 1191/1509/1387 1192/1533/1410
f 1158/203/163 1188/1511/1389 1189/1530/1407
f 1159/466/405 1189/1530/1407 1190/1510/1388
f 332/107/71 453/67/34 190/66/33
f 144/325/280 414/324/279 129/901/800
f 994/1090/968 978/1083/961 854/1112/990
f 1067/1172/1050 1085/1162/1040 1084/1164/1042
f 678/702/623 681/696/617 675/471/409
f 1219/1534/1411 1214/1551/1428 1213/1535/1412
f 1226/1537/1414 1231/1552/1429 1232/1538/1415
f 1229/1540/1417 1224/1548/1425 1223/1541/1418
f 1212/1543/1420 1221/1550/1427 1220/1536/1413
f 1217/1544/1421 1216/1563/1437 1215/1545/1422
f 1230/1547/1424 1225/1553/1430 1224/1548/1425
f 1211/1549/1426 1222/1791/1643 1221/1550/1427
f 1214/1551/1428 1219/1534/1411 1218/1546/1423
f 1231/1552/1429 1226/1537/1414 1225/1553/1430
f 1253/1554/1431 1237/1580/1454 1248/1555/1432
f 1269/1557/1434 1236/4584/3919 1235/1558/1435
f 1269/1557/1434 1264/1559/1434 1262/4585/1434
f 1264/1559/1434 1234/4586/1434 1261/4587/1434
f 1262/4585/1434 1264/1559/1434 1261/4587/1434
f 1262/4585/1434 1263/1560/1434 1269/1557/1434
f 1266/1562/1436 1265/1565/1439 1216/1563/1437
f 1268/1564/1438 1267/1566/1440 1265/1565/1439
f 1235/1558/1435 1236/4584/3919 1267/1566/1440
f 1239/1567/1441 1240/1581/1455 1245/1568/1442
f 1232/1538/1415 1256/1582/1456 1252/1570/1444
f 1254/1571/1445 1253/1554/1431 1249/1556/1433
f 1238/1573/1447 1239/1567/1441 1246/1569/1443
f 1241/1575/1449 1242/1591/1463 1243/1576/1450
f 1255/1578/1452 1254/1571/1445 1250/1572/1446
f 1237/1580/1454 1238/1573/1447 1247/1574/1448
f 1240/1581/1455 1241/1575/1449 1244/1577/1451
f 1256/1582/1456 1255/1578/1452 1251/1579/1453
f 1259/1583/1457 1260/1595/1467 1278/1584/1458
f 1296/1586/1459 1279/1611/1483 1290/1587/1460
f 1278/1584/1458 1257/4588/1458 1272/4589/1458
f 1272/4589/1458 1271/1589/1458 1278/1584/1458
f 1271/1589/1458 1270/4590/1458 1273/1585/1458
f 1270/4590/1458 1258/4591/1458 1273/1585/1458
f 1275/1590/1462 1243/1576/1450 1242/1591/1463
f 1277/1593/1465 1275/1590/1462 1274/1592/1464
f 1259/1583/1457 1277/1593/1465 1276/1594/1466
f 1281/1596/1468 1282/1612/1484 1287/1597/1469
f 1300/1599/1471 1299/1613/1485 1294/1600/1472
f 1297/1602/1474 1296/1586/1459 1291/1588/1461
f 1280/1604/1476 1281/1596/1468 1288/1598/1470
f 1283/1606/1478 1284/1623/1492 1285/1607/1479
f 1298/1609/1481 1297/1602/1474 1292/1603/1475
f 1279/1611/1483 1280/1604/1476 1289/1605/1477
f 1282/1612/1484 1283/1606/1478 1286/1608/1480
f 1299/1613/1485 1298/1609/1481 1293/1610/1482
f 1316/1614/1486 1305/1639/1508 1321/1615/1487
f 1332/1617/1489 1303/1626/1495 1304/1618/1490
f 1330/4592/1489 1329/4593/1489 1332/1617/1489
f 1329/4593/1489 1302/4594/1489 1332/1617/1489
f 1332/1617/1489 1337/1619/1489 1330/4592/1489
f 1330/4592/1489 1337/1619/1489 1331/1621/1489
f 1334/1622/1491 1285/1607/1479 1284/1623/1492
f 1333/1624/1493 1335/1627/1496 1336/1625/1494
f 1303/1626/1495 1336/1625/1494 1335/1627/1496
f 1313/1628/1497 1308/1641/1510 1307/1629/1498
f 1320/1631/1500 1324/1642/1511 1300/1599/1471
f 1322/1632/1501 1318/1638/1507 1317/1616/1488
f 1306/1633/1502 1315/1640/1509 1314/1630/1499
f 1311/1634/1503 1310/1655/1522 1309/1635/1504
f 1323/1637/1506 1319/1643/1512 1318/1638/1507
f 1305/1639/1508 1316/1614/1486 1315/1640/1509
f 1308/1641/1510 1313/1628/1497 1312/1636/1505
f 1324/1642/1511 1320/1631/1500 1319/1643/1512
f 1341/1644/1513 1346/4595/1513 1328/1645/1514
f 1212/1647/1516 1280/1660/1527 1279/1648/1517
f 1211/1649/1518 1279/1648/1517 1296/1650/1519
f 1339/4596/1513 1340/4597/1513 1346/4595/1513
f 1340/4597/1513 1325/4598/1513 1346/4595/1513
f 1346/4595/1513 1341/1644/1513 1339/4596/1513
f 1339/4596/1513 1341/1644/1513 1338/1653/1513
f 1343/1654/1521 1342/1657/1524 1310/1655/1522
f 1345/1656/1523 1344/1658/1525 1342/1657/1524
f 1327/1646/1515 1328/1645/1514 1344/1658/1525
f 1212/1647/1516 1213/1661/1528 1281/1659/1526
f 1213/1661/1528 1214/1663/1530 1282/1662/1529
f 1214/1663/1530 1215/1665/1532 1283/1664/1531
f 1215/1665/1532 1216/1716/1577 1284/1666/1533
f 1219/1667/1534 1220/1674/1541 1288/1668/1535
f 1217/1670/1537 1218/1673/1540 1286/1671/1538
f 1218/1673/1540 1219/1667/1534 1287/1669/1536
f 1220/1674/1541 1221/1679/1545 1289/1675/1542
f 1235/1676/1543 1303/1724/1585 1332/1677/1544
f 1221/1679/1545 1222/1682/1548 1290/1680/1546
f 1223/1681/1547 1291/1684/1550 1290/1680/1546
f 1223/1681/1547 1224/1685/1551 1292/1683/1549
f 1224/1685/1551 1225/1688/1554 1293/1686/1552
f 1226/1687/1553 1294/1690/1556 1293/1686/1552
f 1227/1689/1555 1295/1758/1618 1294/1690/1556
f 1229/1691/1557 1228/1651/1520 1296/1650/1519
f 1229/1691/1557 1297/1692/1558 1298/1693/1559
f 1231/1695/1561 1230/1694/1560 1298/1693/1559
f 1231/1695/1561 1299/1696/1562 1300/1697/1563
f 1237/1699/1565 1253/1760/1620 1321/1700/1566
f 1238/1702/1568 1237/1699/1565 1305/1701/1567
f 1234/1704/1570 1302/1714/1575 1329/1705/1571
f 1262/1707/1572 1261/1706/1571 1329/1705/1571
f 1263/1709/1573 1262/4599/1572 1330/1710/1572
f 1263/1709/1573 1331/1711/1573 1301/1712/1574
f 1234/1704/1570 1264/1678/1544 1332/1677/1544
f 1333/1715/1576 1284/1666/1533 1216/1716/1577
f 1285/1672/1539 1334/1722/1583 1266/1718/1579
f 1236/1719/1580 1304/1727/1587 1335/1720/1581
f 1267/1721/1582 1335/1720/1581 1333/1715/1576
f 1334/1722/1583 1336/4600/3920 1268/1723/1584
f 1268/1723/1584 1336/4600/3920 1303/1724/1585
f 1233/1713/1574 1301/1712/1574 1337/1725/1586
f 1269/1726/1586 1337/1725/1586 1304/1727/1587
f 1241/1728/1588 1309/1735/1595 1310/1729/1589
f 1238/1702/1568 1306/1703/1569 1307/1731/1591
f 1239/1732/1592 1307/1731/1591 1308/1733/1593
f 1240/1734/1594 1308/1733/1593 1309/1735/1595
f 1245/1736/1596 1313/1742/1602 1314/1737/1597
f 1243/1739/1599 1311/1780/1634 1312/1740/1600
f 1244/1741/1601 1312/1740/1600 1313/1742/1602
f 1246/1738/1598 1314/1737/1597 1315/1743/1603
f 1259/1745/1605 1273/1776/1606 1341/1746/1606
f 1247/1744/1604 1315/1743/1603 1316/1748/1608
f 1249/1750/1610 1248/1749/1609 1316/1748/1608
f 1249/1750/1610 1317/1751/1611 1318/1752/1612
f 1250/1753/1613 1318/1752/1612 1319/1754/1614
f 1252/1756/1616 1251/1755/1615 1319/1754/1614
f 1227/1689/1555 1252/1756/1616 1320/1757/1617
f 1254/1759/1619 1322/1762/1622 1321/1700/1566
f 1254/1759/1619 1255/1764/1624 1323/1761/1621
f 1256/1763/1623 1324/1765/1625 1323/1761/1621
f 1256/1763/1623 1232/1698/1564 1300/1697/1563
f 1258/1766/1626 1270/1770/1627 1338/1767/1627
f 1271/1769/1628 1339/4601/1628 1338/1767/1627
f 1271/1771/1628 1272/1775/1629 1340/1772/1629
f 1257/1774/1630 1325/1789/1630 1340/1772/1629
f 1273/1776/1606 1258/1766/1626 1326/1768/1626
f 1242/1730/1590 1310/1729/1589 1342/1777/1631
f 1275/1779/1633 1343/1786/1640 1311/1780/1634
f 1260/1781/1635 1276/1784/1638 1344/1782/1636
f 1276/1784/1638 1274/1778/1632 1342/1777/1631
f 1277/1785/1639 1345/1787/1641 1343/1786/1640
f 1277/1785/1639 1259/1745/1605 1327/1747/1607
f 1278/1788/1642 1346/1790/1642 1325/1789/1630
f 1278/1788/1642 1260/1781/1635 1328/1783/1637
f 1222/1791/1643 1211/1549/1426 1228/1542/1419
f 1426/1792/1644 1427/1815/1665 1381/1793/1645
f 1393/1795/1647 1351/2074/1886 1397/1796/1648
f 1458/1798/1650 1461/1805/1650 1465/1799/1651
f 1398/1801/1652 1460/2042/1863 1461/1802/1653
f 1389/1804/1655 1412/2038/1655 1461/1805/1650
f 1399/1806/1656 1400/2017/1844 1432/1807/1657
f 1448/1809/1659 1430/2027/1854 1429/1810/1660
f 1422/1812/1662 1376/1928/1763 1375/1813/1663
f 1427/1815/1665 1428/1830/1680 1382/1816/1666
f 1487/1817/1667 1486/1853/1703 1378/1822/1672
f 1386/1824/1674 1388/1841/1691 1382/1825/1675
f 1472/1827/1677 1474/4602/3921 1463/1828/1678
f 1428/1830/1680 1429/4603/3922 1383/1831/1681
f 1355/1832/1682 1364/1968/1803 1363/1833/1683
f 1396/1835/1685 1352/1957/1792 1393/1795/1647
f 1383/1831/1681 1429/4603/3922 1430/1836/1686
f 1419/1838/1688 1492/1953/1788 1416/1839/1689
f 1388/1841/1691 1390/1854/1704 1381/1842/1692
f 1443/1843/1693 1444/2020/1847 1426/1844/1694
f 1378/1846/1696 1424/1946/1781 1425/1847/1697
f 1437/1849/1699 1438/1995/1827 1456/1850/1700
f 1485/1852/1702 1377/2075/1887 1378/1822/1672
f 1390/1854/1704 1385/1821/1671 1380/1820/1670
f 1348/1855/1705 1391/1885/1729 1384/1856/1706
f 1478/1814/1664 1375/1813/1663 1459/1858/1708
f 1458/1860/1710 1459/1967/1802 1375/1861/1711
f 1462/1863/1713 1464/1966/1801 1467/1864/1714
f 1414/1866/1716 1391/2032/1716 1348/1867/1717
f 1422/1869/1718 1478/1963/1798 1477/1870/1719
f 1357/1872/1721 1349/1916/1721 1385/1873/1722
f 1449/1875/1723 1450/1879/1724 1441/1876/1724
f 1451/1878/1725 1442/4604/1725 1441/1876/1724
f 1356/1880/1726 1348/4605/1726 1363/1881/1726
f 1391/1885/1729 1386/1824/1674 1383/1826/1676
f 1392/1886/1730 1415/1915/1730 1359/1887/1731
f 1379/1848/1698 1425/1847/1697 1426/1792/1644
f 1406/1889/1732 1409/1965/1800 1414/1890/1733
f 1358/1892/1735 1350/2013/1735 1394/1893/1736
f 1474/1895/1737 1482/1904/1745 1483/1896/1738
f 1441/1898/1740 1442/2029/1856 1424/1899/1741
f 1396/1911/1752 1419/4606/1752 1360/1901/1743
f 1360/1901/1743 1417/1894/1736 1394/1893/1736
f 1352/1902/1743 1396/1911/1752 1360/1901/1743
f 1472/1903/1744 1480/1984/1817 1482/1904/1745
f 1468/1905/1746 1372/4607/3923 1368/1906/1747
f 1389/1862/1712 1375/1861/1711 1376/1908/1749
f 1362/1910/1751 1419/4606/1752 1396/1911/1752
f 1449/1875/1723 1440/1877/1723 1477/1913/1753
f 1415/1915/1730 1392/1886/1730 1349/1916/1721
f 1412/1803/1654 1410/1941/1776 1399/1917/1754
f 1367/1918/1755 1467/4608/1756 1466/1919/1756
f 1420/1921/1757 1361/4609/1758 1353/1922/1758
f 1423/1927/1762 1377/1945/1780 1376/1928/1763
f 1403/1929/1764 1408/1970/1805 1413/1930/1765
f 1395/1932/1767 1488/1797/1649 1397/1796/1648
f 1404/1931/1766 1413/1930/1765 1411/1934/1769
f 1395/1932/1767 1354/4610/3924 1396/1835/1685
f 1347/1834/1684 1363/1833/1683 1384/1837/1687
f 1436/1936/1771 1404/1955/1790 1405/1937/1772
f 1466/1919/1756 1467/4608/1756 1464/1800/1651
f 1489/1924/1759 1490/1947/1782 1401/1939/1774
f 1434/1942/1777 1433/2018/1845 1401/1943/1778
f 1377/1945/1780 1423/1927/1762 1424/1946/1781
f 1417/1926/1761 1360/1840/1690 1489/1924/1759
f 1360/1840/1690 1416/1839/1689 1490/1947/1782
f 1437/1938/1773 1405/1937/1772 1406/1948/1783
f 1439/1950/1785 1438/1949/1784 1406/1948/1783
f 1420/1952/1787 1359/1993/1825 1416/1839/1689
f 1435/1954/1789 1403/1956/1791 1404/1955/1790
f 1435/1954/1789 1434/1942/1777 1402/1944/1779
f 1486/1853/1703 1393/1795/1647 1352/1957/1792
f 1352/1957/1792 1394/1883/1727 1485/1852/1702
f 1447/1811/1661 1429/1810/1660 1428/1958/1793
f 1471/1859/1709 1459/1858/1708 1462/1960/1795
f 1479/1962/1797 1477/1870/1719 1478/1963/1798
f 1405/1935/1770 1411/1934/1769 1409/1965/1800
f 1464/1966/1801 1462/1863/1713 1459/1967/1802
f 1355/1832/1682 1439/1950/1785 1407/1951/1786
f 1421/1971/1806 1472/1827/1677 1460/1829/1679
f 1445/1973/1808 1454/2057/1808 1455/1974/1809
f 1354/1976/1810 1395/4611/1811 1418/1977/1811
f 1449/1979/1812 1431/2000/1832 1432/1980/1813
f 1407/1891/1734 1414/1890/1733 1356/1982/1815
f 1480/1984/1817 1472/1903/1744 1421/1985/1818
f 1401/1939/1774 1490/1947/1782 1491/1987/1820
f 1433/1989/1822 1451/2051/1871 1450/1981/1814
f 1411/1990/1823 1388/2004/1823 1386/1991/1824
f 1416/1839/1689 1359/1993/1825 1490/1947/1782
f 1359/1993/1825 1415/2073/1885 1491/1987/1820
f 1457/1994/1826 1456/1850/1700 1438/1995/1827
f 1431/1808/1658 1421/1971/1806 1398/1972/1807
f 1452/1997/1829 1434/2050/1870 1435/1998/1830
f 1470/1986/1819 1421/1985/1818 1431/2000/1832
f 1418/2001/1833 1492/1953/1788 1419/1838/1688
f 1418/2001/1833 1361/4612/3925 1420/1952/1787
f 1411/1990/1823 1413/2011/1835 1390/2003/1835
f 1468/2005/1836 1475/2040/1861 1370/2006/1837
f 1483/2008/1839 1484/2066/1839 1373/2009/1840
f 1440/1871/1720 1441/1898/1740 1423/1900/1742
f 1413/2011/1835 1408/1874/1722 1385/1873/1722
f 1358/1892/1735 1410/2039/1841 1387/2012/1841
f 1480/2014/1842 1479/2047/1842 1481/2015/1843
f 1400/2017/1844 1401/1943/1778 1433/2018/1845
f 1445/2019/1846 1427/2028/1855 1426/1844/1694
f 1455/1851/1701 1454/2025/1852 1436/2021/1848
f 1484/2022/1849 1481/2041/1862 1473/2023/1850
f 1454/2025/1852 1453/1999/1831 1435/1998/1830
f 1365/2026/1853 1347/4613/3926 1430/2027/1854
f 1446/1959/1794 1428/1958/1793 1427/2028/1855
f 1425/1845/1695 1424/1899/1741 1442/2029/1856
f 1443/2030/1857 1442/4604/1725 1451/1878/1725
f 1409/1992/1824 1386/1991/1824 1391/2032/1716
f 1469/1865/1715 1467/1864/1714 1367/2033/1858
f 1347/2035/1860 1365/2056/1860 1366/2036/1860
f 1412/2038/1655 1389/1804/1655 1387/2012/1841
f 1463/1828/1678 1474/4602/3921 1475/2040/1861
f 1481/2041/1862 1479/1962/1797 1471/1964/1799
f 1460/2042/1863 1463/2054/1873 1465/2043/1864
f 1369/2044/1865 1371/4614/3927 1372/2007/1838
f 1475/1897/1739 1483/1896/1738 1374/2045/1866
f 1479/2047/1842 1480/2014/1842 1470/1914/1753
f 1366/2048/1868 1457/1994/1826 1439/1996/1828
f 1434/2050/1870 1452/1997/1829 1451/2051/1871
f 1444/2052/1872 1443/2030/1857 1452/2031/1857
f 1466/1907/1748 1465/2043/1864 1463/2054/1873
f 1448/2055/1874 1457/2059/1874 1366/2036/1875
f 1454/2057/1808 1445/1973/1808 1444/2052/1872
f 1447/2058/1876 1456/2065/1876 1457/2059/1874
f 1372/2060/1877 1371/4615/1877 1367/2061/1877
f 1351/1888/1731 1359/1887/1731 1420/1921/1757
f 1469/2063/1878 1371/4614/3927 1369/2044/1865
f 1446/1975/1809 1455/1974/1809 1456/2065/1876
f 1483/2008/1839 1482/2016/1843 1481/2015/1843
f 1373/2067/1880 1484/2022/1849 1476/2024/1851
f 1476/2064/1879 1473/1961/1796 1462/1960/1795
f 1418/1977/1811 1395/4611/1811 1353/2069/1882
f 1370/2071/1884 1374/2010/1884 1373/2009/1884
f 1487/1817/1667 1392/1819/1669 1351/2074/1886
f 1351/2074/1886 1393/1795/1647 1486/1853/1703
f 1379/1823/1673 1380/1820/1670 1349/1818/1668
f 1350/1884/1728 1376/1908/1749 1377/2075/1887
f 1400/1940/1775 1399/1917/1754 1358/1925/1760
f 1402/1988/1821 1491/1987/1820 1357/1969/1804
f 1564/2076/1888 1544/2144/1956 1507/2077/1889
f 1520/2079/1891 1493/2127/1939 1500/2080/1892
f 1540/2081/1893 1500/2080/1892 1499/2082/1894
f 1529/2084/1896 1532/2087/1899 1498/2085/1897
f 1532/2087/1899 1531/4616/3928 1497/2088/1900
f 1589/2089/1901 1538/2083/1895 1499/2082/1894
f 1553/2091/1903 1509/2114/1926 1510/2092/1904
f 1591/2094/1906 1592/2163/1975 1580/2095/1907
f 1494/2097/1909 1522/4617/3929 1562/2098/1910
f 1514/2078/1890 1513/2099/1911 1562/2098/1910
f 1555/2100/1912 1530/2105/1917 1496/2101/1913
f 1555/2100/1912 1511/2102/1914 1512/2103/1915
f 1530/2105/1917 1529/2084/1896 1495/2086/1898
f 1568/2106/1918 1570/2118/1930 1516/2107/1919
f 1582/2109/1921 1581/2162/1974 1593/2110/1922
f 1546/2112/1924 1568/2106/1918 1515/2108/1920
f 1556/2104/1916 1512/2103/1915 1509/2114/1926
f 1577/2115/1927 1517/2123/1935 1518/2116/1928
f 1570/2118/1930 1583/2121/1933 1595/2119/1931
f 1584/2120/1932 1596/2122/1934 1595/2119/1931
f 1582/2109/1921 1594/2111/1923 1596/2122/1934
f 1554/2093/1905 1510/2092/1904 1517/2123/1935
f 1529/2124/1936 1530/4618/3930 1527/2125/1937
f 1520/2079/1891 1522/4617/3929 1494/2097/1909
f 1521/2128/1940 1522/4619/3931 1520/2129/1941
f 1521/2128/1940 1519/2130/1942 1524/2131/1943
f 1497/2088/1900 1531/4616/3928 1585/2133/1945
f 1561/2135/1947 1521/2128/1940 1523/2132/1944
f 1534/2137/1949 1525/2148/1960 1524/2131/1943
f 1585/2139/1951 1531/2145/1957 1536/2140/1952
f 1532/2142/1954 1529/2124/1936 1528/2126/1938
f 1508/2113/1925 1507/2077/1889 1544/2144/1956
f 1535/2143/1955 1536/2140/1952 1531/2145/1957
f 1519/2130/1942 1520/2129/1941 1540/2146/1958
f 1535/2143/1955 1528/2126/1938 1525/2148/1960
f 1587/2149/1961 1533/2161/1973 1542/2150/1962
f 1539/2147/1959 1540/2146/1958 1538/2152/1964
f 1553/2154/1966 1554/2186/1998 1551/2155/1967
f 1589/2157/1969 1590/2169/1981 1537/2153/1965
f 1526/2158/1970 1525/2148/1960 1528/2126/1938
f 1557/2159/1971 1526/2158/1970 1527/2125/1937
f 1541/2138/1950 1542/2150/1962 1533/2161/1973
f 1541/2138/1950 1539/2147/1959 1537/2153/1965
f 1581/2162/1974 1580/2095/1907 1592/2163/1975
f 1587/2164/1976 1504/2174/1986 1505/2165/1977
f 1586/2166/1978 1505/2165/1977 1506/2167/1979
f 1533/2161/1973 1587/2149/1961 1586/2141/1953
f 1542/2150/1962 1537/2153/1965 1590/2169/1981
f 1534/2137/1949 1533/2161/1973 1536/2140/1952
f 1501/2170/1982 1503/4620/3932 1588/2171/1983
f 1527/2125/1937 1530/4618/3930 1555/2173/1985
f 1588/2171/1983 1503/4620/3932 1504/2174/1986
f 1590/2172/1984 1589/4621/3933 1502/2175/1987
f 1546/2176/1988 1544/2191/2003 1543/2177/1989
f 1545/2178/1990 1543/2177/1989 1548/2179/1991
f 1567/2181/1993 1545/2178/1990 1547/2180/1992
f 1558/2183/1995 1549/2193/2005 1548/2179/1991
f 1576/2185/1997 1551/2155/1967 1554/2186/1998
f 1556/2188/2000 1553/2154/1966 1552/2156/1968
f 1556/2188/2000 1559/2189/2001 1560/2160/1972
f 1566/2136/1948 1523/2132/1944 1526/2158/1970
f 1563/2190/2002 1543/2177/1989 1544/2191/2003
f 1559/2189/2001 1552/2156/1968 1549/2193/2005
f 1558/2183/1995 1557/2159/1971 1560/2160/1972
f 1524/2131/1943 1519/2130/1942 1539/2147/1959
f 1525/2148/1960 1526/2158/1970 1523/2132/1944
f 1564/2192/2004 1562/2196/2008 1561/2135/1947
f 1550/2194/2006 1549/2193/2005 1552/2156/1968
f 1573/2195/2007 1550/2194/2006 1551/2155/1967
f 1565/2184/1996 1566/2136/1948 1557/2159/1971
f 1562/2196/2008 1522/4619/3931 1521/2128/1940
f 1563/2190/2002 1561/2135/1947 1566/2136/1948
f 1570/2197/2009 1568/2202/2014 1567/2181/1993
f 1584/2199/2011 1569/2198/2010 1571/2200/2012
f 1569/2198/2010 1567/2181/1993 1572/2182/1994
f 1568/2202/2014 1546/2176/1988 1545/2178/1990
f 1565/2184/1996 1548/2179/1991 1543/2177/1989
f 1574/2203/2015 1573/2195/2007 1576/2185/1997
f 1581/2205/2017 1574/2203/2015 1575/2204/2016
f 1549/2193/2005 1550/2194/2006 1547/2180/1992
f 1573/2195/2007 1574/2203/2015 1571/2200/2012
f 1574/2203/2015 1581/2205/2017 1582/2201/2013
f 1572/2182/1994 1547/2180/1992 1550/2194/2006
f 1577/2187/1999 1578/2208/2020 1575/2204/2016
f 1578/2117/1929 1518/2116/1928 1591/2094/1906
f 1569/2198/2010 1584/2199/2011 1583/2207/2019
f 1578/2208/2020 1579/4622/3934 1580/2206/2018
f 1668/2209/2021 1618/2232/2044 1611/2210/2022
f 1604/2212/2024 1597/2260/2072 1624/2213/2025
f 1644/2214/2026 1642/4623/3935 1603/2215/2027
f 1633/2216/2028 1599/2238/2050 1602/2217/2029
f 1636/2218/2030 1602/2217/2029 1601/2219/2031
f 1603/2215/2027 1642/4623/3935 1693/2221/2033
f 1614/2223/2035 1613/2248/2060 1657/2224/2036
f 1695/2226/2038 1683/2338/2150 1684/2227/2039
f 1598/2229/2041 1617/4624/3936 1666/2230/2042
f 1666/2230/2042 1617/4624/3936 1618/2232/2044
f 1659/2233/2045 1615/4625/3937 1600/2234/2046
f 1616/2236/2048 1615/4625/3937 1659/2233/2045
f 1634/2235/2047 1600/2234/2046 1599/2238/2050
f 1672/2239/2051 1619/2245/2057 1620/2240/2052
f 1686/2242/2054 1698/4626/3938 1697/2243/2055
f 1619/2245/2057 1672/2239/2051 1650/2246/2058
f 1660/2237/2049 1657/2224/2036 1613/2248/2060
f 1622/2249/2061 1621/2256/2068 1681/2250/2062
f 1674/2241/2053 1620/2240/2052 1699/2252/2064
f 1699/2252/2064 1700/2255/2067 1688/2254/2066
f 1700/2255/2067 1698/4626/3938 1686/2242/2054
f 1621/2256/2068 1614/2223/2035 1658/2225/2037
f 1631/2257/2069 1634/4627/3939 1633/2258/2070
f 1598/2229/2041 1626/2231/2043 1624/2213/2025
f 1625/2261/2073 1623/2277/2089 1624/2262/2074
f 1628/2264/2076 1623/2277/2089 1625/2261/2073
f 1689/2266/2078 1635/2220/2032 1601/2219/2031
f 1665/2268/2080 1670/2318/2130 1627/2265/2077
f 1638/2269/2081 1645/2291/2103 1628/2264/2076
f 1689/2271/2083 1690/2297/2109 1640/2272/2084
f 1636/2274/2086 1639/2275/2087 1632/2259/2071
f 1648/2211/2023 1611/2210/2022 1612/2247/2059
f 1635/2273/2085 1640/2272/2084 1639/2275/2087
f 1644/2276/2088 1624/2262/2074 1623/2277/2089
f 1639/2275/2087 1638/2269/2081 1629/2270/2082
f 1691/2279/2091 1692/4628/3940 1646/2280/2092
f 1643/2278/2090 1641/2287/2099 1642/2282/2094
f 1655/2283/2095 1658/2315/2127 1657/2284/2096
f 1693/2286/2098 1642/2282/2094 1641/2287/2099
f 1632/2259/2071 1629/2270/2082 1630/2289/2101
f 1661/2290/2102 1664/2302/2114 1631/2257/2069
f 1637/2281/2093 1646/2280/2092 1645/2291/2103
f 1645/2291/2103 1646/2280/2092 1641/2287/2099
f 1685/2244/2056 1697/2243/2055 1696/2228/2040
f 1609/2292/2104 1608/2303/2115 1691/2293/2105
f 1610/2295/2107 1609/2292/2104 1690/2294/2106
f 1690/2297/2109 1691/2279/2091 1637/2281/2093
f 1646/2280/2092 1692/4628/3940 1694/2288/2100
f 1640/2272/2084 1637/2281/2093 1638/2269/2081
f 1605/2298/2110 1694/2305/2117 1692/2299/2111
f 1659/2301/2113 1634/4627/3939 1631/2257/2069
f 1608/2303/2115 1607/2300/2112 1692/2299/2111
f 1606/2304/2116 1693/4629/3941 1694/2305/2117
f 1647/2306/2118 1648/2320/2132 1650/2307/2119
f 1652/2309/2121 1647/2306/2118 1649/2308/2120
f 1671/2311/2123 1676/2331/2143 1651/2310/2122
f 1662/2312/2124 1669/2324/2136 1652/2309/2121
f 1680/2314/2126 1681/2337/2149 1658/2315/2127
f 1660/2316/2128 1663/2317/2129 1656/2285/2097
f 1660/2316/2128 1659/2301/2113 1664/2302/2114
f 1670/2318/2130 1661/2290/2102 1630/2289/2101
f 1667/2319/2131 1668/2321/2133 1648/2320/2132
f 1663/2317/2129 1662/2312/2124 1653/2313/2125
f 1664/2302/2114 1661/2290/2102 1662/2312/2124
f 1643/2278/2090 1623/2277/2089 1628/2264/2076
f 1627/2265/2077 1630/2289/2101 1629/2270/2082
f 1665/2268/2080 1666/2325/2137 1668/2321/2133
f 1656/2285/2097 1653/2313/2125 1654/2322/2134
f 1677/2323/2135 1680/2314/2126 1655/2283/2095
f 1661/2290/2102 1670/2318/2130 1669/2324/2136
f 1625/2261/2073 1626/2263/2075 1666/2325/2137
f 1670/2318/2130 1665/2268/2080 1667/2319/2131
f 1671/2311/2123 1672/2332/2144 1674/2326/2138
f 1675/2328/2140 1673/2327/2139 1688/2329/2141
f 1676/2331/2143 1671/2311/2123 1673/2327/2139
f 1649/2308/2120 1650/2307/2119 1672/2332/2144
f 1669/2324/2136 1667/2319/2131 1647/2306/2118
f 1680/2314/2126 1677/2323/2135 1678/2333/2145
f 1679/2334/2146 1678/2333/2145 1685/2335/2147
f 1651/2310/2122 1654/2322/2134 1653/2313/2125
f 1675/2328/2140 1678/2333/2145 1677/2323/2135
f 1686/2330/2142 1685/2335/2147 1678/2333/2145
f 1676/2331/2143 1677/2323/2135 1654/2322/2134
f 1679/2334/2146 1682/2340/2152 1681/2337/2149
f 1695/2226/2038 1622/2249/2061 1682/2251/2063
f 1673/2327/2139 1674/2326/2138 1687/2339/2151
f 1684/2336/2148 1683/4630/3942 1682/2340/2152
f 1930/2341/2153 1934/2581/2325 1933/2342/2154
f 1773/2344/2156 1774/2523/2271 1770/2345/2157
f 1775/2347/2159 1773/2344/2156 1769/2346/2158
f 1775/2347/2159 1779/2351/2163 1777/2349/2161
f 1783/2350/2162 1781/2353/2165 1777/2349/2161
f 1787/2352/2164 1785/2355/2167 1781/2353/2165
f 1787/2352/2164 1791/2379/2169 1789/2354/2166
f 1795/2356/2168 1793/2360/2171 1789/2357/2166
f 1795/2356/2168 1767/2371/2180 1765/2359/2170
f 1799/2361/2172 1803/2382/2190 1801/2362/2173
f 1706/2364/2175 1722/2417/2175 1724/2365/2176
f 1712/2367/2177 1728/2414/2177 1730/2368/2178
f 1768/2370/2179 1772/2373/2182 1771/2348/2160
f 1778/2372/2181 1774/2523/2271 1773/2344/2156
f 1772/2373/2182 1776/2374/2183 1775/2347/2159
f 1776/2374/2183 1780/2524/2272 1779/2351/2163
f 1782/2375/2184 1778/2372/2181 1777/2349/2161
f 1779/2351/2163 1780/2524/2272 1784/2376/2185
f 1785/2355/2167 1786/2377/2186 1782/2375/2184
f 1784/2376/2185 1788/2378/2187 1787/2352/2164
f 1789/2354/2166 1790/4631/2282 1786/2377/2186
f 1788/2378/2187 1792/2533/2281 1791/2379/2169
f 1794/2380/2188 1790/2535/2282 1789/2357/2166
f 1791/2358/2169 1792/4632/2281 1796/2381/2189
f 1765/2359/2170 1766/2489/2242 1794/2380/2188
f 1795/2356/2168 1796/2381/2189 1768/2370/2179
f 1803/2382/2190 1804/2446/2221 1808/2383/2191
f 1806/2385/2193 1802/2542/2288 1801/2362/2173
f 1720/2388/2195 1718/4633/2195 1732/4634/2195
f 1732/4634/2195 1730/4635/2195 1720/2388/2195
f 1730/4635/2195 1728/2389/2195 1720/2388/2195
f 1728/2389/2195 1726/4636/2195 1724/4637/2195
f 1724/4637/2195 1722/2387/2195 1728/2389/2195
f 1859/2390/2196 1843/2498/2250 1841/2391/2197
f 1715/2393/2199 1731/2410/2199 1729/2394/2178
f 1714/2396/2178 1730/4638/2178 1732/2397/2199
f 1707/2399/2176 1709/2413/2200 1725/2400/2200
f 1710/2402/2200 1708/2366/2176 1724/2365/2176
f 1701/2404/2201 1703/2415/2202 1719/2405/2202
f 1702/2407/2201 1718/2411/2201 1720/2408/2202
f 1701/2404/2201 1717/2406/2201 1731/2410/2199
f 1702/2407/2201 1716/2398/2199 1732/2397/2199
f 1711/2412/2177 1727/2796/2177 1725/2400/2200
f 1710/2402/2200 1726/2403/2200 1728/2414/2177
f 1703/2415/2202 1705/2421/2175 1721/2416/2175
f 1704/2409/2202 1720/2408/2202 1722/2417/2175
f 1745/2418/2203 1761/4639/2203 1759/2419/2204
f 1707/2399/2176 1723/2401/2176 1721/2416/2175
f 1746/2422/2203 1744/2485/2204 1760/2423/2204
f 1832/2425/2205 1752/2559/2304 1750/2426/2206
f 1807/2384/2192 1805/2386/2194 1801/2362/2173
f 1807/2384/2192 1811/2430/2210 1809/2428/2208
f 1815/2429/2209 1813/2432/2212 1809/2428/2208
f 1815/2429/2209 1819/2434/2214 1817/2431/2211
f 1823/2433/2213 1821/2453/2216 1817/2431/2211
f 1823/2435/2213 1827/2438/2217 1825/2436/2215
f 1827/2438/2217 1799/2361/2172 1797/2363/2174
f 1830/2427/2207 1829/2462/2235 1831/2439/2218
f 1737/2440/2219 1739/2472/2220 1755/2441/2220
f 1738/2443/2219 1754/2487/2219 1756/2444/2220
f 1799/2361/2172 1800/2458/2231 1804/2446/2221
f 1810/2447/2222 1806/2385/2193 1805/2386/2194
f 1807/2384/2192 1808/2383/2191 1812/2448/2223
f 1814/2449/2224 1810/2447/2222 1809/2428/2208
f 1812/2448/2223 1816/2451/2226 1815/2429/2209
f 1818/2450/2225 1814/2449/2224 1813/2432/2212
f 1816/2451/2226 1820/2454/2228 1819/2434/2214
f 1822/2452/2227 1818/2450/2225 1817/2431/2211
f 1820/2454/2228 1824/2552/2298 1823/2433/2213
f 1825/2436/2215 1826/2553/2299 1822/2455/2227
f 1823/2435/2213 1824/4640/2298 1828/2456/2229
f 1798/2457/2230 1826/2553/2299 1825/2436/2215
f 1827/2438/2217 1828/2456/2229 1800/2458/2231
f 1847/2459/2232 1849/2499/2251 1833/2460/2233
f 1845/2461/2234 1847/2459/2232 1831/2439/2218
f 1763/4641/2236 1749/4642/2236 1751/2463/2236
f 1751/2463/2236 1753/4643/2236 1755/2464/2236
f 1755/2464/2236 1757/4644/2236 1759/2465/2236
f 1759/2465/2236 1761/4645/2236 1763/4641/2236
f 1763/4641/2236 1751/2463/2236 1759/2465/2236
f 1745/2466/2203 1747/2482/2237 1763/2467/2237
f 1748/2469/2237 1746/4646/2203 1762/2470/2203
f 1739/2472/2220 1741/2484/2238 1757/2473/2238
f 1742/2474/2238 1740/2445/2220 1756/2444/2220
f 1733/2476/2239 1735/2486/2240 1751/2477/2240
f 1736/2479/2240 1734/2483/2239 1750/2480/2239
f 1747/2482/2237 1733/2476/2239 1749/2478/2239
f 1748/2469/2237 1764/2471/2237 1750/2480/2239
f 1743/2420/2204 1759/2419/2204 1757/2473/2238
f 1742/2474/2238 1758/2475/2238 1760/2423/2204
f 1737/2440/2219 1753/2442/2219 1751/2477/2240
f 1736/2479/2240 1752/2481/2240 1754/2487/2219
f 1770/2345/2157 1703/2521/2269 1701/2488/2241
f 1847/2459/2232 1845/2461/2234 1846/2490/2243
f 1853/2492/2245 1837/2500/2252 1835/2493/2246
f 1857/2495/2198 1841/4647/2197 1839/2496/2248
f 1859/2390/2196 1845/2461/2234 1829/2462/2235
f 1849/2499/2251 1851/2494/2247 1835/2493/2246
f 1855/2497/2249 1839/2496/2248 1837/2500/2252
f 1843/2498/2250 1829/2462/2235 1830/2427/2207
f 1851/2494/2247 1849/2499/2251 1850/2502/2254
f 1856/2504/2256 1855/2497/2249 1853/2492/2245
f 1860/2506/2258 1859/2390/2196 1857/2392/2198
f 1853/2492/2245 1851/2494/2247 1852/2503/2255
f 1858/2508/2259 1857/2495/2198 1855/2497/2249
f 1849/2499/2251 1847/2459/2232 1848/2491/2244
f 1881/2509/2175 1883/2636/2260 1867/2510/2260
f 1846/2490/2243 1845/2461/2234 1859/2390/2196
f 1832/2425/2205 1831/2439/2218 1833/2460/2233
f 1834/2512/2261 1833/2460/2233 1835/2493/2246
f 1836/2513/2262 1835/2493/2246 1837/2500/2252
f 1838/2514/2263 1837/2500/2252 1839/2496/2248
f 1839/2496/2248 1841/4647/2197 1842/2516/2265
f 1841/2391/2197 1843/2498/2250 1844/2501/2253
f 1772/2373/2182 1768/2370/2179 1702/2518/2266
f 1770/2345/2157 1774/2523/2271 1705/2520/2268
f 1772/2373/2182 1704/2519/2267 1706/2522/2270
f 1778/2372/2181 1707/2526/2274 1705/2520/2268
f 1780/2524/2272 1776/2374/2183 1706/2522/2270
f 1782/2375/2184 1709/2529/2277 1707/2526/2274
f 1784/2376/2185 1780/2524/2272 1708/2525/2273
f 1782/2375/2184 1786/2377/2186 1711/2528/2276
f 1784/2376/2185 1710/2527/2275 1712/2530/2278
f 1786/2377/2186 1790/4631/2282 1713/2531/2279
f 1788/2378/2187 1712/2530/2278 1714/2532/2280
f 1794/2380/2188 1715/2538/2284 1713/2534/2279
f 1796/2381/2189 1792/4632/2281 1714/2536/2280
f 1766/2489/2242 1701/2488/2241 1715/2538/2284
f 1796/2381/2189 1716/2537/2283 1702/2518/2266
f 1798/2457/2230 1802/2542/2288 1735/2539/2285
f 1800/2458/2231 1734/2558/2303 1736/2541/2287
f 1806/2385/2193 1737/2544/2290 1735/2539/2285
f 1808/2383/2191 1804/2446/2221 1736/2541/2287
f 1810/2447/2222 1739/2546/2292 1737/2544/2290
f 1812/2448/2223 1808/2383/2191 1738/2543/2289
f 1814/2449/2224 1741/2549/2295 1739/2546/2292
f 1816/2451/2226 1812/2448/2223 1740/2545/2291
f 1814/2449/2224 1818/2450/2225 1743/2548/2294
f 1816/2451/2226 1742/2547/2293 1744/2550/2296
f 1822/2452/2227 1745/4648/2300 1743/2548/2294
f 1820/2454/2228 1744/2550/2296 1746/2551/2297
f 1826/2553/2299 1747/2557/2302 1745/2554/2300
f 1828/2456/2229 1824/4640/2298 1746/2555/2297
f 1798/2457/2230 1733/2540/2286 1747/2557/2302
f 1800/2458/2231 1828/2456/2229 1748/2556/2301
f 1834/2512/2261 1754/2560/2305 1752/2559/2304
f 1836/2513/2262 1756/2561/2306 1754/2560/2305
f 1838/2514/2263 1758/2562/2307 1756/2561/2306
f 1840/2515/2264 1760/2564/2309 1758/2562/2307
f 1840/2515/2264 1842/2516/2265 1762/2563/2308
f 1842/2517/2265 1844/2501/2253 1764/2565/2310
f 1844/2501/2253 1830/2427/2207 1750/2426/2206
f 1848/2491/2244 1846/2490/2243 1717/2567/2311
f 1850/2502/2254 1848/2491/2244 1719/2568/2312
f 1852/2503/2255 1850/2502/2254 1721/2569/2313
f 1854/2505/2257 1852/2503/2255 1723/2570/2314
f 1854/2505/2257 1725/2571/2315 1727/2572/2316
f 1856/2504/2256 1727/2572/2316 1729/2573/2317
f 1858/2507/2259 1729/4649/2317 1731/2574/2318
f 1860/2506/2258 1731/2574/2318 1717/2567/2311
f 1770/2345/2157 1766/2489/2242 1765/2359/2170
f 1771/2348/2160 1769/2346/2158 1765/2359/2170
f 2010/2575/2319 1881/2788/2470 1879/2576/2320
f 1930/2341/2153 1926/2591/2334 1861/2578/2322
f 1938/2580/2324 1937/2583/2327 1933/2342/2154
f 1938/2580/2324 1942/2585/2329 1941/2582/2326
f 1946/2584/2328 1945/2587/2331 1941/2582/2326
f 1946/2584/2328 1950/2618/2333 1949/2586/2330
f 1954/2588/2332 1953/2592/2335 1949/2589/2330
f 1926/2591/2334 1925/2731/2417 1953/2592/2335
f 1958/2593/2336 1962/2626/2361 1961/2594/2337
f 1868/2596/2260 1884/4650/2260 1882/2597/2175
f 1872/2599/2339 1874/4651/2178 1890/2600/2178
f 1954/2588/2332 1875/2624/2359 1861/2578/2322
f 1931/2602/2340 1932/2607/2345 1928/2603/2341
f 1930/2341/2153 1863/2579/2323 1865/2605/2343
f 1935/2606/2344 1936/2767/2451 1932/2607/2345
f 1940/2608/2346 1936/2767/2451 1935/2606/2344
f 1934/2581/2325 1865/2605/2343 1867/2610/2348
f 1944/2611/2349 1940/2608/2346 1939/2609/2347
f 1938/2580/2324 1867/2610/2348 1869/2613/2351
f 1947/2614/2352 1948/2617/2355 1944/2611/2349
f 1946/2584/2328 1942/2585/2329 1869/2613/2351
f 1951/2616/2354 1952/2770/2454 1948/2617/2355
f 1950/2618/2333 1946/2584/2328 1871/2615/2353
f 1956/2620/2357 1952/2773/2454 1951/2621/2354
f 1954/2588/2332 1950/2590/2333 1873/2623/2356
f 1928/2603/2341 1956/2620/2357 1955/2622/2358
f 1958/2593/2336 1893/2681/2388 1895/2625/2360
f 1892/2629/2362 1878/4652/2362 1880/4653/2362
f 1880/4653/2362 1882/4654/2362 1884/2627/2362
f 1884/2627/2362 1886/4655/2362 1888/2628/2362
f 1888/2628/2362 1890/4656/2362 1892/2629/2362
f 1892/2629/2362 1880/4653/2362 1884/2627/2362
f 1889/2630/2178 1891/2646/2363 1875/2631/2363
f 1892/2633/2363 1890/4657/2178 1874/2634/2178
f 1883/2636/2260 1885/2648/2364 1869/2637/2364
f 1886/2638/2365 1884/4650/2260 1868/2596/2260
f 1879/2640/2366 1863/2649/2366 1861/2641/2367
f 1864/2643/2366 1880/2650/2366 1878/2644/2367
f 1891/2646/2363 1877/2642/2367 1861/2641/2367
f 1878/2644/2367 1892/2633/2363 1876/2635/2363
f 1887/2647/2339 1871/2658/2339 1869/2637/2364
f 1872/2599/2339 1888/2601/2339 1886/2638/2365
f 1881/2509/2175 1865/2511/2175 1863/2649/2366
f 1866/2598/2175 1882/2597/2175 1880/2650/2366
f 1919/2651/2368 1921/4658/2369 1905/2652/2369
f 1922/2654/2369 1920/4659/2370 1904/2655/2370
f 1889/2657/2178 1873/4660/2178 1871/2658/2339
f 1970/2659/2371 1969/2663/2375 1965/2660/2372
f 1974/2662/2374 1973/2665/2377 1969/2663/2375
f 1974/2662/2374 1978/2666/2378 1977/2664/2376
f 1978/2666/2378 1982/2699/2380 1981/2667/2379
f 1982/2668/2380 1986/2671/2382 1985/2669/2381
f 1986/2671/2382 1958/2593/2336 1957/2595/2338
f 1991/2672/2383 1989/2786/2468 1990/2673/2384
f 1913/2675/2386 1915/2717/2387 1899/2676/2387
f 1916/2678/2387 1914/2730/2386 1898/2679/2386
f 1986/2671/2382 1907/2703/2407 1893/2681/2388
f 1964/2682/2389 1960/2776/2459 1959/2683/2390
f 1966/2661/2373 1962/2626/2361 1895/2625/2360
f 1968/2686/2393 1964/2682/2389 1963/2684/2391
f 1972/2688/2395 1968/2686/2393 1967/2687/2394
f 1970/2659/2371 1966/2661/2373 1897/2685/2392
f 1975/2691/2398 1976/2779/2462 1972/2688/2395
f 1970/2659/2371 1899/2690/2397 1901/2692/2399
f 1980/2693/2400 1976/2779/2462 1975/2691/2398
f 1974/2662/2374 1901/2692/2399 1903/2695/2402
f 1984/2696/2403 1980/2693/2400 1979/2694/2401
f 1978/2666/2378 1903/2695/2402 1905/2698/2405
f 1987/2700/2406 1988/2704/2408 1984/2701/2403
f 1982/2668/2380 1905/4661/2405 1907/2703/2407
f 1959/2683/2390 1960/2776/2459 1988/2704/2408
f 1993/2705/2409 2009/2757/2441 2007/2706/2410
f 1993/2705/2409 1991/2672/2383 1992/2674/2385
f 1911/2708/2412 1909/4662/2412 1923/2709/2412
f 1923/2709/2412 1921/4663/2412 1919/2710/2412
f 1919/2710/2412 1917/4664/2412 1915/4665/2412
f 1915/4665/2412 1913/4666/2412 1919/2710/2412
f 1913/4666/2412 1911/2708/2412 1919/2710/2412
f 1921/2711/2369 1923/2727/2413 1907/2712/2413
f 1924/2714/2413 1922/4667/2369 1906/2715/2369
f 1915/2717/2387 1917/2728/2414 1901/2718/2414
f 1918/2719/2414 1916/2678/2387 1900/2680/2387
f 1911/2721/2415 1895/2729/2415 1893/2722/2416
f 1896/2724/2415 1912/4668/2415 1910/2725/2416
f 1923/2727/2413 1909/2723/2416 1893/2722/2416
f 1910/2725/2416 1924/2714/2413 1908/2716/2413
f 1917/2728/2414 1919/2651/2368 1903/2653/2370
f 1904/2655/2370 1920/4659/2370 1918/2719/2414
f 1913/2675/2386 1897/2677/2386 1895/2729/2415
f 1914/2730/2386 1912/4668/2415 1896/2724/2415
f 1926/2591/2334 1930/2341/2153 1929/2343/2155
f 1864/2732/2418 1862/4669/3943 1928/2603/2341
f 2002/2733/2419 2001/4670/2427 1999/2734/2420
f 1990/2673/2384 1989/2786/2468 2003/2736/2422
f 1995/2738/2424 1993/2705/2409 1994/2707/2411
f 1999/2734/2420 1997/2745/2430 1998/2740/2426
f 2004/2737/2423 2003/2736/2422 2001/2741/2427
f 2007/2706/2410 2008/2577/2321 2006/2743/2428
f 1997/2745/2430 1995/2738/2424 1996/2739/2425
f 2004/2737/2423 1924/2765/2449 1910/2746/2431
f 2017/2747/2432 2019/2756/2440 2020/2748/2433
f 1929/2343/2155 1931/2602/2340 1927/2604/2342
f 2013/2750/2435 2014/2758/2442 2012/2751/2436
f 2015/2753/2438 2017/2785/2432 2018/2754/2434
f 2019/2756/2440 2005/2744/2429 2006/2743/2428
f 2011/2752/2437 2012/2751/2436 2010/2575/2319
f 2013/2750/2435 2015/2753/2438 2016/2755/2439
f 1994/2707/2411 1992/2674/2385 1912/2759/2443
f 1996/2739/2425 1994/2707/2411 1914/2760/2444
f 1998/2740/2426 1996/2739/2425 1916/2761/2445
f 2000/2735/2421 1998/2740/2426 1918/2762/2446
f 2000/2735/2421 1920/2763/2447 1922/2764/2448
f 2002/2742/2419 1922/4671/2448 1924/2765/2449
f 2009/2757/2441 2010/2575/2319 2008/2577/2321
f 1929/2343/2155 1933/2342/2154 1935/2606/2344
f 1866/2766/2450 1864/2732/2418 1932/2607/2345
f 1933/2342/2154 1937/2583/2327 1939/2609/2347
f 1868/2768/2452 1866/2766/2450 1936/2767/2451
f 1941/2582/2326 1943/2612/2350 1939/2609/2347
f 1870/2769/2453 1868/2768/2452 1940/2608/2346
f 1941/2582/2326 1945/2587/2331 1947/2614/2352
f 1948/2617/2355 1872/2771/2455 1870/2769/2453
f 1949/2586/2330 1951/2616/2354 1947/2614/2352
f 1952/2770/2454 1874/4672/2456 1872/2771/2455
f 1953/2592/2335 1955/2622/2358 1951/2621/2354
f 1956/2620/2357 1876/2774/2457 1874/2772/2456
f 1953/2592/2335 1925/2731/2417 1927/2604/2342
f 1928/2603/2341 1862/4669/3943 1876/2774/2457
f 1961/2594/2337 1963/2684/2391 1959/2683/2390
f 1964/2682/2389 1896/2777/2460 1894/2775/2458
f 1965/2660/2372 1967/2687/2394 1963/2684/2391
f 1968/2686/2393 1898/2778/2461 1896/2777/2460
f 1969/2663/2375 1971/2689/2396 1967/2687/2394
f 1972/2688/2395 1900/2780/2463 1898/2778/2461
f 1969/2663/2375 1973/2665/2377 1975/2691/2398
f 1976/2779/2462 1902/2781/2464 1900/2780/2463
f 1977/2664/2376 1979/2694/2401 1975/2691/2398
f 1980/2693/2400 1904/2782/2465 1902/2781/2464
f 1977/2664/2376 1981/2667/2379 1983/2697/2404
f 1984/2696/2403 1906/4673/2466 1904/2782/2465
f 1985/2669/2381 1987/2700/2406 1983/2702/2404
f 1988/2704/2408 1908/2784/2467 1906/2783/2466
f 1957/2595/2338 1959/2683/2390 1987/2700/2406
f 1960/2776/2459 1894/2775/2458 1908/2784/2467
f 1992/2674/2385 1990/2673/2384 1910/2746/2431
f 1995/2738/2424 2011/2752/2437 2009/2757/2441
f 1995/2738/2424 1997/2745/2430 2013/2750/2435
f 1997/2745/2430 1999/2734/2420 2015/2753/2438
f 1999/2734/2420 2001/4670/2427 2017/2785/2432
f 2001/2741/2427 2003/2736/2422 2019/2756/2440
f 1989/2786/2468 2005/2744/2429 2019/2756/2440
f 2008/2577/2321 1879/2576/2320 1877/2787/2469
f 1962/2626/2361 1966/2661/2373 1965/2660/2372
f 2012/2751/2436 1883/2789/2471 1881/2788/2470
f 2014/2758/2442 1885/2791/2473 1883/2789/2471
f 2014/2758/2442 2016/2755/2439 1887/2790/2472
f 2016/2755/2439 2018/2754/2434 1889/2792/2474
f 2018/2749/2434 2020/2748/2433 1891/2793/2475
f 2020/2748/2433 2006/2743/2428 1877/2787/2469
f 1991/2672/2383 2007/2706/2410 2005/2744/2429
f 1713/2795/2178 1729/4674/2178 1727/2796/2177
f 1802/2542/2288 1798/2457/2230 1797/2363/2174
f 2023/2797/2476 2028/2812/2490 2036/2798/2477
f 2022/2800/2479 2030/2806/2485 2029/2801/2480
f 2025/2803/2482 2024/2811/2489 2032/2804/2483
f 2023/2797/2476 2031/2799/2478 2030/2806/2485
f 2026/2807/2486 2025/4675/2482 2033/2808/2484
f 2027/2810/2488 2035/2903/2547 2032/2804/2483
f 2028/2812/2490 2026/2807/2486 2034/2809/2487
f 2035/2813/2491 2043/2821/2491 2040/2814/2491
f 2044/2816/2491 2039/4676/2491 2031/2817/2491
f 2042/2819/2491 2044/2816/2491 2036/2818/2491
f 2043/2821/2491 2035/2813/2491 2029/2822/2491
f 2030/2824/2491 2038/2826/2491 2037/2823/2491
f 2041/2825/2491 2033/4677/2491 2032/2815/2491
f 2031/2817/2491 2039/4676/2491 2038/2826/2491
f 2034/2820/2491 2033/4677/2491 2041/2825/2491
f 2050/2827/2492 2042/4678/3944 2041/2828/2493
f 2048/2830/2495 2049/4679/2494 2041/2831/2493
f 2051/2833/2497 2048/2830/2495 2040/2832/2496
f 2044/2835/2499 2042/4678/3944 2050/2827/2492
f 2052/2836/2500 2047/4680/3945 2039/2837/2501
f 2051/2833/2497 2043/2834/2498 2037/2838/2502
f 2038/2840/2504 2046/2841/2505 2045/2839/2503
f 2039/2837/2501 2047/4680/3945 2046/2841/2505
f 2050/2842/2506 2049/4681/2507 2048/2843/2507
f 2052/2845/2509 2045/4682/3946 2046/2846/2510
f 2051/2844/2508 2045/4682/3946 2052/2845/2509
f 2055/2848/2511 2063/2857/2520 2068/2849/2512
f 2054/2851/2514 2053/2904/2548 2061/2852/2515
f 2057/2854/2517 2065/4683/2522 2064/2855/2518
f 2055/2848/2511 2054/2851/2514 2062/2853/2516
f 2058/2858/2521 2066/2863/2525 2065/2859/2522
f 2059/2861/2523 2056/2856/2519 2064/2855/2518
f 2060/2850/2513 2068/2849/2512 2066/2863/2525
f 2072/2864/2526 2075/2873/2526 2067/2865/2526
f 2076/2867/2526 2068/2870/2526 2063/2868/2526
f 2068/2870/2526 2076/2867/2526 2074/2871/2526
f 2075/2873/2526 2069/2876/2526 2061/2874/2526
f 2062/2875/2526 2061/2874/2526 2069/2876/2526
f 2073/2878/2526 2072/2864/2526 2064/2866/2526
f 2063/2868/2526 2062/2875/2526 2070/2877/2526
f 2066/2872/2526 2074/2871/2526 2073/2878/2526
f 2082/2880/2527 2081/4684/3947 2073/2881/2528
f 2073/2883/2528 2081/4685/3947 2080/2884/2530
f 2083/2886/2532 2075/2892/2538 2072/2885/2531
f 2076/2887/2533 2084/2888/2534 2082/2880/2527
f 2084/2888/2534 2076/2887/2533 2071/2889/2535
f 2083/2886/2532 2077/2894/2540 2069/2891/2537
f 2070/2893/2539 2069/2891/2537 2077/2894/2540
f 2071/2889/2535 2070/2893/2539 2078/2895/2541
f 2082/2896/2542 2083/2902/2546 2080/2897/2543
f 2078/2899/2544 2077/4686/3948 2084/2900/2545
f 2084/2900/2545 2077/4686/3948 2083/2902/2546
f 2035/2903/2547 2027/2810/2488 2021/2802/2481
f 2067/2862/2524 2061/2852/2515 2053/2904/2548
f 2120/2905/2549 2119/2949/2592 2111/2906/2550
f 2096/2908/2552 2097/2946/2589 2101/2909/2553
f 2089/2911/2555 2090/2951/2594 2102/2912/2556
f 2129/2914/2558 2103/2910/2554 2101/2909/2553
f 2118/2916/2560 2133/2953/2595 2109/2917/2561
f 2106/2919/2563 2121/2947/2590 2120/2905/2549
f 2127/2920/2564 2126/2948/2591 2110/2921/2565
f 2103/2910/2554 2129/2914/2558 2128/2923/2567
f 2105/2924/2568 2128/2923/2567 2127/2920/2564
f 2122/2925/2569 2121/2947/2590 2106/2919/2563
f 2125/2926/2570 2124/2954/2596 2116/2927/2571
f 2123/2929/2573 2122/2925/2569 2104/2913/2557
f 2116/2927/2571 2124/2954/2596 2123/2929/2573
f 2115/2930/2574 2131/2934/2578 2130/2915/2559
f 2132/2931/2575 2131/2934/2578 2115/2930/2574
f 2110/2921/2565 2126/2948/2591 2125/2926/2570
f 2109/2917/2561 2133/2953/2595 2132/2931/2575
f 2105/2924/2568 2095/2935/2579 2096/2908/2552
f 2106/2919/2563 2088/2936/2580 2089/2911/2555
f 2107/2922/2566 2094/2941/2585 2095/2935/2579
f 2108/2907/2551 2087/2939/2583 2088/2936/2580
f 2085/2937/2581 2114/2918/2562 2109/2917/2561
f 2111/2906/2550 2086/2944/2587 2087/2939/2583
f 2116/2927/2571 2091/2950/2593 2092/2940/2584
f 2110/2921/2565 2093/4687/3949 2094/2941/2585
f 2099/2942/2586 2100/2938/2582 2109/2917/2561
f 2092/2940/2584 2093/4687/3949 2110/2921/2565
f 2114/2943/2562 2085/4688/2581 2086/2944/2587
f 2098/2945/2588 2099/2942/2586 2112/2932/2576
f 2097/2946/2589 2098/2945/2588 2115/2930/2574
f 2091/2950/2593 2116/2927/2571 2102/2912/2556
f 2111/2906/2550 2119/2949/2592 2118/2952/2560
f 2091/2955/2597 2090/4689/3950 2139/2956/2598
f 2098/2958/2599 2097/2990/2600 2146/2959/2600
f 2092/2961/2601 2091/2955/2597 2140/2957/2597
f 2189/2963/2602 2183/2998/2627 2157/2964/2603
f 2213/2966/2605 2187/3014/2646 2186/2967/2606
f 2148/2969/2608 2099/2975/2608 2098/2958/2599
f 2086/2970/2609 2085/4690/2610 2134/2971/2610
f 2142/2973/2611 2093/2979/2611 2092/2961/2601
f 2149/2974/2612 2100/2981/2612 2099/2975/2608
f 2087/2976/2613 2086/2970/2609 2135/2972/2609
f 2143/2978/2614 2094/2985/2614 2093/2979/2611
f 2149/2974/2612 2134/4691/2610 2085/2980/2610
f 2088/2982/2615 2087/2976/2613 2136/2977/2613
f 2144/2984/2616 2095/4692/2616 2094/2985/2614
f 2138/2986/2617 2089/2989/2617 2088/2982/2615
f 2096/2987/2618 2095/4692/2616 2144/2984/2616
f 2139/2956/2598 2090/4689/3950 2089/2989/2617
f 2145/2988/2618 2146/2959/2600 2097/2990/2600
f 2184/2991/2619 2210/3001/2633 2211/2992/2620
f 2186/2967/2606 2135/2972/2653 2134/2971/2622
f 2216/2994/2623 2229/3048/2687 2173/2995/2624
f 2156/2997/2626 2157/2964/2603 2183/2998/2627
f 2140/2957/2629 2208/3043/2679 2182/3000/2630
f 2184/2991/2619 2148/2969/2650 2147/2960/2632
f 2191/3002/2634 2190/3017/2649 2184/2991/2619
f 2151/3003/2635 2187/3014/2646 2213/2966/2605
f 2188/3005/2637 2182/3000/2630 2183/2998/2627
f 2218/3006/2638 2215/3045/2684 2167/3007/2639
f 2188/3005/2637 2142/2973/3951 2141/2962/2631
f 2191/3002/2634 2185/2993/2621 2164/3009/2641
f 2165/3010/2642 2164/3009/2641 2214/3011/2643
f 2192/3013/2645 2186/2967/2606 2187/3014/2646
f 2152/3016/2648 2193/3015/2647 2187/3014/2646
f 2190/3017/2649 2149/2974/2659 2148/2969/2650
f 2188/3005/2637 2189/2963/2602 2195/3018/2651
f 2192/3013/2645 2136/2977/3952 2135/2972/2653
f 2159/3020/2654 2195/3018/2651 2189/2963/2602
f 2212/3021/2607 2190/3017/2649 2191/3002/2634
f 2213/3022/2605 2191/3002/2634 2165/3010/2642
f 2143/2978/2655 2142/2973/3951 2188/3005/2637
f 2192/3013/2645 2193/3015/2647 2197/3024/2656
f 2197/3024/2656 2193/3015/2647 2152/3016/2648
f 2212/3021/2607 2134/4691/2622 2149/2974/2659
f 2199/3027/2660 2195/3018/2651 2159/3020/2654
f 2199/3027/2660 2198/3032/2667 2194/3019/2652
f 2137/2983/2662 2136/2977/3952 2192/3013/2645
f 2200/3029/2663 2196/3025/2657 2197/3024/2656
f 2163/3031/2665 2164/3009/2641 2185/2993/2621
f 2144/2984/2666 2143/2978/2655 2194/3019/2652
f 2154/3033/2668 2201/3030/2664 2197/3024/2656
f 2203/3034/2669 2199/3027/2660 2160/3028/2661
f 2203/3034/2669 2202/3038/2674 2198/3032/2667
f 2138/2986/2671 2137/2983/2662 2196/3025/2657
f 2204/3036/2672 2200/3029/2663 2201/3030/2664
f 2202/3038/2674 2145/2988/2680 2144/2984/2666
f 2155/3039/2675 2205/3037/2673 2201/3030/2664
f 2162/3040/2676 2207/3042/2678 2203/3034/2669
f 2206/3041/2677 2202/3038/2674 2203/3034/2669
f 2204/3036/2672 2139/2956/2681 2138/2986/2671
f 2208/3043/2679 2204/3036/2672 2205/3037/2673
f 2206/3041/2677 2146/2959/2682 2145/2988/2680
f 2156/2997/2626 2209/2999/2628 2205/3037/2673
f 2211/2992/2620 2207/3042/2678 2162/3040/2676
f 2210/3001/2633 2206/3041/2677 2207/3042/2678
f 2208/3043/2679 2140/2957/2629 2139/2956/2681
f 2209/2999/2628 2183/2998/2627 2182/3000/2630
f 2210/3001/2633 2147/2960/2632 2146/2959/2682
f 2228/3044/2683 2166/4693/2690 2167/3007/2639
f 2228/3044/2683 2215/3045/2684 2151/3003/2635
f 2214/3011/2643 2180/3068/2706 2181/3046/2685
f 2227/3047/2686 2214/3011/2643 2164/3009/2641
f 2216/2994/2623 2158/2965/2604 2157/2964/2603
f 2216/2994/2623 2174/2996/2625 2175/3049/2688
f 2152/3016/2648 2151/3003/2635 2215/3045/2684
f 2159/3020/2654 2158/2965/2604 2216/2994/2623
f 2228/3051/2683 2217/3012/2644 2181/3046/2685
f 2218/3006/2638 2168/3008/2640 2169/3053/2691
f 2228/3051/2683 2150/3023/2636 2165/3010/2642
f 2153/3026/2658 2152/3016/2648 2218/3006/2638
f 2219/3050/2689 2175/3049/2688 2176/3055/2693
f 2220/3054/2692 2169/3053/2691 2170/3057/2695
f 2221/3056/2694 2160/3028/2661 2159/3020/2654
f 2154/3033/2668 2153/3026/2658 2220/3054/2692
f 2223/3059/2697 2221/3056/2694 2176/3055/2693
f 2222/3058/2696 2170/3057/2695 2171/3061/2699
f 2161/3035/2670 2160/3028/2661 2221/3056/2694
f 2155/3039/2675 2154/3033/2668 2222/3058/2696
f 2225/3063/2701 2223/3059/2697 2177/3060/2698
f 2226/3065/2703 2224/3062/2700 2171/3061/2699
f 2162/3040/2676 2161/3035/2670 2223/3059/2697
f 2156/2997/2626 2155/3039/2675 2224/3062/2700
f 2225/3063/2701 2178/3064/2702 2179/3067/2705
f 2229/3048/2687 2226/3065/2703 2172/3066/2704
f 2163/3031/2665 2162/3040/2676 2225/3063/2701
f 2229/3048/2687 2157/2964/2603 2156/2997/2626
f 2227/3047/2686 2179/3067/2705 2180/3068/2706
f 2253/3069/2707 2256/3109/2747 2264/3070/2708
f 2248/3072/2710 2246/3079/2717 2242/3073/2711
f 2247/3075/2713 2235/3118/2755 2234/3076/2714
f 2274/3078/2716 2275/3116/2753 2246/3079/2717
f 2254/3080/2718 2278/3101/2739 2263/3081/2719
f 2253/3069/2707 2265/3071/2709 2266/3083/2721
f 2255/3085/2723 2271/3100/2738 2272/3086/2724
f 2248/3072/2710 2250/3089/2727 2273/3088/2726
f 2252/3087/2725 2272/3086/2724 2273/3088/2726
f 2249/3077/2715 2251/3084/2722 2266/3083/2721
f 2261/3091/2729 2269/3095/2733 2270/3092/2730
f 2247/3075/2713 2249/3077/2715 2267/3090/2728
f 2247/3075/2713 2268/3094/2732 2269/3095/2733
f 2246/3079/2717 2275/3116/2753 2276/3096/2734
f 2260/3097/2735 2276/3096/2734 2277/3098/2736
f 2258/3093/2731 2270/3092/2730 2271/3100/2738
f 2254/3080/2718 2257/3099/2737 2277/3098/2736
f 2250/3089/2727 2248/3072/2710 2241/3074/2712
f 2249/3077/2715 2234/3076/2714 2233/3104/2742
f 2252/3087/2725 2250/3089/2727 2240/3103/2741
f 2251/3084/2722 2233/3104/2742 2232/3106/2744
f 2254/3080/2718 2259/3082/2720 2230/3107/2745
f 2256/3109/2747 2253/3069/2707 2232/3106/2744
f 2237/3111/2749 2236/3117/2754 2261/3091/2729
f 2255/3085/2723 2252/3087/2725 2239/3105/2743
f 2254/3080/2718 2245/3108/2746 2244/3113/2751
f 2258/3093/2731 2255/3085/2723 2238/3112/2750
f 2231/3110/2748 2230/4694/2745 2259/3114/2720
f 2243/3115/2752 2260/3097/2735 2257/3099/2737
f 2242/3073/2711 2246/3079/2717 2260/3097/2735
f 2247/3075/2713 2261/3091/2729 2236/3117/2754
f 2256/3109/2747 2259/3114/2720 2263/3119/2719
f 2284/3120/2756 2235/3157/2756 2236/3121/2757
f 2292/3123/2758 2291/3158/2759 2242/3124/2759
f 2286/3126/2760 2285/3122/2757 2236/3121/2757
f 2302/3128/2761 2328/3211/2842 2334/3129/2762
f 2357/3131/2764 2331/3162/2782 2332/3132/2765
f 2293/3134/2767 2292/3123/2758 2243/3125/2758
f 2279/3136/2768 2230/4695/2768 2231/3137/2769
f 2287/3139/2770 2286/3126/2760 2237/3127/2760
f 2294/3141/2771 2293/3134/2767 2244/3135/2767
f 2280/3138/2769 2231/3137/2769 2232/3143/2772
f 2288/3145/2773 2287/3139/2770 2238/3140/2770
f 2294/3141/2771 2245/3142/2771 2230/3147/2768
f 2282/3149/2774 2281/3144/2772 2232/3143/2772
f 2288/3145/2773 2239/3146/2773 2240/3151/2776
f 2282/3149/2774 2233/3150/2775 2234/3153/2777
f 2289/3152/2776 2240/3151/2776 2241/3155/2778
f 2283/3154/2777 2234/3153/2777 2235/3157/2756
f 2241/3155/2778 2242/3124/2759 2291/3158/2759
f 2330/3159/2779 2356/3199/2825 2355/3160/2780
f 2331/3162/2782 2357/3131/2764 2279/3136/2783
f 2319/3163/2785 2318/3232/2862 2374/3164/2786
f 2354/3166/2788 2328/3211/2842 2302/3128/2761
f 2285/3122/2790 2286/3126/3953 2327/3168/2791
f 2355/3160/2780 2292/3123/2843 2293/3134/2793
f 2336/3170/2794 2330/3159/2779 2329/3161/2781
f 2295/3172/2796 2358/3133/2766 2332/3132/2765
f 2334/3129/2762 2328/3211/2842 2327/3168/2791
f 2313/3175/2799 2312/4696/3954 2360/3176/2800
f 2327/3168/2791 2286/3126/3953 2287/3139/2802
f 2309/3178/2803 2330/3159/2779 2336/3170/2794
f 2359/3180/2805 2309/3178/2803 2310/3179/2804
f 2338/3182/2807 2332/3132/2765 2331/3162/2782
f 2297/3184/2809 2296/3173/2797 2332/3132/2765
f 2329/3161/2781 2293/3134/2793 2294/3141/2810
f 2340/3185/2811 2334/3129/2762 2333/3174/2798
f 2337/3183/2808 2331/3162/2782 2280/3138/2784
f 2303/3130/2763 2334/3129/2762 2340/3185/2811
f 2358/3188/2766 2336/3170/2794 2335/3171/2795
f 2310/3179/2804 2336/3170/2794 2358/3188/2766
f 2333/3174/2798 2287/3139/2802 2288/3145/2815
f 2341/3191/2816 2342/3193/2818 2338/3182/2807
f 2298/3192/2817 2297/3184/2809 2338/3182/2807
f 2335/3171/2795 2294/3141/2810 2279/3148/2783
f 2304/3187/2814 2340/3185/2811 2344/3194/2819
f 2344/3194/2819 2340/3185/2811 2339/3186/2812
f 2341/3191/2816 2337/3183/2808 2281/3144/2813
f 2345/3197/2823 2346/3201/2828 2342/3193/2818
f 2330/3159/2779 2309/3178/2803 2308/3198/2824
f 2339/3186/2812 2288/3145/2815 2289/3152/2826
f 2299/3200/2827 2298/3192/2817 2342/3193/2818
f 2305/3195/2820 2344/3194/2819 2348/3202/2829
f 2344/3194/2819 2343/3196/2821 2347/3204/2831
f 2345/3197/2823 2341/3191/2816 2282/3149/2822
f 2350/3205/2833 2346/3201/2828 2345/3197/2823
f 2347/3204/2831 2343/3196/2821 2289/3152/2826
f 2300/3207/2836 2299/3200/2827 2346/3201/2828
f 2307/3208/2837 2306/3203/2830 2348/3202/2829
f 2348/3202/2829 2347/3204/2831 2351/3210/2839
f 2349/3206/2834 2345/3197/2823 2283/3154/2832
f 2353/3169/2792 2354/3166/2788 2350/3205/2833
f 2351/3210/2839 2347/3204/2831 2290/3156/2835
f 2301/3167/2789 2300/3207/2836 2350/3205/2833
f 2308/3198/2824 2307/3208/2837 2352/3209/2838
f 2352/3209/2838 2351/3210/2839 2355/3160/2780
f 2353/3169/2792 2349/3206/2834 2284/3120/2840
f 2353/3169/2792 2327/3168/2791 2328/3211/2842
f 2351/3210/2839 2291/3158/2841 2292/3123/2843
f 2360/3176/2800 2312/4696/3954 2311/3212/2844
f 2296/3173/2797 2360/3176/2800 2373/3213/2845
f 2362/3181/2806 2326/4697/3955 2325/3214/2846
f 2308/3198/2824 2309/3178/2803 2359/3180/2805
f 2374/3164/2786 2302/3128/2761 2303/3130/2763
f 2364/3216/2848 2320/4698/3956 2319/3163/2785
f 2360/3176/2800 2296/3173/2797 2297/3184/2809
f 2361/3165/2787 2303/3130/2763 2304/3187/2814
f 2311/3217/2844 2326/4697/3955 2362/3181/2806
f 2365/3219/2849 2314/4699/3957 2313/3175/2799
f 2373/3218/2845 2362/3181/2806 2310/3179/2804
f 2363/3177/2801 2297/3184/2809 2298/3192/2817
f 2321/3220/2850 2320/4698/3956 2364/3216/2848
f 2315/3222/2852 2314/4699/3957 2365/3219/2849
f 2364/3216/2848 2304/3187/2814 2305/3195/2820
f 2365/3219/2849 2298/3192/2817 2299/3200/2827
f 2322/3224/2854 2321/3220/2850 2366/3221/2851
f 2316/3226/2856 2315/3222/2852 2367/3223/2853
f 2366/3221/2851 2305/3195/2820 2306/3203/2830
f 2367/3223/2853 2299/3200/2827 2300/3207/2836
f 2370/3228/2858 2323/3231/2861 2322/3224/2854
f 2317/3229/2859 2316/3226/2856 2369/3227/2857
f 2370/3228/2858 2368/3225/2855 2306/3203/2830
f 2369/3227/2857 2300/3207/2836 2301/3167/2789
f 2372/3215/2847 2324/3233/2863 2323/3231/2861
f 2318/3232/2862 2317/3229/2859 2371/3230/2860
f 2372/3215/2847 2370/3228/2858 2307/3208/2837
f 2371/3230/2860 2301/3167/2789 2302/3128/2761
f 2372/3215/2847 2359/3180/2805 2325/3214/2846
f 2434/3234/2864 2429/3241/2871 2375/3235/2865
f 2383/3237/2867 2382/3261/2889 2376/3238/2868
f 2430/3240/2870 2376/3308/2868 2375/3235/2865
f 2426/3242/2872 2425/3298/2919 2419/3243/2873
f 2385/3245/2875 2379/3251/2881 2380/3236/2866
f 2378/3247/2877 2377/3239/2869 2431/3248/2878
f 2384/3250/2880 2378/3247/2877 2379/3251/2881
f 2384/3250/2880 2383/3237/2867 2377/3239/2869
f 2390/3252/2882 2389/3260/2890 2383/3237/2867
f 2391/3253/2883 2390/3252/2882 2384/3250/2880
f 2398/3254/2884 2392/3269/2896 2387/3255/2885
f 2388/3257/2887 2387/3255/2885 2381/3258/2888
f 2389/3260/2890 2388/3266/2887 2382/3261/2889
f 2399/3262/2891 2393/3256/2886 2394/3263/2892
f 2389/3260/2890 2395/3270/2897 2394/3265/2892
f 2390/3252/2882 2391/3253/2883 2397/3267/2894
f 2398/3254/2884 2397/3267/2894 2391/3253/2883
f 2392/3269/2896 2391/3253/2883 2385/3245/2875
f 2386/3246/2876 2381/3258/2888 2387/3255/2885
f 2395/3270/2897 2401/3283/2909 2400/3271/2893
f 2404/3272/2898 2398/3254/2884 2393/3256/2886
f 2396/3268/2895 2395/3270/2897 2389/3260/2890
f 2396/3268/2895 2397/3267/2894 2403/3273/2899
f 2404/3272/2898 2403/3273/2899 2397/3267/2894
f 2405/3275/2901 2410/3279/2905 2404/3272/2898
f 2402/3274/2900 2401/3283/2909 2395/3270/2897
f 2393/3256/2886 2387/3255/2885 2388/3257/2887
f 2414/3276/2902 2408/3291/2914 2409/3277/2903
f 2415/3278/2904 2409/3277/2903 2410/3279/2905
f 2406/3281/2907 2405/3275/2901 2399/3262/2891
f 2407/3282/2908 2406/3287/2907 2400/3271/2893
f 2411/3284/2910 2416/3280/2906 2410/3279/2905
f 2409/3277/2903 2408/3291/2914 2402/3274/2900
f 2412/3285/2911 2411/3284/2910 2405/3275/2901
f 2413/3286/2912 2412/3296/2911 2406/3287/2907
f 2413/3286/2912 2414/3276/2902 2420/3288/2874
f 2429/3241/2871 2423/3304/2921 2424/3290/2913
f 2408/3291/2914 2407/3282/2908 2401/3283/2909
f 2420/3288/2874 2414/3276/2902 2415/3278/2904
f 2421/3292/2915 2415/3278/2904 2416/3280/2906
f 2422/3293/2916 2416/3280/2906 2411/3284/2910
f 2417/3294/2917 2411/3284/2910 2412/3285/2911
f 2386/3246/2876 2380/3236/2866 2375/3235/2865
f 2419/3289/2873 2418/4700/2918 2412/3296/2911
f 2424/3297/2913 2418/4701/2918 2419/3243/2873
f 2431/3248/2878 2377/3239/2869 2376/3238/2868
f 2428/3300/2920 2427/3305/2922 2421/3301/2915
f 2428/3300/2920 2422/3302/2916 2417/3303/2917
f 2423/3304/2921 2429/3241/2871 2434/3234/2864
f 2432/3249/2879 2433/3307/2923 2379/3251/2881
f 2427/3305/2922 2426/3242/2872 2420/3244/2874
f 2430/3299/2870 2424/3297/2913 2425/3298/2919
f 2425/3298/2919 2426/3242/2872 2432/3249/2879
f 2423/3304/2921 2417/3303/2917 2418/3306/2918
f 2427/3305/2922 2428/3300/2920 2434/3234/2864
f 2426/3242/2872 2427/3305/2922 2433/3307/2923
f 2433/3307/2923 2434/3234/2864 2380/3236/2866
f 2409/3277/2903 2403/3273/2899 2404/3272/2898
f 2413/3286/2912 2407/3282/2908 2408/3291/2914
f 2382/3259/2889 2381/3258/2888 2375/3235/2865
f 2740/3309/2924 2746/3507/3095 2745/3310/2925
f 2446/3312/2927 2445/3563/3142 2439/3313/2928
f 2453/3315/2930 2458/3338/2952 2452/3316/2931
f 2490/3318/2933 2489/3410/3014 2483/3319/2934
f 2724/3321/2936 2723/3388/2994 2717/3322/2937
f 2717/3322/2937 2722/3342/2956 2716/3324/2939
f 2451/3326/2941 2457/3339/2953 2456/3327/2942
f 2456/3329/2942 2462/3353/2967 2461/3330/2944
f 2701/3332/2946 2700/3351/2965 2694/3333/2947
f 2454/3335/2949 2453/3315/2930 2447/3317/2932
f 2459/3337/2951 2464/3364/2977 2458/3338/2952
f 2457/3339/2953 2451/3326/2941 2452/3316/2931
f 2461/3330/2944 2460/3343/2957 2454/3335/2949
f 2728/3340/2954 2727/3527/3113 2721/3341/2955
f 2460/3343/2957 2459/3337/2951 2453/3315/2930
f 2696/3344/2958 2702/3735/3070 2701/3332/2946
f 2749/3345/2959 2755/3510/3098 2754/3346/2960
f 2699/3348/2962 2704/3409/3013 2698/3349/2963
f 2700/3351/2965 2699/3348/2962 2693/3350/2964
f 2467/3352/2966 2466/3732/2984 2460/3343/2957
f 2462/3353/2967 2468/4702/2969 2467/3352/2966
f 2463/3354/2968 2469/3363/2976 2468/3355/2969
f 2481/3357/2970 2487/3412/3016 2486/3358/2971
f 2465/3360/2973 2471/3373/2983 2476/3361/2974
f 2469/3363/2976 2463/3354/2968 2464/3364/2977
f 2479/3366/2978 2478/3389/2995 2472/3367/2979
f 2474/3369/2981 2473/3368/2980 2467/3370/2966
f 2455/3331/2945 2454/3335/2949 2448/3336/2950
f 2471/3373/2983 2465/3360/2973 2466/3374/2984
f 2467/3370/2966 2473/3368/2980 2472/3367/2979
f 2512/3375/2985 2511/3456/3052 2505/3376/2986
f 2465/3378/2973 2470/3365/2975 2464/3364/2977
f 2476/3361/2974 2475/3632/3201 2469/3379/2976
f 2683/3380/2988 2682/3540/3125 2676/3381/2989
f 2480/3383/2972 2486/3406/2971 2485/3384/2991
f 2696/3385/2958 2690/3706/3134 2691/3386/2992
f 2723/3388/2994 2728/3340/2954 2722/3342/2956
f 2474/3369/2981 2480/3383/2972 2479/3366/2978
f 2458/3338/2952 2464/3364/2977 2463/3354/2968
f 2485/3384/2991 2484/3320/2935 2478/3389/2995
f 2770/3390/2996 2769/3445/3043 2763/3391/2997
f 2685/3393/2999 2684/4703/3007 2678/3394/3000
f 2676/3381/2989 2682/3540/3125 2681/3396/3002
f 2483/3319/2934 2488/3411/3015 2482/3398/3004
f 2719/3400/3006 2725/3465/3061 2724/3321/2936
f 2684/3401/3007 2683/3380/2988 2677/3382/2990
f 2762/3403/3008 2768/3517/3105 2767/3404/3009
f 2486/3406/2971 2492/4704/3017 2491/3407/3011
f 2703/3408/3012 2697/3387/2993 2698/3349/2963
f 2489/3410/3014 2494/4705/3258 2488/3411/3015
f 2487/3412/3016 2481/3357/2970 2482/3398/3004
f 2492/3413/3017 2486/3358/2971 2487/3412/3016
f 2488/3411/3015 2494/4705/3258 2493/3414/3018
f 2491/3415/3011 2497/3433/3031 2496/3416/3019
f 2764/3392/2998 2763/3391/2997 2757/3418/3020
f 2499/3420/3022 2498/3719/3024 2492/3421/3017
f 2477/3399/3005 2482/3398/3004 2476/3361/2974
f 2705/3423/3023 2710/3549/3132 2704/3409/3013
f 2498/3424/3024 2497/3433/3031 2491/3415/3011
f 2490/3417/2933 2496/3416/3019 2495/3426/3025
f 2506/3377/2987 2500/3439/3037 2495/3426/3025
f 2611/3429/3027 2610/3628/3197 2604/3430/3028
f 2504/3432/3030 2503/3442/3040 2497/3433/3031
f 2501/3428/3026 2495/3426/3025 2496/3416/3019
f 2484/3320/2935 2483/3319/2934 2477/3399/3005
f 2497/3433/3031 2503/3442/3040 2502/3434/3032
f 2706/3435/3033 2705/3423/3023 2699/3348/2962
f 2738/3436/3034 2737/3480/3073 2731/3437/3035
f 2501/3428/3026 2507/3720/3263 2512/3375/2985
f 2506/3377/2987 2505/3376/2986 2499/3420/3022
f 2767/3404/3009 2773/3518/3106 2772/3440/3038
f 2503/3442/3040 2509/3451/3048 2508/3443/3041
f 2510/3444/3042 2509/3451/3048 2503/3442/3040
f 2769/3445/3043 2768/3649/3105 2762/3446/3008
f 2721/3341/2955 2727/3527/3113 2726/3447/3044
f 2685/3393/2999 2679/3395/3001 2680/3449/3046
f 2509/3451/3048 2515/4706/3063 2514/3452/3049
f 2516/3453/3050 2515/4706/3063 2509/3451/3048
f 2517/3454/3051 2516/4707/3050 2510/3455/3042
f 2759/3457/3053 2764/3392/2998 2758/3419/3021
f 2742/3459/3055 2748/3347/2961 2747/3460/3056
f 2513/3462/3058 2519/3714/3259 2524/3463/3059
f 2732/3438/3036 2731/3437/3035 2725/3465/3061
f 2522/3467/3062 2521/3475/3068 2515/3468/3063
f 2549/3470/3064 2555/3486/3078 2560/3471/3065
f 2520/3473/3067 2519/3714/3259 2513/3462/3058
f 2754/3346/2960 2760/3513/3101 2759/3457/3053
f 2521/3475/3068 2520/3473/3067 2514/3474/3049
f 2703/3408/3012 2709/3492/3083 2708/3476/3069
f 2527/3478/3071 2526/3498/3087 2520/3473/3067
f 2744/3479/3072 2743/3555/3137 2737/3480/3073
f 2523/3481/3074 2529/3500/3089 2528/3482/3075
f 2556/3484/3076 2562/3550/3133 2561/3485/3077
f 2707/3487/3079 2706/3435/3033 2700/3351/2965
f 2518/3464/3060 2524/3463/3059 2523/3481/3074
f 2536/3489/3080 2530/3505/3093 2525/3490/3081
f 2704/3409/3013 2710/3549/3132 2709/3492/3083
f 2739/3311/2926 2738/3559/3034 2732/3493/3036
f 2534/3495/3085 2533/3512/3100 2527/3478/3071
f 2532/3497/3086 2531/3491/3082 2525/3490/3081
f 2725/3465/3061 2731/3437/3035 2730/3499/3088
f 2529/3500/3089 2535/3504/3092 2534/3501/3085
f 2542/3502/3090 2536/3489/3080 2531/3491/3082
f 2535/3504/3092 2529/3500/3089 2530/3505/3093
f 2735/3506/3094 2741/3461/3057 2746/3507/3095
f 2737/3480/3073 2736/3556/3138 2730/3499/3088
f 2538/3508/3096 2537/3503/3091 2531/3491/3082
f 2750/3509/3097 2756/3661/3223 2755/3510/3098
f 2539/3511/3099 2538/3508/3096 2532/3497/3086
f 2755/3510/3098 2761/3405/3010 2760/3513/3101
f 2548/3514/3102 2542/3502/3090 2537/3503/3091
f 2536/3489/3080 2542/3502/3090 2541/3516/3104
f 2768/3517/3105 2774/4708/3267 2773/3518/3106
f 2739/3311/2926 2733/3494/3084 2734/3519/3107
f 2541/3516/3104 2547/3528/3114 2546/3520/3108
f 2771/3522/3110 2776/3664/3154 2770/3390/2996
f 2678/3394/3000 2672/4709/3251 2673/3524/3112
f 2546/3525/3108 2545/3531/3117 2539/3511/3099
f 2733/3494/3084 2732/3493/3036 2726/3447/3044
f 2549/3470/3064 2554/3472/3066 2548/3514/3102
f 2547/3528/3114 2541/3516/3104 2542/3502/3090
f 2551/3529/3115 2557/3542/3127 2556/3484/3076
f 2546/3525/3108 2552/3547/3130 2551/3529/3115
f 2550/3530/3116 2549/3470/3064 2543/3515/3103
f 2545/3531/3117 2551/3529/3115 2550/3530/3116
f 2583/3533/3119 2577/3721/3264 2578/3534/3120
f 2706/3435/3033 2712/3589/3167 2711/3536/2940
f 2692/3537/3122 2686/3450/3047 2681/3396/3002
f 2554/3472/3066 2553/3546/3131 2547/3528/3114
f 2689/3539/3124 2688/3554/3136 2682/3540/3125
f 2564/3541/3126 2563/3680/3235 2557/3542/3127
f 2559/3544/3129 2558/3553/3128 2552/3545/3130
f 2558/3543/3128 2557/3542/3127 2551/3529/3115
f 2716/3548/2939 2715/3577/3156 2709/3492/3083
f 2557/3542/3127 2563/3680/3235 2562/3550/3133
f 2690/3551/3134 2689/3539/3124 2683/3380/2988
f 2565/3552/3135 2564/3561/3126 2558/3553/3128
f 2688/3554/3136 2687/3538/3123 2681/3396/3002
f 2743/3555/3137 2742/3459/3055 2736/3556/3138
f 2734/3519/3107 2733/3494/3084 2727/3527/3113
f 2730/3499/3088 2736/3556/3138 2735/3506/3094
f 2739/3311/2926 2745/3310/2925 2744/3558/3072
f 2565/3552/3135 2571/3564/3143 2570/3560/3140
f 2451/3326/2941 2450/3328/2943 2444/3562/3141
f 2571/3564/3143 2565/3552/3135 2566/3565/3144
f 2568/3567/3146 2567/3573/3152 2561/3485/3077
f 2744/3479/3072 2750/3509/3097 2749/3345/2959
f 2593/3568/3147 2587/3613/3182 2588/3569/3148
f 2443/3571/3150 2449/3372/2982 2448/3336/2950
f 2567/3573/3152 2572/3566/3145 2566/3565/3144
f 2715/3577/3156 2714/4710/3164 2708/3476/3069
f 2628/3578/3157 2622/3640/3207 2623/3579/3158
f 2578/3534/3120 2572/3566/3145 2567/3573/3152
f 2705/3423/3023 2711/3536/2940 2716/3548/2939
f 2570/3582/3140 2576/3591/3169 2575/3583/3161
f 2573/3581/3160 2567/3573/3152 2568/3567/3146
f 2747/3460/3056 2752/3600/3174 2746/3507/3095
f 2569/3584/3162 2575/3583/3161 2574/3585/3163
f 2714/3586/3164 2720/3747/3045 2719/3400/3006
f 2573/3581/3160 2579/3722/3265 2584/3535/3121
f 2578/3534/3120 2577/3721/3264 2571/3564/3143
f 2581/3588/3166 2580/3723/3172 2574/3585/3163
f 2707/3487/3079 2713/4711/3165 2712/3589/3167
f 2582/3590/3168 2581/3588/3166 2575/3583/3161
f 2751/3592/3170 2750/3682/3097 2744/3558/3072
f 2729/3557/3139 2735/3506/3094 2740/3309/2924
f 2691/3386/2992 2685/3393/2999 2686/3450/3047
f 2581/3593/3166 2587/3613/3182 2586/3594/3171
f 2588/3569/3148 2587/3613/3182 2581/3593/3166
f 2589/3597/3173 2588/3605/3148 2582/3598/3168
f 2753/3458/3054 2758/3419/3021 2752/3600/3174
f 2752/3600/3174 2751/3592/3170 2745/3310/2925
f 2586/3594/3171 2592/3612/3181 2591/3601/3175
f 2714/3603/3164 2713/4711/3165 2707/3487/3079
f 2588/3605/3148 2589/3597/3173 2595/3606/3177
f 2657/3608/3178 2662/3704/3253 2656/3609/3179
f 2713/3587/3165 2719/3400/3006 2718/3323/2938
f 2693/3350/2964 2698/3349/2963 2692/3537/3122
f 2592/3612/3181 2586/3594/3171 2587/3613/3182
f 2595/3606/3177 2601/3623/3192 2600/3614/3183
f 2598/3615/3184 2597/3622/3191 2591/3601/3175
f 2593/3568/3147 2599/3715/3260 2598/3615/3184
f 2631/3616/3185 2637/3658/3220 2636/3617/3186
f 2596/3619/3188 2595/3606/3177 2589/3597/3173
f 2591/3601/3175 2596/3619/3188 2590/3620/3189
f 2765/3523/3111 2770/3390/2996 2764/3392/2998
f 2602/3621/3190 2601/3623/3192 2595/3606/3177
f 2597/3622/3191 2602/3621/3190 2596/3619/3188
f 2601/3623/3192 2607/3625/3194 2606/3624/3193
f 2724/3321/2936 2730/3499/3088 2729/3557/3139
f 2604/3430/3028 2603/3629/3198 2597/3622/3191
f 2607/3625/3194 2613/3630/3199 2612/3626/3195
f 2608/3627/3196 2607/3625/3194 2601/3623/3192
f 2697/3387/2993 2703/3408/3012 2702/3477/3070
f 2761/3405/3010 2767/3404/3009 2766/3441/3039
f 2610/3628/3197 2609/3639/3206 2603/3629/3198
f 2760/3513/3101 2766/3441/3039 2765/3523/3111
f 2613/3630/3199 2619/3637/3204 2618/3631/3200
f 2608/3627/3196 2614/3635/3202 2613/3630/3199
f 2480/3359/2972 2474/4712/2981 2475/3632/3201
f 2618/3633/3200 2617/3641/3208 2611/3429/3027
f 2603/3629/3198 2609/3639/3206 2614/3635/3202
f 2625/3636/3203 2624/3651/3216 2618/3631/3200
f 2616/3638/3205 2615/3647/3214 2609/3639/3206
f 2695/3334/2948 2694/3333/2947 2688/3554/3136
f 2614/3635/3202 2620/3645/3212 2619/3637/3204
f 2622/3640/3207 2616/3638/3205 2617/3641/3208
f 2655/3642/3209 2654/3688/3236 2648/3643/3210
f 2609/3639/3206 2615/3647/3214 2620/3645/3212
f 2616/3638/3205 2622/3640/3207 2621/3646/3213
f 2775/3648/3153 2774/4713/3267 2768/3649/3105
f 2622/3640/3207 2628/3578/3157 2627/3650/3215
f 2631/3616/3185 2630/3618/3187 2624/3651/3216
f 2626/3652/3217 2625/3636/3203 2619/3637/3204
f 2511/3456/3052 2510/3455/3042 2504/3653/3030
f 2630/3654/3187 2629/3580/3159 2623/3579/3158
f 2615/3647/3214 2621/3646/3213 2626/3652/3217
f 2690/3551/3134 2696/3344/2958 2695/3334/2948
f 2743/3555/3137 2749/3345/2959 2748/3347/2961
f 2630/3654/3187 2636/3725/3186 2635/3656/3218
f 2694/3333/2947 2693/3350/2964 2687/3538/3123
f 2621/3646/3213 2627/3650/3215 2632/3657/3219
f 2632/3657/3219 2638/3676/3233 2637/3658/3220
f 2645/3659/3221 2651/3610/3180 2656/3609/3179
f 2756/3661/3223 2762/3403/3008 2761/3405/3010
f 2634/3662/3224 2633/3667/3228 2627/3650/3215
f 2635/3656/3218 2634/3662/3224 2628/3578/3157
f 2641/3663/3225 2640/3666/3227 2634/3662/3224
f 2776/3664/3154 2775/3648/3153 2769/3445/3043
f 2637/3658/3220 2643/4714/3229 2642/3665/3226
f 2640/3666/3227 2639/3675/3232 2633/3667/3228
f 2649/3644/3211 2648/3643/3210 2642/3668/3226
f 2646/3670/3230 2640/3677/3227 2641/3671/3225
f 2647/3672/3231 2641/3671/3225 2642/3673/3226
f 2639/3675/3232 2644/3679/3234 2638/3676/3233
f 2640/3677/3227 2646/3670/3230 2645/3659/3221
f 2644/3679/3234 2643/4714/3229 2637/3658/3220
f 2564/3541/3126 2570/3582/3140 2569/3584/3162
f 2766/3441/3039 2772/3440/3038 2771/3522/3110
f 2654/3681/3236 2653/3686/3239 2647/3672/3231
f 2697/3387/2993 2691/3386/2992 2692/3537/3122
f 2757/3418/3020 2756/3705/3223 2750/3682/3097
f 2656/3609/3179 2655/3642/3209 2649/3644/3211
f 2650/3660/3222 2649/3644/3211 2643/3669/3229
f 2645/3659/3221 2650/3660/3222 2644/3683/3234
f 2659/3684/3237 2658/3689/3241 2652/3685/3238
f 2647/3672/3231 2653/3686/3239 2652/3685/3238
f 2661/3687/3240 2660/4715/3242 2654/3688/3236
f 2657/3608/3178 2651/3610/3180 2652/3685/3238
f 2721/3341/2955 2720/3448/3045 2714/3690/3164
f 2758/3419/3021 2757/3418/3020 2751/3592/3170
f 2660/3692/3242 2659/3684/3237 2653/3686/3239
f 2651/3610/3180 2645/3659/3221 2646/3670/3230
f 2656/3609/3179 2662/3704/3253 2661/3687/3240
f 2665/3693/3243 2664/3701/3250 2658/3689/3241
f 2666/3694/3244 2665/3693/3243 2659/3684/3237
f 2666/3695/3244 2660/4715/3242 2661/3687/3240
f 2668/3697/3246 2662/3704/3253 2657/3608/3178
f 2663/3698/3247 2669/3707/3254 2674/3699/3248
f 2671/3700/3249 2670/3703/3252 2664/3701/3250
f 2672/3702/3251 2671/3700/3249 2665/3693/3243
f 2673/3524/3112 2672/4709/3251 2666/3695/3244
f 2670/3703/3252 2669/3707/3254 2663/3698/3247
f 2667/3696/3245 2661/3687/3240 2662/3704/3253
f 2668/3697/3246 2674/3699/3248 2673/3524/3112
f 2763/3391/2997 2762/3446/3008 2756/3705/3223
f 2672/3702/3251 2678/3402/3000 2677/3382/2990
f 2690/3706/3134 2684/4703/3007 2685/3393/2999
f 2712/3611/3167 2718/3323/2938 2717/3322/2937
f 2671/3700/3249 2677/3382/2990 2676/3381/2989
f 2676/3381/2989 2675/3397/3003 2669/3707/3254
f 2569/3584/3162 2568/3567/3146 2562/3550/3133
f 2680/3449/3046 2679/3395/3001 2673/3524/3112
f 2748/3347/2961 2754/3346/2960 2753/3458/3054
f 2442/3572/3151 2448/3336/2950 2447/3317/2932
f 2450/3709/2943 2449/3372/2982 2443/3571/3150
f 2722/3342/2956 2721/3341/2955 2715/3691/3156
f 2444/3710/3141 2443/3571/3150 2437/3711/3256
f 2500/3439/3037 2494/3713/3258 2489/3427/3014
f 2500/3439/3037 2499/3420/3022 2493/3422/3018
f 2522/3483/3062 2516/4716/3050 2517/3488/3051
f 2526/3498/3087 2525/3490/3081 2519/3714/3259
f 2545/3531/3117 2544/3532/3118 2538/3508/3096
f 2594/3570/3149 2600/3724/3183 2599/3715/3260
f 2617/3641/3208 2616/3638/3205 2610/3628/3197
f 2624/3655/3216 2623/3579/3158 2617/3641/3208
f 2664/3701/3250 2663/3698/3247 2657/3608/3178
f 2435/3716/3261 2441/3708/3255 2446/3312/2927
f 2452/3316/2931 2451/3326/2941 2445/3563/3142
f 2475/3632/3201 2474/4712/2981 2468/3717/2969
f 2478/3389/2995 2477/3399/3005 2471/3373/2983
f 2530/3505/3093 2524/3463/3059 2519/3714/3259
f 2529/3500/3089 2523/3481/3074 2524/3463/3059
f 2552/3545/3130 2546/3520/3108 2547/3528/3114
f 2550/3530/3116 2556/3484/3076 2555/3486/3078
f 2436/3718/3262 2442/3572/3151 2441/3708/3255
f 2675/3397/3003 2680/3449/3046 2674/3699/3248
f 2450/3709/2943 2456/3329/2942 2455/3331/2945
f 2437/3711/3256 2443/3571/3150 2442/3572/3151
f 2675/3397/3003 2681/3396/3002 2686/3450/3047
f 2481/3357/2970 2475/3632/3201 2476/3361/2974
f 2505/3376/2986 2504/3653/3030 2498/3719/3024
f 2507/3720/3263 2501/3428/3026 2502/3434/3032
f 2533/3512/3100 2532/3497/3086 2526/3498/3087
f 2540/3526/3109 2539/3511/3099 2533/3512/3100
f 2560/3471/3065 2559/3544/3129 2553/3546/3131
f 2577/3721/3264 2576/3730/3169 2570/3560/3140
f 2579/3722/3265 2573/3581/3160 2574/3585/3163
f 2600/3724/3183 2606/3731/3193 2605/3431/3029
f 2632/3657/3219 2631/3616/3185 2625/3636/3203
f 2528/3496/3075 2527/3478/3071 2521/3475/3068
f 2641/3663/3225 2635/3656/3218 2636/3725/3186
f 2580/3595/3172 2586/3594/3171 2585/3602/3176
f 2445/3563/3142 2444/3562/3141 2438/3728/3257
f 2723/3388/2994 2729/3557/3139 2734/3519/3107
f 2508/3443/3041 2514/3452/3049 2513/3729/3058
f 2742/3459/3055 2741/3461/3057 2735/3506/3094
f 2555/3486/3078 2561/3485/3077 2566/3565/3144
f 2566/3565/3144 2565/3552/3135 2559/3544/3129
f 2583/3533/3119 2582/4717/3168 2576/3730/3169
f 2604/3430/3028 2598/3615/3184 2599/3715/3260
f 2612/3634/3195 2611/3429/3027 2605/3431/3029
f 2462/3356/2967 2456/3327/2942 2457/3339/2953
f 2466/3732/2984 2465/3378/2973 2459/3337/2951
f 2491/3407/3011 2490/3318/2933 2484/3320/2935
f 2518/3733/3060 2512/3375/2985 2507/3720/3263
f 2518/3733/3060 2517/3454/3051 2511/3456/3052
f 2540/3521/3109 2534/3501/3085 2535/3504/3092
f 2544/3532/3118 2543/3515/3103 2537/3503/3091
f 2590/3620/3189 2584/3734/3121 2579/3727/3265
f 2590/3620/3189 2589/3597/3173 2583/3599/3119
f 2603/3629/3198 2608/3627/3196 2602/3621/3190
f 2702/3735/3070 2708/3604/3069 2707/3487/3079
f 2720/3747/3045 2726/3466/3044 2725/3465/3061
f 2452/3316/2931 2446/3312/2927 2441/3708/3255
f 2633/3667/3228 2638/3676/3233 2632/3657/3219
f 2830/3748/3268 2824/3815/3329 2823/3749/3269
f 2822/3751/3271 2828/3819/3333 2829/3750/3270
f 2826/3752/3272 2832/3793/3310 2827/3753/3273
f 2844/3755/3275 2843/4718/3318 2849/3756/3276
f 2779/3758/3278 2845/3796/3312 2850/3757/3277
f 2827/3753/3273 2828/4719/3333 2822/3760/3271
f 2798/3761/3280 2792/4720/3327 2791/3762/3281
f 2783/3764/3283 2789/3777/3295 2790/3765/3284
f 2826/3752/3272 2820/3800/3316 2819/3766/3285
f 2796/3768/3287 2802/3774/3292 2797/3763/3282
f 2804/3769/3288 2805/3773/3291 2799/3770/3289
f 2806/3772/3290 2800/3791/3308 2799/3770/3289
f 2802/3774/3292 2808/3789/3306 2803/3775/3293
f 2794/3776/3294 2795/3779/3297 2789/3777/3295
f 2795/3779/3297 2796/3768/3287 2790/3765/3284
f 2831/3780/3298 2832/3793/3310 2826/3752/3272
f 2803/3775/3293 2804/4721/3288 2798/3761/3280
f 2810/3781/3299 2804/4721/3288 2803/3775/3293
f 2840/3783/3301 2834/3833/3335 2833/3784/3302
f 2810/3786/3299 2811/3788/3305 2805/3773/3291
f 2812/3787/3304 2806/3772/3290 2805/3773/3291
f 2808/3789/3306 2814/3808/3324 2809/3782/3300
f 2801/3790/3307 2795/3779/3297 2794/3776/3294
f 2801/3790/3307 2802/3774/3292 2796/3768/3287
f 2837/3792/3309 2838/3803/3319 2832/3793/3310
f 2815/3794/3311 2816/3810/3323 2810/3781/3299
f 2840/3795/3301 2839/3827/3303 2845/3796/3312
f 2810/3786/3299 2816/3807/3323 2817/3798/3314
f 2818/3799/3315 2812/3787/3304 2811/3788/3305
f 2809/3782/3300 2814/3808/3324 2820/3800/3316
f 2807/3801/3317 2801/3790/3307 2800/3791/3308
f 2807/3801/3317 2808/3789/3306 2802/3774/3292
f 2843/3802/3318 2844/3824/3275 2838/3803/3319
f 2779/3758/3278 2780/3806/3322 2846/3797/3313
f 2820/3800/3316 2814/3808/3324 2813/3804/3320
f 2785/3805/3321 2786/3809/3325 2780/3806/3322
f 2815/3794/3311 2820/3800/3316 2826/3752/3272
f 2822/3751/3271 2823/3749/3269 2817/3798/3314
f 2812/3787/3304 2813/3804/3320 2807/3801/3317
f 2807/3801/3317 2813/3804/3320 2814/3808/3324
f 2791/3762/3281 2792/4720/3327 2786/3809/3325
f 2818/3799/3315 2819/3766/3285 2813/3804/3320
f 2821/3754/3274 2822/3760/3271 2816/3810/3323
f 2779/3758/3278 2784/3759/3279 2790/3765/3284
f 2793/3811/3326 2787/3814/3328 2786/3812/3325
f 2793/3811/3326 2794/3776/3294 2788/3778/3296
f 2824/3815/3329 2818/3799/3315 2817/3798/3314
f 2781/3816/3330 2782/3829/3339 2848/3817/3331
f 2828/3819/3333 2834/3821/3335 2835/3820/3334
f 2835/3820/3334 2836/3823/3337 2830/3748/3268
f 2827/3753/3273 2832/3793/3310 2838/3803/3319
f 2824/3815/3329 2825/3767/3286 2819/3766/3285
f 2798/3771/3280 2799/3770/3289 2793/3811/3326
f 2830/3748/3268 2831/3780/3298 2825/3767/3286
f 2834/3821/3335 2840/4722/3301 2841/3822/3336
f 2841/3822/3336 2842/3828/3338 2836/3823/3337
f 2833/3784/3302 2838/3803/3319 2844/3824/3275
f 2837/3792/3309 2831/3780/3298 2830/3748/3268
f 2840/3825/3301 2846/3832/3313 2847/3818/3332
f 2848/3817/3331 2842/3830/3338 2841/3826/3336
f 2839/3827/3303 2844/3755/3275 2850/3757/3277
f 2843/3802/3318 2837/3792/3309 2836/3823/3337
f 2787/3814/3328 2788/3778/3296 2782/3829/3339
f 2784/3759/3279 2850/3757/3277 2849/3756/3276
f 2849/3756/3276 2843/4718/3318 2842/3830/3338
f 2780/3831/3322 2781/3816/3330 2847/3818/3332
f 2785/3805/3321 2790/3765/3284 2796/3768/3287
f 2782/3829/3339 2783/3764/3283 2849/3756/3276
f 2799/3770/3289 2800/3791/3308 2794/3776/3294
f 2789/3777/3295 2783/3764/3283 2782/3829/3339
f 2834/3833/3335 2828/4719/3333 2827/3753/3273
f 2787/3814/3328 2781/3816/3330 2780/3831/3322
f 2895/3834/3340 2896/3904/3399 2902/3835/3341
f 2894/3837/3343 2895/3834/3340 2901/3836/3342
f 2893/3839/3345 2899/3847/3353 2904/3840/3346
f 2922/3842/3348 2921/3920/3410 2915/3843/3349
f 2851/3845/3351 2856/3853/3357 2922/3842/3348
f 2899/3847/3353 2893/3839/3345 2894/3848/3343
f 2869/3850/3354 2863/3859/3363 2864/3851/3355
f 2856/3853/3357 2862/3870/3373 2861/3854/3358
f 2891/3856/3360 2892/3893/3391 2898/3841/3347
f 2869/3850/3354 2874/3866/3369 2868/3858/3362
f 2870/3860/3356 2871/3911/3406 2877/3861/3364
f 2877/3861/3364 2871/3911/3406 2872/3863/3366
f 2875/3865/3368 2880/3882/3383 2874/3866/3369
f 2860/3867/3370 2861/3854/3358 2867/3868/3371
f 2867/3868/3371 2861/3854/3358 2862/3870/3373
f 2897/3857/3361 2898/3841/3347 2904/3840/3346
f 2875/3865/3368 2869/3850/3354 2870/3852/3356
f 2881/3873/3375 2875/3865/3368 2876/3872/3365
f 2905/3875/3377 2906/3922/3404 2912/3876/3378
f 2876/3862/3365 2877/3861/3364 2883/3878/3380
f 2877/3861/3364 2878/3864/3367 2884/3880/3381
f 2875/3865/3368 2881/3873/3375 2886/3881/3382
f 2872/3863/3366 2866/3869/3372 2867/3868/3371
f 2867/3868/3371 2868/3858/3362 2874/3866/3369
f 2904/3840/3346 2910/3915/3409 2909/3884/3385
f 2887/3885/3386 2881/3873/3375 2882/3874/3376
f 2918/3887/3388 2917/3846/3352 2911/3888/3379
f 2883/3878/3380 2889/3892/3390 2888/3890/3387
f 2883/3878/3380 2884/3880/3381 2890/3891/3389
f 2881/3873/3375 2887/3885/3386 2892/3893/3391
f 2878/3864/3367 2872/3863/3366 2873/3883/3384
f 2874/3866/3369 2880/3882/3383 2879/3894/3392
f 2909/3884/3385 2910/3915/3409 2916/3895/3350
f 2851/3845/3351 2917/3846/3352 2918/3887/3388
f 2885/3898/3394 2886/3881/3382 2892/3893/3391
f 2857/3899/3395 2851/3845/3351 2852/3897/3393
f 2887/3885/3386 2893/3839/3345 2898/3841/3347
f 2889/3892/3390 2895/3834/3340 2894/3837/3343
f 2878/3864/3367 2879/3894/3392 2885/3898/3394
f 2880/3882/3383 2886/3881/3382 2885/3898/3394
f 2857/3899/3395 2858/3900/3396 2864/3851/3355
f 2890/3891/3389 2884/3880/3381 2885/3898/3394
f 2887/3885/3386 2888/3886/3387 2894/3848/3343
f 2857/3899/3395 2862/3870/3373 2856/3853/3357
f 2864/3901/3355 2858/3923/3396 2859/3902/3397
f 2865/3903/3398 2859/3902/3397 2860/3867/3370
f 2895/3834/3340 2889/3892/3390 2890/3891/3389
f 2853/3905/3400 2919/4723/3958 2920/3906/3401
f 2900/3838/3344 2901/3836/3342 2907/3908/3403
f 2907/3908/3403 2901/3836/3342 2902/3835/3341
f 2905/3875/3377 2910/3915/3409 2904/3840/3346
f 2896/3904/3399 2890/3891/3389 2891/3856/3360
f 2864/3901/3355 2865/3903/3398 2871/3911/3406
f 2896/3904/3399 2897/3857/3361 2903/3871/3374
f 2907/3908/3403 2913/3913/3407 2912/3912/3378
f 2913/3913/3407 2907/3908/3403 2908/3910/3405
f 2905/3875/3377 2911/3877/3379 2916/3895/3350
f 2902/3835/3341 2903/3871/3374 2909/3884/3385
f 2913/3916/3407 2919/4723/3958 2918/3917/3388
f 2920/3906/3401 2919/4723/3958 2913/3916/3407
f 2911/3888/3379 2917/3846/3352 2922/3842/3348
f 2908/3910/3405 2909/3884/3385 2915/3896/3349
f 2859/3902/3397 2853/3905/3400 2854/3907/3402
f 2855/3855/3359 2921/3920/3410 2922/3842/3348
f 2920/3906/3401 2914/3919/3408 2915/3843/3349
f 2918/3917/3388 2919/4723/3958 2853/3905/3400
f 2857/3899/3395 2863/3859/3363 2868/3858/3362
f 2920/3906/3401 2921/3920/3410 2855/3855/3359
f 2865/3903/3398 2866/3869/3372 2872/3863/3366
f 2854/3907/3402 2855/3855/3359 2861/3854/3358
f 2905/3875/3377 2899/3847/3353 2900/3849/3344
f 2858/3923/3396 2852/3921/3393 2853/3905/3400
f 2979/3924/3411 2980/4087/3565 3102/3925/3412
f 2961/3927/3414 3047/3945/3432 3044/3928/3415
f 3045/3930/3417 2973/3936/3423 2974/3931/3418
f 2956/3932/3419 3046/4055/3538 3049/3933/3420
f 3045/3930/3417 3046/4055/3538 2972/3935/3422
f 3083/3937/3424 3080/4135/3606 3079/3938/3425
f 3051/3940/3427 3052/3954/3441 3049/3933/3420
f 2970/3942/3429 3117/3994/3481 3120/3943/3430
f 3045/3930/3417 3044/3928/3415 3047/3945/3432
f 2972/3935/3422 2924/4033/3517 2987/3946/3433
f 2963/3948/3435 2927/3983/3470 2993/3949/3436
f 3104/3951/3438 3105/4006/3493 2965/3952/3439
f 2955/3934/3421 3049/3933/3420 3052/3954/3441
f 2960/3956/3443 3050/3973/3460 3047/3945/3432
f 3075/3957/3444 3069/4038/3522 3071/3958/3445
f 2969/3960/3447 2928/3987/3474 3014/3961/3448
f 3142/3963/3450 2953/4023/3508 2952/3964/3451
f 2946/3966/3453 2945/4065/3546 3076/3967/3454
f 2968/3969/3456 2967/4011/3498 3134/3970/3457
f 2954/3955/3442 3052/3954/3441 2971/3944/3431
f 2960/3956/3443 2928/3987/3474 2969/3960/3447
f 3060/3974/3461 3061/4004/3491 3058/3975/3462
f 3050/3973/3460 3051/3940/3427 3048/3941/3428
f 2944/3977/3464 2943/4014/3501 3064/3978/3465
f 3109/3980/3467 3110/4035/3519 3107/3981/3468
f 2962/3929/3416 3044/3928/3415 2974/3931/3418
f 3056/3984/3471 3057/3976/3463 3054/3985/3472
f 3051/3940/3427 2970/3942/3429 2971/3944/3431
f 3050/3973/3460 2969/3960/3447 2970/3942/3429
f 2928/3987/3474 2960/3956/3443 3055/3988/3475
f 3059/3990/3477 3060/3974/3461 3057/3976/3463
f 3054/3985/3472 3055/3988/3475 2960/3956/3443
f 3104/3951/3438 2964/3953/3440 2963/3948/3435
f 2973/3936/3423 2972/3935/3422 3085/3947/3434
f 2964/3953/3440 3056/3984/3471 3053/3986/3473
f 2959/3989/3476 3055/3988/3475 3058/3975/3462
f 3127/3993/3480 3014/3961/3448 2928/3987/3474
f 2970/3942/3429 2969/3960/3447 3114/3962/3449
f 2930/3995/3482 2944/3977/3464 3065/3979/3466
f 3140/3996/3483 3139/4162/3629 3137/3997/3484
f 2942/3998/3485 2923/4015/3502 2948/3999/3486
f 3065/3979/3466 3064/3978/3465 3062/4001/3488
f 2957/4003/3490 2958/3992/3479 3058/3975/3462
f 2965/3952/3439 3059/3990/3477 3056/3984/3471
f 3001/4005/3492 2923/4015/3502 2965/3952/3439
f 3162/4007/3494 3008/4176/3642 3009/4008/3495
f 2966/4010/3497 3133/4027/3511 3134/3970/3457
f 3067/4012/3499 3066/4002/3489 3062/4001/3488
f 2942/3998/3485 3063/4000/3487 3064/3978/3465
f 2923/4015/3502 3001/4005/3492 3094/4016/3503
f 3159/4017/3504 3022/4168/3635 2938/4018/3505
f 3135/3971/3458 3004/4040/3524 2930/3995/3482
f 3079/3938/3425 3080/4135/3606 3077/4020/3455
f 3142/3963/3450 3005/4186/3652 2926/4022/3507
f 3085/4024/3434 2987/4129/3433 2988/4025/3509
f 3133/4027/3511 3132/4178/3644 3130/4028/3512
f 2957/4003/3490 3061/4004/3491 2944/3977/3464
f 2925/4029/3513 2950/4053/3536 3096/4030/3514
f 3061/4004/3491 3060/3974/3461 2943/4014/3501
f 2947/4032/3516 3078/4034/3518 2987/3946/3433
f 3060/3974/3461 3059/3990/3477 2942/3998/3485
f 2947/4032/3516 2946/3966/3453 3077/3968/3455
f 3059/3990/3477 2965/3952/3439 2923/4015/3502
f 3110/4035/3519 3111/4150/3618 3108/4036/3520
f 3072/4037/3521 3071/3958/3445 3069/4038/3522
f 3004/4040/3524 3129/4181/3647 2957/4003/3490
f 3003/4041/3525 3136/4147/3615 3131/4042/3526
f 3153/4044/3528 3020/4085/3563 3021/4045/3529
f 3169/4047/3531 3168/4208/3608 2996/4048/3515
f 3040/4050/3533 2941/4211/3666 3034/4051/3534
f 3068/4013/3500 2949/4056/3539 2950/4053/3536
f 2950/4053/3536 2949/4056/3539 3095/4054/3537
f 3046/4055/3538 3045/3930/3417 3048/3941/3428
f 3067/4012/3499 2950/4053/3536 2925/4029/3513
f 3063/4000/3487 2948/3999/3486 2949/4056/3539
f 3066/4002/3489 2967/4011/3498 2968/3969/3456
f 3033/4057/3540 3158/4138/3609 3161/4052/3535
f 3140/3996/3483 2951/4072/3553 2929/3972/3459
f 3066/4002/3489 3067/4012/3499 2966/4010/3497
f 3097/4059/3542 3098/4144/3614 3095/4060/3537
f 3070/3959/3446 3071/3958/3445 2946/3966/3453
f 3091/4062/3543 3088/4026/3510 2988/4025/3509
f 3106/3982/3469 2994/4124/3596 2995/4064/3545
f 2956/3932/3419 3070/3959/3446 2947/4032/3516
f 2953/4023/3508 2926/4022/3507 2945/4065/3546
f 2924/4033/3517 2972/3935/3422 3046/4055/3538
f 3040/4050/3533 3039/4174/3641 3172/4066/3547
f 3072/4037/3521 3073/4039/3523 2952/3964/3451
f 3144/4068/3549 3005/4186/3652 3006/4069/3550
f 3071/3958/3445 3072/4037/3521 2945/4065/3546
f 2929/3972/3459 2951/4072/3553 3074/4071/3552
f 3073/4039/3523 3074/4071/3552 2951/4072/3553
f 3108/4036/3520 3000/4149/3617 3001/4073/3492
f 2990/4075/3554 2934/4724/3959 2975/4076/3555
f 3041/4077/3556 2939/4102/3580 3031/4078/3557
f 3152/4080/3559 3149/4101/3579 3148/4081/3560
f 3088/4026/3510 3089/4133/3604 3086/4083/3478
f 3035/4084/3562 2937/4152/3619 3020/4085/3563
f 2998/4086/3564 3102/3925/3412 2980/4087/3565
f 3027/4089/3567 3167/4195/3660 3170/4090/3568
f 3093/4092/3570 3092/4140/3611 2985/4093/3571
f 3100/4095/3573 2999/4126/3598 2931/4096/3574
f 3023/4098/3576 2934/4724/3959 2990/4075/3554
f 3024/4100/3578 3023/4098/3576 3146/4099/3577
f 3170/4090/3568 3169/4047/3531 2997/4049/3532
f 2939/4102/3580 3041/4077/3556 3164/4103/3581
f 3179/4079/3558 3031/4078/3557 3030/4105/3583
f 3084/4107/3585 2977/4114/3592 2932/4108/3586
f 2926/4022/3507 3005/4186/3652 3144/4068/3549
f 3115/4110/3588 3116/4153/3620 3113/4111/3589
f 2989/4063/3544 2932/4108/3586 2984/4113/3591
f 2977/4114/3592 3084/4107/3585 3083/3937/3424
f 3145/4116/3594 2991/4128/3600 2992/4117/3587
f 3107/3981/3468 3108/4036/3520 3105/4074/3493
f 3156/4120/3530 3157/4139/3610 3154/4121/3595
f 3103/4123/3437 2993/4146/3436 2994/4124/3596
f 3028/4091/3569 3170/4090/3568 2998/4086/3564
f 3036/4125/3597 3035/4200/3562 3153/4122/3528
f 2999/4126/3598 3111/4150/3618 2983/4127/3599
f 2991/4128/3600 3079/3938/3425 3076/4021/3454
f 2987/4129/3433 3078/4210/3518 3081/4130/3601
f 3016/4131/3602 3121/4159/3626 3017/4132/3603
f 2989/4063/3544 2988/4025/3509 3081/4130/3601
f 2991/4128/3600 2990/4075/3554 3082/3939/3426
f 3089/4133/3604 3090/4141/3612 3087/4134/3605
f 3084/4107/3585 3081/4130/3601 3080/4135/3606
f 3010/4136/3607 2925/4029/3513 2996/4031/3515
f 3158/4138/3609 3155/4189/3654 3154/4121/3595
f 3092/4140/3611 3093/4092/3570 3090/4141/3612
f 3092/4140/3611 3089/4133/3604 3088/4026/3510
f 3150/4142/3613 3151/4082/3561 3148/4081/3560
f 3098/4144/3614 3099/4148/3616 3096/4145/3514
f 2993/4146/3436 3087/4134/3605 3090/4141/3612
f 2994/4124/3596 3090/4141/3612 3093/4092/3570
f 3136/4147/3615 3003/4041/3525 3004/4040/3524
f 2996/4048/3515 3096/4145/3514 3099/4148/3616
f 2997/4049/3532 3099/4148/3616 3102/3925/3412
f 3101/3926/3413 3102/3925/3412 3099/4148/3616
f 2999/4126/3598 3100/4095/3573 3097/4059/3542
f 3000/4149/3617 3097/4059/3542 3094/4061/3503
f 3111/4150/3618 2999/4126/3598 3000/4149/3617
f 3150/4151/3613 3007/4185/3651 2937/4152/3619
f 3117/3994/3481 3114/3962/3449 3113/4111/3589
f 3043/4154/3621 3177/4157/3624 3019/4155/3622
f 3177/4157/3624 3174/4199/3661 3018/4158/3625
f 3121/4159/3626 3016/4131/3602 3015/4160/3627
f 3139/4162/3629 3140/3996/3483 3011/4058/3541
f 3127/3993/3480 3128/4182/3648 3125/4164/3631
f 3171/4165/3632 3038/4019/3506 2938/4018/3505
f 3147/4143/3551 3148/4081/3560 3145/4116/3594
f 3143/4166/3633 3137/3997/3484 3139/4162/3629
f 3135/3971/3458 3134/3970/3457 3130/4028/3512
f 3112/4112/3590 3016/4131/3602 2938/4018/3505
f 3016/4131/3602 3112/4112/3590 3113/4111/3589
f 3125/4164/3631 3126/4177/3643 3123/4169/3636
f 3114/3962/3449 3014/3961/3448 3015/4160/3627
f 3124/4161/3628 3125/4164/3631 3122/4170/3637
f 3012/4163/3630 3011/4058/3541 3120/3943/3430
f 3119/4171/3638 3118/4173/3640 3013/4172/3639
f 3156/4046/3530 3021/4045/3529 3022/4168/3635
f 3118/4173/3640 3020/4085/3563 2937/4152/3619
f 3012/4163/3630 3013/4172/3639 3138/4167/3634
f 3120/3943/3430 3117/3994/3481 3116/4153/3620
f 3021/4045/3529 3020/4085/3563 3118/4173/3640
f 3039/4174/3641 3038/4204/3506 3171/4175/3632
f 3021/4045/3529 3115/4110/3588 3112/4112/3590
f 3119/4171/3638 3116/4153/3620 3115/4110/3588
f 3162/4007/3494 3043/4154/3621 2936/4156/3623
f 3126/4177/3643 3003/4041/3525 3002/4043/3527
f 3149/4101/3579 3146/4099/3577 3145/4116/3594
f 3136/4147/3615 3130/4028/3512 3132/4178/3644
f 3010/4136/3607 3168/4137/3608 3165/4009/3496
f 3018/4158/3625 3017/4132/3603 3121/4159/3626
f 3110/4035/3519 3109/3980/3467 2981/4179/3645
f 3019/4155/3622 3018/4158/3625 3122/4170/3637
f 3082/3939/3426 2975/4076/3555 2976/4115/3593
f 3123/4169/3636 3002/4043/3527 2936/4156/3623
f 3003/4041/3525 3126/4177/3643 3129/4181/3647
f 3142/3963/3450 3141/3965/3452 3137/3997/3484
f 3128/4182/3648 3129/4181/3647 3126/4177/3643
f 3042/4183/3649 3041/4077/3556 3179/4079/3558
f 3009/4008/3495 3008/4176/3642 3131/4042/3526
f 3132/4178/3644 3133/4027/3511 3010/4136/3607
f 3007/4185/3651 3150/4151/3613 3147/4070/3551
f 3007/4185/3651 3138/4167/3634 3013/4172/3639
f 3138/4167/3634 3007/4185/3651 3006/4069/3550
f 3005/4186/3652 3142/3963/3450 3143/4166/3633
f 3159/4187/3504 3160/4198/3662 3157/4139/3610
f 3176/4106/3584 3030/4105/3583 3029/4188/3653
f 3033/4057/3540 3032/4209/3665 3155/4189/3654
f 3053/3986/3473 3054/3985/3472 2961/3927/3414
f 3175/4190/3655 3176/4106/3584 3173/4067/3548
f 2940/4191/3656 3025/4193/3658 3152/4080/3559
f 3025/4193/3658 3024/4100/3578 3149/4101/3579
f 2951/4072/3553 3140/3996/3483 3141/3965/3452
f 3109/3980/3467 2995/4064/3545 2935/4194/3659
f 3026/4104/3582 3164/4103/3581 3167/4195/3660
f 3036/4125/3597 3154/4121/3595 3155/4189/3654
f 3068/4013/3500 3062/4001/3488 3064/3978/3465
f 3174/4196/3661 3175/4190/3655 3172/4066/3547
f 3177/4197/3624 3178/4184/3650 3175/4190/3655
f 3160/4198/3662 3161/4052/3535 3158/4138/3609
f 3171/4165/3632 3017/4132/3603 3018/4158/3625
f 3151/4082/3561 3036/4125/3597 3037/4192/3657
f 3151/4082/3561 3150/4142/3613 3035/4200/3562
f 3166/4201/3663 3167/4195/3660 3164/4103/3581
f 3169/4047/3531 3170/4090/3568 3167/4195/3660
f 2993/3949/3436 2927/3983/3470 2974/3931/3418
f 3075/3957/3444 2955/3934/3421 2954/3955/3442
f 3161/4052/3535 3160/4198/3662 3039/4174/3641
f 3160/4198/3662 3159/4187/3504 3038/4204/3506
f 3162/4205/3494 3163/4202/3664 3042/4183/3649
f 3165/4207/3496 3166/4201/3663 3163/4202/3664
f 3163/4202/3664 3164/4103/3581 3041/4077/3556
f 3168/4208/3608 3169/4047/3531 3166/4201/3663
f 3032/4209/3665 2940/4191/3656 3037/4192/3657
f 3178/4184/3650 3179/4079/3558 3176/4106/3584
f 3070/3959/3446 2956/3932/3419 2955/3934/3421
f 2986/4094/3572 2935/4194/3659 2995/4064/3545
f 3014/3961/3448 3127/3993/3480 3124/4161/3628
f 3043/4206/3621 3042/4183/3649 3178/4184/3650
f 3080/4135/3606 3081/4130/3601 3078/4210/3518
f 3008/4176/3642 2936/4156/3623 3002/4043/3527
f 3101/3926/3413 3100/4095/3573 2978/4097/3575
f 2974/3931/3418 2973/3936/3423 3086/3991/3478
f 3146/4099/3577 2990/4075/3554 2991/4128/3600
f 2963/3948/3435 3053/3986/3473 2962/3929/3416
f 3128/4182/3648 2958/3992/3479 2957/4003/3490
f 3128/4182/3648 3127/3993/3480 2959/3989/3476
f 3091/4062/3543 2984/4113/3591 2985/4093/3571
f 3057/3976/3463 3058/3975/3462 3055/3988/3475
f 2948/3999/3486 3094/4016/3503 3095/4054/3537
f 2971/3944/3431 3120/3943/3430 3011/4058/3541
f 2926/4022/3507 2992/4109/3587 3076/3967/3454
f 3111/4150/3618 3110/4035/3519 2982/4180/3646
f 2966/4010/3497 2925/4029/3513 3010/4136/3607
f 3074/4071/3552 3073/4039/3523 3069/4038/3522
f 3100/4095/3573 3101/3926/3413 3098/4144/3614
f 3106/3982/3469 3107/3981/3468 3104/4119/3438
f 3173/4067/3548 3029/4188/3653 2941/4211/3666
f 3199/4212/3667 3197/4219/3674 3196/4213/3668
f 3183/4215/3670 3182/4532/3902 3180/4216/3671
f 3195/4218/3673 3194/4380/3802 3196/4213/3668
f 3191/4220/3675 3190/4390/3803 3192/4221/3676
f 3201/4223/3678 3199/4212/3667 3198/4214/3669
f 3263/4225/3680 3262/4548/3731 3185/4226/3681
f 3203/4228/3683 3201/4223/3678 3200/4224/3679
f 3263/4225/3680 3187/4227/3682 3189/4230/3685
f 3205/4232/3687 3203/4228/3683 3202/4229/3684
f 3279/4231/3686 3189/4230/3685 3191/4220/3675
f 3339/4235/3690 3302/4552/3904 3300/4236/3691
f 3205/4232/3687 3204/4233/3688 3206/4238/3693
f 3289/4234/3689 3191/4220/3675 3193/4222/3677
f 3207/4239/3694 3206/4238/3693 3208/4241/3696
f 3297/4240/3695 3193/4222/3677 3195/4218/3673
f 3209/4242/3697 3208/4241/3696 3210/4244/3699
f 3271/4246/3701 3270/4243/3698 3195/4218/3673
f 3211/4245/3700 3210/4244/3699 3212/4247/3702
f 3282/4249/3704 3271/4246/3701 3197/4219/3674
f 3215/4250/3705 3213/4248/3703 3212/4247/3702
f 3294/4252/3707 3282/4249/3704 3199/4212/3667
f 3217/4253/3708 3215/4250/3705 3214/4251/3706
f 3264/4255/3710 3294/4252/3707 3201/4223/3678
f 3277/4256/3711 3217/4725/3708 3216/4257/3709
f 3265/4259/3713 3264/4255/3710 3203/4228/3683
f 3287/4260/3714 3218/4726/3733 3219/4261/3715
f 3265/4259/3713 3205/4232/3687 3207/4239/3694
f 3280/4263/3717 3207/4239/3694 3209/4242/3697
f 3290/4264/3718 3209/4242/3697 3211/4245/3700
f 3285/4266/3720 3221/4537/3903 3224/4267/3721
f 3298/4265/3719 3211/4245/3700 3213/4248/3703
f 3413/4270/3724 3343/4370/3795 3345/4271/3725
f 3273/4273/3727 3272/4269/3723 3213/4248/3703
f 3405/4274/3728 3406/4550/3852 3300/4236/3691
f 3277/4276/3711 3273/4273/3727 3215/4250/3705
f 3263/4277/3680 3227/4287/3737 3225/4278/3730
f 3286/4280/3732 3180/4216/3671 3218/4281/3733
f 3223/4283/3734 3222/4357/3784 3292/4284/3735
f 3279/4286/3686 3229/4291/3740 3227/4287/3737
f 3275/4288/3738 3299/4268/3722 3224/4267/3721
f 3289/4290/3689 3231/4727/3960 3229/4291/3740
f 3274/4292/3741 3275/4288/3738 3226/4289/3739
f 3233/4294/3743 3231/4727/3960 3289/4290/3689
f 3283/4296/3744 3274/4292/3741 3228/4293/3742
f 3235/4298/3746 3233/4294/3743 3297/4295/3695
f 3283/4296/3744 3230/4297/3745 3232/4300/3747
f 3237/4302/3749 3235/4298/3746 3270/4299/3698
f 3295/4301/3748 3232/4300/3747 3234/4304/3750
f 3239/4306/3752 3237/4302/3749 3271/4303/3701
f 3267/4305/3751 3234/4304/3750 3236/4308/3753
f 3241/4310/3755 3239/4306/3752 3282/4307/3704
f 3266/4309/3754 3236/4308/3753 3238/4312/3756
f 3243/4314/3758 3241/4310/3755 3294/4311/3707
f 3281/4313/3757 3238/4312/3756 3240/4316/3759
f 3265/4318/3713 3245/4322/3763 3243/4314/3758
f 3291/4317/3760 3240/4316/3759 3242/4319/3761
f 3280/4321/3717 3247/4326/3766 3245/4322/3763
f 3260/4323/3764 3261/4320/3762 3242/4319/3761
f 3290/4325/3718 3249/4333/3770 3247/4326/3766
f 3276/4327/3767 3260/4323/3764 3244/4324/3765
f 3278/4329/3712 3256/4728/3783 3257/4330/3769
f 3298/4332/3719 3251/4729/3961 3249/4333/3770
f 3284/4334/3771 3276/4327/3767 3246/4328/3768
f 3288/4336/3716 3259/4730/3785 3258/4337/3773
f 3253/4339/3774 3251/4729/3961 3298/4332/3719
f 3296/4341/3775 3284/4334/3771 3248/4335/3772
f 3255/4343/3777 3253/4339/3774 3272/4340/3723
f 3296/4341/3775 3250/4342/3776 3252/4345/3778
f 3257/4347/3769 3255/4343/3777 3273/4344/3727
f 3269/4346/3779 3252/4345/3778 3254/4349/3780
f 3287/4351/3714 3258/4731/3773 3220/4352/3782
f 3268/4350/3781 3254/4349/3780 3256/4354/3783
f 3288/4356/3716 3292/4284/3735 3222/4357/3784
f 3309/4359/3786 3307/4367/3792 3383/4360/3787
f 3382/4362/3726 3305/4365/3790 3303/4363/3789
f 3301/4275/3729 3303/4363/3789 3305/4365/3790
f 3304/4366/3791 3305/4365/3790 3307/4367/3792
f 3412/4369/3794 3342/4519/3897 3343/4370/3795
f 3383/4360/3787 3307/4367/3792 3305/4365/3790
f 3314/4371/3796 3312/4374/3799 3313/4372/3797
f 3312/4374/3799 3310/4398/3805 3311/4375/3800
f 3306/4368/3793 3307/4367/3792 3309/4359/3786
f 3202/4229/3684 3261/4383/3762 3260/4377/3764
f 3212/4247/3702 3210/4244/3699 3296/4378/3775
f 3194/4380/3802 3192/4221/3676 3295/4381/3748
f 3200/4224/3679 3291/4389/3760 3261/4383/3762
f 3210/4244/3699 3208/4241/3696 3284/4384/3771
f 3192/4221/3676 3190/4390/3803 3283/4385/3744
f 3219/4386/3715 3182/4532/3902 3292/4387/3735
f 3198/4214/3669 3281/4395/3757 3291/4389/3760
f 3190/4390/3803 3188/4522/3898 3274/4391/3741
f 3206/4238/3693 3276/4396/3767 3284/4384/3771
f 3419/4392/3804 3405/4274/3728 3301/4275/3729
f 3216/4254/3709 3214/4251/3706 3268/4393/3781
f 3196/4213/3668 3266/4397/3754 3281/4395/3757
f 3204/4233/3688 3260/4377/3764 3276/4396/3767
f 3212/4247/3702 3269/4379/3779 3268/4393/3781
f 3194/4380/3802 3267/4382/3751 3266/4397/3754
f 3308/4376/3801 3309/4359/3786 3311/4375/3800
f 3300/4236/3691 3302/4552/3904 3303/4363/3789
f 3313/4372/3797 3311/4375/3800 3409/4399/3806
f 3316/4401/3808 3317/4446/3848 3319/4402/3809
f 3395/4404/3811 3419/4392/3804 3304/4366/3791
f 3318/4403/3810 3319/4402/3809 3321/4405/3812
f 3395/4404/3811 3306/4368/3793 3308/4376/3801
f 3320/4406/3813 3321/4405/3812 3323/4408/3815
f 3394/4407/3814 3308/4376/3801 3310/4398/3805
f 3322/4409/3816 3323/4408/3815 3325/4411/3818
f 3403/4410/3817 3310/4398/3805 3312/4374/3799
f 3326/4414/3821 3324/4412/3819 3325/4411/3818
f 3415/4413/3820 3312/4374/3799 3314/4371/3796
f 3328/4417/3824 3326/4414/3821 3327/4415/3822
f 3386/4419/3826 3387/4416/3823 3314/4371/3796
f 3330/4420/3827 3328/4417/3824 3329/4418/3825
f 3401/4422/3829 3386/4419/3826 3316/4401/3808
f 3332/4423/3830 3330/4420/3827 3331/4421/3828
f 3411/4425/3832 3401/4422/3829 3318/4403/3810
f 3332/4423/3830 3333/4424/3831 3335/4426/3833
f 3381/4428/3835 3411/4425/3832 3320/4406/3813
f 3334/4427/3834 3335/4426/3833 3337/4429/3836
f 3380/4431/3838 3381/4428/3835 3322/4409/3816
f 3397/4432/3839 3398/4732/3846 3336/4433/3837
f 3396/4435/3840 3380/4431/3838 3324/4412/3819
f 3407/4436/3841 3408/4733/3847 3339/4437/3690
f 3404/4439/3842 3396/4435/3840 3326/4414/3821
f 3404/4439/3842 3328/4417/3824 3330/4420/3827
f 3416/4440/3843 3330/4420/3827 3332/4423/3830
f 3388/4442/3845 3389/4441/3844 3332/4423/3830
f 3388/4442/3845 3334/4427/3834 3336/4430/3837
f 3412/4444/3794 3302/4552/3904 3339/4235/3690
f 3316/4401/3808 3314/4371/3796 3315/4373/3798
f 3344/4447/3849 3419/4542/3804 3395/4448/3811
f 3341/4450/3851 3340/4528/3901 3406/4451/3852
f 3346/4449/3850 3395/4448/3811 3394/4453/3814
f 3348/4454/3853 3394/4453/3814 3403/4455/3817
f 3383/4457/3787 3382/4272/3726 3345/4271/3725
f 3352/4459/3856 3350/4456/3854 3403/4455/3817
f 3399/4461/3788 3383/4457/3787 3347/4458/3855
f 3354/4463/3858 3352/4459/3856 3415/4460/3820
f 3409/4465/3806 3399/4461/3788 3349/4462/3857
f 3356/4467/3860 3354/4463/3858 3387/4464/3823
f 3409/4465/3806 3351/4466/3859 3353/4469/3861
f 3358/4471/3862 3356/4467/3860 3386/4468/3826
f 3417/4470/3807 3353/4469/3861 3355/4473/3863
f 3360/4475/3865 3358/4471/3862 3401/4472/3829
f 3390/4474/3864 3355/4473/3863 3357/4477/3866
f 3362/4479/3868 3360/4475/3865 3411/4476/3832
f 3391/4478/3867 3357/4477/3866 3359/4481/3869
f 3362/4479/3868 3381/4480/3835 3380/4483/3838
f 3402/4482/3870 3359/4481/3869 3361/4485/3872
f 3364/4484/3871 3380/4483/3838 3396/4487/3840
f 3414/4486/3873 3361/4485/3872 3363/4489/3875
f 3366/4488/3874 3396/4487/3840 3404/4491/3842
f 3385/4493/3878 3384/4490/3876 3363/4489/3875
f 3398/4495/3846 3397/4734/3839 3377/4496/3880
f 3368/4492/3877 3404/4491/3842 3416/4498/3843
f 3400/4500/3883 3385/4493/3878 3365/4494/3879
f 3408/4502/3847 3407/4735/3841 3378/4503/3885
f 3372/4505/3887 3370/4499/3882 3416/4498/3843
f 3410/4507/3888 3400/4500/3883 3367/4501/3884
f 3374/4509/3890 3372/4505/3887 3389/4506/3844
f 3418/4511/3891 3410/4507/3888 3369/4508/3889
f 3376/4513/3881 3374/4509/3890 3388/4510/3845
f 3187/4227/3682 3185/4226/3681 3184/4515/3893
f 3418/4511/3891 3371/4512/3892 3373/4517/3895
f 3342/4519/3897 3412/4369/3794 3408/4520/3847
f 3189/4230/3685 3187/4227/3682 3186/4516/3894
f 3392/4518/3896 3373/4517/3895 3375/4523/3899
f 3393/4524/3900 3375/4523/3899 3377/4525/3880
f 3407/4527/3841 3406/4451/3852 3340/4528/3901
f 3180/4216/3671 3286/4280/3732 3285/4530/3720
f 3293/4531/3736 3292/4387/3735 3182/4532/3902
f 3181/4217/3672 3285/4530/3720 3299/4533/3722
f 3188/4522/3898 3186/4516/3894 3275/4534/3738
f 3329/4418/3825 3327/4415/3822 3400/4535/3883
f 3180/4216/3671 3182/4532/3902 3219/4386/3715
f 3286/4353/3732 3220/4352/3782 3221/4537/3903
f 3397/4538/3839 3337/4429/3836 3335/4426/3833
f 3402/4540/3870 3319/4402/3809 3317/4446/3848
f 3344/4447/3849 3341/4450/3851 3405/4452/3728
f 3327/4415/3822 3325/4411/3818 3385/4543/3878
f 3393/4539/3900 3335/4426/3833 3333/4424/3831
f 3391/4541/3867 3317/4446/3848 3315/4373/3798
f 3385/4543/3878 3325/4411/3818 3323/4408/3815
f 3315/4373/3798 3313/4372/3797 3417/4400/3807
f 3333/4424/3831 3331/4421/3828 3418/4547/3891
f 3262/4548/3731 3293/4531/3736 3183/4215/3670
f 3384/4546/3876 3323/4408/3815 3321/4405/3812
f 3181/4217/3672 3184/4515/3893 3185/4226/3681
f 3331/4421/3828 3329/4418/3825 3410/4536/3888
f 3338/4237/3692 3300/4236/3691 3406/4550/3852
f 3191/4220/3675 3189/4230/3685 3188/4522/3898
f 3414/4549/3873 3321/4405/3812 3319/4402/3809
f 3184/4515/3893 3299/4533/3722 3275/4534/3738
f 3311/4375/3800 3309/4359/3786 3399/4361/3788
f 3225/4278/3730 3223/4283/3734 3293/4285/3736
f 3193/4222/3677 3192/4221/3676 3194/4380/3802
f 3413/4364/3724 3303/4363/3789 3302/4552/3904
s 0
usemtl H
f 3420/4736/3962 3422/4737/3962 3423/4738/3962 3421/4739/3962
f 3424/4736/3962 3426/4737/3962 3427/4738/3962 3425/4739/3962
f 3428/4736/3962 3430/4737/3962 3431/4738/3962 3429/4739/3962
f 3432/4736/3962 3434/4737/3962 3435/4738/3962 3433/4739/3962
f 3436/4736/3962 3438/4737/3962 3439/4738/3962 3437/4739/3962
f 3440/4736/3962 3442/4737/3962 3443/4738/3962 3441/4739/3962
f 3444/4736/3962 3446/4737/3962 3447/4738/3962 3445/4739/3962
f 3448/4736/3962 3450/4737/3962 3451/4738/3962 3449/4739/3962
f 3452/4736/3962 3454/4737/3962 3455/4738/3962 3453/4739/3962
f 3456/4736/3962 3458/4737/3962 3459/4738/3962 3457/4739/3962
f 3460/4736/3962 3462/4737/3962 3463/4738/3962 3461/4739/3962
f 3464/4736/3962 3466/4737/3962 3467/4738/3962 3465/4739/3962
f 3468/4736/3962 3470/4737/3962 3471/4738/3962 3469/4739/3962
f 3472/4736/3962 3474/4737/3962 3475/4738/3962 3473/4739/3962
f 3476/4736/3962 3478/4737/3962 3479/4738/3962 3477/4739/3962
f 3480/4736/3962 3482/4737/3962 3483/4738/3962 3481/4739/3962
f 3484/4736/3962 3486/4737/3962 3487/4738/3962 3485/4739/3962
f 3488/4736/3962 3490/4737/3962 3491/4738/3962 3489/4739/3962
f 3492/4736/3962 3494/4737/3962 3495/4738/3962 3493/4739/3962
f 3496/4736/3962 3498/4737/3962 3499/4738/3962 3497/4739/3962
f 3500/4736/3962 3502/4737/3962 3503/4738/3962 3501/4739/3962
f 3504/4736/3962 3506/4737/3962 3507/4738/3962 3505/4739/3962
f 3508/4736/3962 3510/4737/3962 3511/4738/3962 3509/4739/3962
f 3512/4736/3962 3514/4737/3962 3515/4738/3962 3513/4739/3962
f 3516/4736/3962 3518/4737/3962 3519/4738/3962 3517/4739/3962
f 3520/4736/3962 3522/4737/3962 3523/4738/3962 3521/4739/3962
f 3524/4736/3962 3526/4737/3962 3527/4738/3962 3525/4739/3962
f 3528/4736/3962 3530/4737/3962 3531/4738/3962 3529/4739/3962
f 3532/4736/3962 3534/4737/3962 3535/4738/3962 3533/4739/3962
f 3536/4736/3962 3538/4737/3962 3539/4738/3962 3537/4739/3962
f 3540/4736/3962 3542/4737/3962 3543/4738/3962 3541/4739/3962
f 3544/4736/3962 3546/4737/3962 3547/4738/3962 3545/4739/3962
f 3548/4736/3962 3550/4737/3962 3551/4738/3962 3549/4739/3962
f 3552/4736/3962 3554/4737/3962 3555/4738/3962 3553/4739/3962
f 3556/4736/3962 3558/4737/3962 3559/4738/3962 3557/4739/3962
f 3560/4736/3962 3562/4737/3962 3563/4738/3962 3561/4739/3962
f 3564/4736/3962 3566/4737/3962 3567/4738/3962 3565/4739/3962
f 3568/4736/3962 3570/4737/3962 3571/4738/3962 3569/4739/3962
f 3572/4736/3962 3574/4737/3962 3575/4738/3962 3573/4739/3962
f 3576/4736/3962 3578/4737/3962 3579/4738/3962 3577/4739/3962
f 3580/4736/3962 3582/4737/3962 3583/4738/3962 3581/4739/3962
f 3584/4736/3962 3586/4737/3962 3587/4738/3962 3585/4739/3962
f 3588/4736/3962 3590/4737/3962 3591/4738/3962 3589/4739/3962
f 3592/4736/3962 3594/4737/3962 3595/4738/3962 3593/4739/3962
f 3596/4736/3962 3598/4737/3962 3599/4738/3962 3597/4739/3962
f 3600/4736/3962 3602/4737/3962 3603/4738/3962 3601/4739/3962
f 3604/4736/3962 3606/4737/3962 3607/4738/3962 3605/4739/3962
f 3608/4736/3962 3610/4737/3962 3611/4738/3962 3609/4739/3962
f 3612/4736/3962 3614/4737/3962 3615/4738/3962 3613/4739/3962
f 3616/4736/3962 3618/4737/3962 3619/4738/3962 3617/4739/3962
f 3620/4736/3962 3622/4737/3962 3623/4738/3962 3621/4739/3962
f 3624/4736/3962 3626/4737/3962 3627/4738/3962 3625/4739/3962
f 3628/4736/3962 3630/4737/3962 3631/4738/3962 3629/4739/3962
f 3632/4736/3962 3634/4737/3962 3635/4738/3962 3633/4739/3962
f 3636/4736/3962 3638/4737/3962 3639/4738/3962 3637/4739/3962
f 3640/4736/3962 3642/4737/3962 3643/4738/3962 3641/4739/3962
f 3644/4736/3962 3646/4737/3962 3647/4738/3962 3645/4739/3962
f 3648/4736/3962 3650/4737/3962 3651/4738/3962 3649/4739/3962
f 3652/4736/3962 3654/4737/3962 3655/4738/3962 3653/4739/3962
f 3656/4736/3962 3658/4737/3962 3659/4738/3962 3657/4739/3962
f 3660/4736/3962 3662/4737/3962 3663/4738/3962 3661/4739/3962
f 3664/4736/3962 3666/4737/3962 3667/4738/3962 3665/4739/3962
f 3668/4736/3962 3670/4737/3962 3671/4738/3962 3669/4739/3962
f 3672/4736/3962 3674/4737/3962 3675/4738/3962 3673/4739/3962
f 3676/4736/3962 3678/4737/3962 3679/4738/3962 3677/4739/3962
f 3680/4736/3962 3682/4737/3962 3683/4738/3962 3681/4739/3962
f 3684/4736/3962 3686/4737/3962 3687/4738/3962 3685/4739/3962
f 3688/4736/3962 3690/4737/3962 3691/4738/3962 3689/4739/3962
f 3692/4736/3962 3694/4737/3962 3695/4738/3962 3693/4739/3962
f 3696/4736/3962 3698/4737/3962 3699/4738/3962 3697/4739/3962
f 3700/4736/3962 3702/4737/3962 3703/4738/3962 3701/4739/3962
f 3704/4736/3962 3706/4737/3962 3707/4738/3962 3705/4739/3962
f 3708/4736/3962 3710/4737/3962 3711/4738/3962 3709/4739/3962
f 3712/4736/3962 3714/4737/3962 3715/4738/3962 3713/4739/3962
f 3716/4736/3962 3718/4737/3962 3719/4738/3962 3717/4739/3962
f 3720/4736/3962 3722/4737/3962 3723/4738/3962 3721/4739/3962
f 3724/4736/3962 3726/4737/3962 3727/4738/3962 3725/4739/3962
f 3728/4736/3962 3730/4737/3962 3731/4738/3962 3729/4739/3962
f 3732/4736/3962 3734/4737/3962 3735/4738/3962 3733/4739/3962
f 3736/4736/3962 3738/4737/3962 3739/4738/3962 3737/4739/3962
f 3740/4736/3962 3742/4737/3962 3743/4738/3962 3741/4739/3962
f 3744/4736/3962 3746/4737/3962 3747/4738/3962 3745/4739/3962
f 3748/4736/3962 3750/4737/3962 3751/4738/3962 3749/4739/3962
f 3752/4736/3962 3754/4737/3962 3755/4738/3962 3753/4739/3962
f 3756/4736/3962 3758/4737/3962 3759/4738/3962 3757/4739/3962
f 3760/4736/3962 3762/4737/3962 3763/4738/3962 3761/4739/3962
f 3764/4736/3962 3766/4737/3962 3767/4738/3962 3765/4739/3962
f 3768/4736/3962 3770/4737/3962 3771/4738/3962 3769/4739/3962
f 3772/4736/3962 3774/4737/3962 3775/4738/3962 3773/4739/3962
f 3776/4736/3962 3778/4737/3962 3779/4738/3962 3777/4739/3962
f 3780/4736/3962 3782/4737/3962 3783/4738/3962 3781/4739/3962
f 3784/4736/3962 3786/4737/3962 3787/4738/3962 3785/4739/3962
f 3788/4736/3962 3790/4737/3962 3791/4738/3962 3789/4739/3962
f 3792/4736/3962 3794/4737/3962 3795/4738/3962 3793/4739/3962
f 3796/4736/3962 3798/4737/3962 3799/4738/3962 3797/4739/3962
f 3800/4736/3962 3802/4737/3962 3803/4738/3962 3801/4739/3962
f 3804/4736/3962 3806/4737/3962 3807/4738/3962 3805/4739/3962
f 3808/4736/3962 3810/4737/3962 3811/4738/3962 3809/4739/3962
f 3812/4736/3962 3814/4737/3962 3815/4738/3962 3813/4739/3962
f 3816/4736/3962 3818/4737/3962 3819/4738/3962 3817/4739/3962
f 3820/4736/3962 3822/4737/3962 3823/4738/3962 3821/4739/3962
f 3824/4736/3962 3826/4737/3962 3827/4738/3962 3825/4739/3962
f 3828/4736/3962 3830/4737/3962 3831/4738/3962 3829/4739/3962
f 3832/4736/3962 3834/4737/3962 3835/4738/3962 3833/4739/3962
f 3836/4736/3962 3838/4737/3962 3839/4738/3962 3837/4739/3962
f 3840/4736/3962 3842/4737/3962 3843/4738/3962 3841/4739/3962
f 3844/4736/3962 3846/4737/3962 3847/4738/3962 3845/4739/3962
f 3848/4736/3962 3850/4737/3962 3851/4738/3962 3849/4739/3962
f 3852/4736/3962 3854/4737/3962 3855/4738/3962 3853/4739/3962
f 3856/4736/3962 3858/4737/3962 3859/4738/3962 3857/4739/3962
f 3860/4736/3962 3862/4737/3962 3863/4738/3962 3861/4739/3962
f 3864/4736/3962 3866/4737/3962 3867/4738/3962 3865/4739/3962
f 3868/4736/3962 3870/4737/3962 3871/4738/3962 3869/4739/3962
f 3872/4736/3962 3874/4737/3962 3875/4738/3962 3873/4739/3962
f 3876/4736/3962 3878/4737/3962 3879/4738/3962 3877/4739/3962
f 3880/4736/3962 3882/4737/3962 3883/4738/3962 3881/4739/3962
f 3884/4736/3962 3886/4737/3962 3887/4738/3962 3885/4739/3962
f 3888/4736/3962 3890/4737/3962 3891/4738/3962 3889/4739/3962
f 3892/4736/3962 3894/4737/3962 3895/4738/3962 3893/4739/3962
f 3896/4736/3962 3898/4737/3962 3899/4738/3962 3897/4739/3962
f 3900/4736/3962 3902/4737/3962 3903/4738/3962 3901/4739/3962
f 3904/4736/3962 3906/4737/3962 3907/4738/3962 3905/4739/3962
f 3908/4736/3962 3910/4737/3962 3911/4738/3962 3909/4739/3962
f 3912/4736/3962 3914/4737/3962 3915/4738/3962 3913/4739/3962
f 3916/4736/3962 3918/4737/3962 3919/4738/3962 3917/4739/3962
f 3920/4736/3962 3922/4737/3962 3923/4738/3962 3921/4739/3962
f 3924/4736/3962 3926/4737/3962 3927/4738/3962 3925/4739/3962
f 3928/4736/3962 3930/4737/3962 3931/4738/3962 3929/4739/3962
f 3932/4736/3962 3934/4737/3962 3935/4738/3962 3933/4739/3962
f 3936/4736/3962 3938/4737/3962 3939/4738/3962 3937/4739/3962
f 3940/4736/3962 3942/4737/3962 3943/4738/3962 3941/4739/3962
f 3944/4736/3962 3946/4737/3962 3947/4738/3962 3945/4739/3962
f 3948/4736/3962 3950/4737/3962 3951/4738/3962 3949/4739/3962
f 3952/4736/3962 3954/4737/3962 3955/4738/3962 3953/4739/3962
f 3956/4736/3962 3958/4737/3962 3959/4738/3962 3957/4739/3962
f 3960/4736/3962 3962/4737/3962 3963/4738/3962 3961/4739/3962
f 3964/4736/3962 3966/4737/3962 3967/4738/3962 3965/4739/3962
f 3968/4736/3962 3970/4737/3962 3971/4738/3962 3969/4739/3962
f 3972/4736/3962 3974/4737/3962 3975/4738/3962 3973/4739/3962
f 3976/4736/3962 3978/4737/3962 3979/4738/3962 3977/4739/3962
f 3980/4736/3962 3982/4737/3962 3983/4738/3962 3981/4739/3962
f 3984/4736/3962 3986/4737/3962 3987/4738/3962 3985/4739/3962
f 3988/4736/3962 3990/4737/3962 3991/4738/3962 3989/4739/3962
f 3992/4736/3962 3994/4737/3962 3995/4738/3962 3993/4739/3962
f 3996/4736/3962 3998/4737/3962 3999/4738/3962 3997/4739/3962
f 4000/4736/3962 4002/4737/3962 4003/4738/3962 4001/4739/3962
f 4004/4736/3962 4006/4737/3962 4007/4738/3962 4005/4739/3962
f 4008/4736/3962 4010/4737/3962 4011/4738/3962 4009/4739/3962
f 4012/4736/3962 4014/4737/3962 4015/4738/3962 4013/4739/3962
f 4016/4736/3962 4018/4737/3962 4019/4738/3962 4017/4739/3962
f 4020/4736/3962 4022/4737/3962 4023/4738/3962 4021/4739/3962
f 4024/4736/3962 4026/4737/3962 4027/4738/3962 4025/4739/3962
f 4028/4736/3962 4030/4737/3962 4031/4738/3962 4029/4739/3962
f 4032/4736/3962 4034/4737/3962 4035/4738/3962 4033/4739/3962
f 4036/4736/3962 4038/4737/3962 4039/4738/3962 4037/4739/3962
f 4040/4736/3962 4042/4737/3962 4043/4738/3962 4041/4739/3962
f 4044/4736/3962 4046/4737/3962 4047/4738/3962 4045/4739/3962
f 4048/4736/3962 4050/4737/3962 4051/4738/3962 4049/4739/3962
f 4052/4736/3962 4054/4737/3962 4055/4738/3962 4053/4739/3962
f 4056/4736/3962 4058/4737/3962 4059/4738/3962 4057/4739/3962
f 4060/4736/3962 4062/4737/3962 4063/4738/3962 4061/4739/3962
f 4064/4736/3962 4066/4737/3962 4067/4738/3962 4065/4739/3962
f 4068/4736/3962 4070/4737/3962 4071/4738/3962 4069/4739/3962
f 4072/4736/3962 4074/4737/3962 4075/4738/3962 4073/4739/3962
f 4076/4736/3962 4078/4737/3962 4079/4738/3962 4077/4739/3962
f 4080/4736/3962 4082/4737/3962 4083/4738/3962 4081/4739/3962
f 4084/4736/3962 4086/4737/3962 4087/4738/3962 4085/4739/3962
f 4088/4736/3962 4090/4737/3962 4091/4738/3962 4089/4739/3962
f 4092/4736/3962 4094/4737/3962 4095/4738/3962 4093/4739/3962
f 4096/4736/3962 4098/4737/3962 4099/4738/3962 4097/4739/3962
f 4100/4736/3962 4102/4737/3962 4103/4738/3962 4101/4739/3962
f 4104/4736/3962 4106/4737/3962 4107/4738/3962 4105/4739/3962
f 4108/4736/3962 4110/4737/3962 4111/4738/3962 4109/4739/3962
f 4112/4736/3962 4114/4737/3962 4115/4738/3962 4113/4739/3962
f 4116/4736/3962 4118/4737/3962 4119/4738/3962 4117/4739/3962
f 4120/4736/3962 4122/4737/3962 4123/4738/3962 4121/4739/3962
f 4124/4736/3962 4126/4737/3962 4127/4738/3962 4125/4739/3962
f 4128/4736/3962 4130/4737/3962 4131/4738/3962 4129/4739/3962
f 4132/4736/3962 4134/4737/3962 4135/4738/3962 4133/4739/3962
f 4136/4736/3962 4138/4737/3962 4139/4738/3962 4137/4739/3962
f 4140/4736/3962 4142/4737/3962 4143/4738/3962 4141/4739/3962
f 4144/4736/3962 4146/4737/3962 4147/4738/3962 4145/4739/3962
f 4148/4736/3962 4150/4737/3962 4151/4738/3962 4149/4739/3962
f 4152/4736/3962 4154/4737/3962 4155/4738/3962 4153/4739/3962
f 4156/4736/3962 4158/4737/3962 4159/4738/3962 4157/4739/3962
f 4160/4736/3962 4162/4737/3962 4163/4738/3962 4161/4739/3962
f 4164/4736/3962 4166/4737/3962 4167/4738/3962 4165/4739/3962
f 4168/4736/3962 4170/4737/3962 4171/4738/3962 4169/4739/3962
f 4172/4736/3962 4174/4737/3962 4175/4738/3962 4173/4739/3962
f 4176/4736/3962 4178/4737/3962 4179/4738/3962 4177/4739/3962
f 4180/4736/3962 4182/4737/3962 4183/4738/3962 4181/4739/3962
f 4184/4736/3962 4186/4737/3962 4187/4738/3962 4185/4739/3962
f 4188/4736/3962 4190/4737/3962 4191/4738/3962 4189/4739/3962
f 4192/4736/3962 4194/4737/3962 4195/4738/3962 4193/4739/3962
f 4196/4736/3962 4198/4737/3962 4199/4738/3962 4197/4739/3962
f 4200/4736/3962 4202/4737/3962 4203/4738/3962 4201/4739/3962
f 4204/4736/3962 4206/4737/3962 4207/4738/3962 4205/4739/3962
f 4208/4736/3962 4210/4737/3962 4211/4738/3962 4209/4739/3962
f 4212/4736/3962 4214/4737/3962 4215/4738/3962 4213/4739/3962
f 4216/4736/3962 4218/4737/3962 4219/4738/3962 4217/4739/3962
f 4220/4736/3962 4222/4737/3962 4223/4738/3962 4221/4739/3962
f 4224/4736/3962 4226/4737/3962 4227/4738/3962 4225/4739/3962
f 4228/4736/3962 4230/4737/3962 4231/4738/3962 4229/4739/3962
f 4232/4736/3962 4234/4737/3962 4235/4738/3962 4233/4739/3962
f 4236/4736/3962 4238/4737/3962 4239/4738/3962 4237/4739/3962
f 4240/4736/3962 4242/4737/3962 4243/4738/3962 4241/4739/3962
f 4244/4736/3962 4246/4737/3962 4247/4738/3962 4245/4739/3962
f 4248/4736/3962 4250/4737/3962 4251/4738/3962 4249/4739/3962
f 4252/4736/3962 4254/4737/3962 4255/4738/3962 4253/4739/3962
f 4256/4736/3962 4258/4737/3962 4259/4738/3962 4257/4739/3962
f 4260/4736/3962 4262/4737/3962 4263/4738/3962 4261/4739/3962
f 4264/4736/3962 4266/4737/3962 4267/4738/3962 4265/4739/3962
f 4268/4736/3962 4270/4737/3962 4271/4738/3962 4269/4739/3962
f 4272/4736/3962 4274/4737/3962 4275/4738/3962 4273/4739/3962
f 4276/4736/3962 4278/4737/3962 4279/4738/3962 4277/4739/3962
f 4280/4736/3962 4282/4737/3962 4283/4738/3962 4281/4739/3962
f 4284/4736/3962 4286/4737/3962 4287/4738/3962 4285/4739/3962
f 4288/4736/3962 4290/4737/3962 4291/4738/3962 4289/4739/3962
f 4292/4736/3962 4294/4737/3962 4295/4738/3962 4293/4739/3962
f 4296/4736/3962 4298/4737/3962 4299/4738/3962 4297/4739/3962
f 4300/4736/3962 4302/4737/3962 4303/4738/3962 4301/4739/3962
f 4304/4736/3962 4306/4737/3962 4307/4738/3962 4305/4739/3962
f 4308/4736/3962 4310/4737/3962 4311/4738/3962 4309/4739/3962
f 4312/4736/3962 4314/4737/3962 4315/4738/3962 4313/4739/3962
f 4316/4736/3962 4318/4737/3962 4319/4738/3962 4317/4739/3962
f 4320/4736/3962 4322/4737/3962 4323/4738/3962 4321/4739/3962
f 4324/4736/3962 4326/4737/3962 4327/4738/3962 4325/4739/3962
f 4328/4736/3962 4330/4737/3962 4331/4738/3962 4329/4739/3962
f 4332/4736/3962 4334/4737/3962 4335/4738/3962 4333/4739/3962
f 4336/4736/3962 4338/4737/3962 4339/4738/3962 4337/4739/3962
f 4340/4736/3962 4342/4737/3962 4343/4738/3962 4341/4739/3962
f 4344/4736/3962 4346/4737/3962 4347/4738/3962 4345/4739/3962
f 4348/4736/3962 4350/4737/3962 4351/4738/3962 4349/4739/3962
f 4352/4736/3962 4354/4737/3962 4355/4738/3962 4353/4739/3962
f 4356/4736/3962 4358/4737/3962 4359/4738/3962 4357/4739/3962
f 4360/4736/3962 4362/4737/3962 4363/4738/3962 4361/4739/3962
f 4364/4736/3962 4366/4737/3962 4367/4738/3962 4365/4739/3962
f 4368/4736/3962 4370/4737/3962 4371/4738/3962 4369/4739/3962
f 4372/4736/3962 4374/4737/3962 4375/4738/3962 4373/4739/3962
f 4376/4736/3962 4378/4737/3962 4379/4738/3962 4377/4739/3962
f 4380/4736/3962 4382/4737/3962 4383/4738/3962 4381/4739/3962
f 4384/4736/3962 4386/4737/3962 4387/4738/3962 4385/4739/3962
f 4388/4736/3962 4390/4737/3962 4391/4738/3962 4389/4739/3962
f 4392/4736/3962 4394/4737/3962 4395/4738/3962 4393/4739/3962
f 4396/4736/3962 4398/4737/3962 4399/4738/3962 4397/4739/3962
f 4400/4736/3962 4402/4737/3962 4403/4738/3962 4401/4739/3962
f 4404/4736/3962 4406/4737/3962 4407/4738/3962 4405/4739/3962
f 4408/4736/3962 4410/4737/3962 4411/4738/3962 4409/4739/3962
f 4412/4736/3962 4414/4737/3962 4415/4738/3962 4413/4739/3962
f 4416/4736/3962 4418/4737/3962 4419/4738/3962 4417/4739/3962
f 4420/4736/3962 4422/4737/3962 4423/4738/3962 4421/4739/3962
f 4424/4736/3962 4426/4737/3962 4427/4738/3962 4425/4739/3962
f 4428/4736/3962 4430/4737/3962 4431/4738/3962 4429/4739/3962
f 4432/4736/3962 4434/4737/3962 4435/4738/3962 4433/4739/3962
f 4436/4736/3962 4438/4737/3962 4439/4738/3962 4437/4739/3962
f 4440/4736/3962 4442/4737/3962 4443/4738/3962 4441/4739/3962
f 4444/4736/3962 4446/4737/3962 4447/4738/3962 4445/4739/3962
f 4448/4736/3962 4450/4737/3962 4451/4738/3962 4449/4739/3962
f 4452/4736/3962 4454/4737/3962 4455/4738/3962 4453/4739/3962
f 4456/4736/3962 4458/4737/3962 4459/4738/3962 4457/4739/3962
f 4460/4736/3962 4462/4737/3962 4463/4738/3962 4461/4739/3962
f 4464/4736/3962 4466/4737/3962 4467/4738/3962 4465/4739/3962
f 4468/4736/3962 4470/4737/3962 4471/4738/3962 4469/4739/3962
f 4472/4736/3962 4474/4737/3962 4475/4738/3962 4473/4739/3962
f 4476/4736/3962 4478/4737/3962 4479/4738/3962 4477/4739/3962
f 4480/4736/3962 4482/4737/3962 4483/4738/3962 4481/4739/3962
f 4484/4736/3962 4486/4737/3962 4487/4738/3962 4485/4739/3962
f 4488/4736/3962 4490/4737/3962 4491/4738/3962 4489/4739/3962
f 4492/4736/3962 4494/4737/3962 4495/4738/3962 4493/4739/3962
f 4496/4736/3962 4498/4737/3962 4499/4738/3962 4497/4739/3962
f 4500/4736/3962 4502/4737/3962 4503/4738/3962 4501/4739/3962
f 4504/4736/3962 4506/4737/3962 4507/4738/3962 4505/4739/3962
f 4508/4736/3962 4510/4737/3962 4511/4738/3962 4509/4739/3962
f 4512/4736/3962 4514/4737/3962 4515/4738/3962 4513/4739/3962
f 4516/4736/3962 4518/4737/3962 4519/4738/3962 4517/4739/3962
f 4520/4736/3962 4522/4737/3962 4523/4738/3962 4521/4739/3962
f 4524/4736/3962 4526/4737/3962 4527/4738/3962 4525/4739/3962
f 4528/4736/3962 4530/4737/3962 4531/4738/3962 4529/4739/3962
f 4532/4736/3962 4534/4737/3962 4535/4738/3962 4533/4739/3962
f 4536/4736/3962 4538/4737/3962 4539/4738/3962 4537/4739/3962
f 4540/4736/3962 4542/4737/3962 4543/4738/3962 4541/4739/3962
f 4544/4736/3962 4546/4737/3962 4547/4738/3962 4545/4739/3962
f 4548/4736/3962 4550/4737/3962 4551/4738/3962 4549/4739/3962
f 4552/4736/3962 4554/4737/3962 4555/4738/3962 4553/4739/3962
f 4556/4736/3962 4558/4737/3962 4559/4738/3962 4557/4739/3962
f 4560/4736/3962 4562/4737/3962 4563/4738/3962 4561/4739/3962
f 4564/4736/3962 4566/4737/3962 4567/4738/3962 4565/4739/3962
f 4568/4736/3962 4570/4737/3962 4571/4738/3962 4569/4739/3962
f 4572/4736/3962 4574/4737/3962 4575/4738/3962 4573/4739/3962
f 4576/4736/3962 4578/4737/3962 4579/4738/3962 4577/4739/3962
f 4580/4736/3962 4582/4737/3962 4583/4738/3962 4581/4739/3962
f 4584/4736/3962 4586/4737/3962 4587/4738/3962 4585/4739/3962
f 4588/4736/3962 4590/4737/3962 4591/4738/3962 4589/4739/3962
f 4592/4736/3962 4594/4737/3962 4595/4738/3962 4593/4739/3962
f 4596/4736/3962 4598/4737/3962 4599/4738/3962 4597/4739/3962
f 4600/4736/3962 4602/4737/3962 4603/4738/3962 4601/4739/3962
f 4604/4736/3962 4606/4737/3962 4607/4738/3962 4605/4739/3962
f 4608/4736/3962 4610/4737/3962 4611/4738/3962 4609/4739/3962
f 4612/4736/3962 4614/4737/3962 4615/4738/3962 4613/4739/3962
f 4616/4736/3962 4618/4737/3962 4619/4738/3962 4617/4739/3962
f 4620/4736/3962 4622/4737/3962 4623/4738/3962 4621/4739/3962
f 4624/4736/3962 4626/4737/3962 4627/4738/3962 4625/4739/3962
f 4628/4736/3962 4630/4737/3962 4631/4738/3962 4629/4739/3962
f 4632/4736/3962 4634/4737/3962 4635/4738/3962 4633/4739/3962
f 4636/4736/3962 4638/4737/3962 4639/4738/3962 4637/4739/3962
f 4640/4736/3962 4642/4737/3962 4643/4738/3962 4641/4739/3962
f 4644/4736/3962 4646/4737/3962 4647/4738/3962 4645/4739/3962
f 4648/4736/3962 4650/4737/3962 4651/4738/3962 4649/4739/3962
f 4652/4736/3962 4654/4737/3962 4655/4738/3962 4653/4739/3962
f 4656/4736/3962 4658/4737/3962 4659/4738/3962 4657/4739/3962
f 4660/4736/3962 4662/4737/3962 4663/4738/3962 4661/4739/3962
f 4664/4736/3962 4666/4737/3962 4667/4738/3962 4665/4739/3962
f 4668/4736/3962 4670/4737/3962 4671/4738/3962 4669/4739/3962
f 4672/4736/3962 4674/4737/3962 4675/4738/3962 4673/4739/3962
f 4676/4736/3962 4678/4737/3962 4679/4738/3962 4677/4739/3962
f 4680/4736/3962 4682/4737/3962 4683/4738/3962 4681/4739/3962
f 4684/4736/3962 4686/4737/3962 4687/4738/3962 4685/4739/3962
f 4688/4736/3962 4690/4737/3962 4691/4738/3962 4689/4739/3962
f 4692/4736/3962 4694/4737/3962 4695/4738/3962 4693/4739/3962
f 4696/4736/3962 4698/4737/3962 4699/4738/3962 4697/4739/3962
f 4700/4736/3962 4702/4737/3962 4703/4738/3962 4701/4739/3962
f 4704/4736/3962 4706/4737/3962 4707/4738/3962 4705/4739/3962
f 4708/4736/3962 4710/4737/3962 4711/4738/3962 4709/4739/3962
f 4712/4736/3962 4714/4737/3962 4715/4738/3962 4713/4739/3962
f 4716/4736/3962 4718/4737/3962 4719/4738/3962 4717/4739/3962
f 4720/4736/3962 4722/4737/3962 4723/4738/3962 4721/4739/3962
f 4724/4736/3962 4726/4737/3962 4727/4738/3962 4725/4739/3962
f 4728/4736/3962 4730/4737/3962 4731/4738/3962 4729/4739/3962
f 4732/4736/3962 4734/4737/3962 4735/4738/3962 4733/4739/3962
f 4736/4736/3962 4738/4737/3962 4739/4738/3962 4737/4739/3962
f 4740/4736/3962 4742/4737/3962 4743/4738/3962 4741/4739/3962
f 4744/4736/3962 4746/4737/3962 4747/4738/3962 4745/4739/3962
f 4748/4736/3962 4750/4737/3962 4751/4738/3962 4749/4739/3962
f 4752/4736/3962 4754/4737/3962 4755/4738/3962 4753/4739/3962
f 4756/4736/3962 4758/4737/3962 4759/4738/3962 4757/4739/3962
f 4760/4736/3962 4762/4737/3962 4763/4738/3962 4761/4739/3962
f 4764/4736/3962 4766/4737/3962 4767/4738/3962 4765/4739/3962
f 4768/4736/3962 4770/4737/3962 4771/4738/3962 4769/4739/3962
f 4772/4736/3962 4774/4737/3962 4775/4738/3962 4773/4739/3962
f 4776/4736/3962 4778/4737/3962 4779/4738/3962 4777/4739/3962
f 4780/4736/3962 4782/4737/3962 4783/4738/3962 4781/4739/3962
f 4784/4736/3962 4786/4737/3962 4787/4738/3962 4785/4739/3962
f 4788/4736/3963 4790/4737/3963 4791/4738/3963 4789/4739/3963
f 4792/4736/3963 4794/4737/3963 4795/4738/3963 4793/4739/3963
f 4796/4736/3963 4798/4737/3963 4799/4738/3963 4797/4739/3963
f 4800/4736/3963 4802/4737/3963 4803/4738/3963 4801/4739/3963
f 4804/4736/3963 4806/4737/3963 4807/4738/3963 4805/4739/3963
f 4808/4736/3963 4810/4737/3963 4811/4738/3963 4809/4739/3963
f 4812/4736/3963 4814/4737/3963 4815/4738/3963 4813/4739/3963
f 4816/4736/3963 4818/4737/3963 4819/4738/3963 4817/4739/3963
f 4820/4736/3963 4822/4737/3963 4823/4738/3963 4821/4739/3963
f 4824/4736/3963 4826/4737/3963 4827/4738/3963 4825/4739/3963
f 4828/4736/3963 4830/4737/3963 4831/4738/3963 4829/4739/3963
f 4832/4736/3963 4834/4737/3963 4835/4738/3963 4833/4739/3963
f 4836/4736/3963 4838/4737/3963 4839/4738/3963 4837/4739/3963
f 4840/4736/3963 4842/4737/3963 4843/4738/3963 4841/4739/3963
f 4844/4736/3963 4846/4737/3963 4847/4738/3963 4845/4739/3963
f 4848/4736/3963 4850/4737/3963 4851/4738/3963 4849/4739/3963
f 4852/4736/3963 4854/4737/3963 4855/4738/3963 4853/4739/3963
f 4856/4736/3963 4858/4737/3963 4859/4738/3963 4857/4739/3963
f 4860/4736/3963 4862/4737/3963 4863/4738/3963 4861/4739/3963
f 4864/4736/3963 4866/4737/3963 4867/4738/3963 4865/4739/3963
f 4868/4736/3963 4870/4737/3963 4871/4738/3963 4869/4739/3963
f 4872/4736/3963 4874/4737/3963 4875/4738/3963 4873/4739/3963
f 4876/4736/3963 4878/4737/3963 4879/4738/3963 4877/4739/3963
f 4880/4736/3962 4882/4737/3962 4883/4738/3962 4881/4739/3962
f 4884/4736/3962 4886/4737/3962 4887/4738/3962 4885/4739/3962
f 4888/4736/3962 4890/4737/3962 4891/4738/3962 4889/4739/3962
f 4892/4736/3962 4894/4737/3962 4895/4738/3962 4893/4739/3962
f 4896/4736/3962 4898/4737/3962 4899/4738/3962 4897/4739/3962
f 4900/4736/3962 4902/4737/3962 4903/4738/3962 4901/4739/3962
f 4904/4736/3962 4906/4737/3962 4907/4738/3962 4905/4739/3962
f 4908/4736/3962 4910/4737/3962 4911/4738/3962 4909/4739/3962
f 4912/4736/3962 4914/4737/3962 4915/4738/3962 4913/4739/3962
f 4916/4736/3962 4918/4737/3962 4919/4738/3962 4917/4739/3962
f 4920/4736/3962 4922/4737/3962 4923/4738/3962 4921/4739/3962
f 4924/4736/3962 4926/4737/3962 4927/4738/3962 4925/4739/3962
f 4928/4736/3962 4930/4737/3962 4931/4738/3962 4929/4739/3962
f 4932/4736/3962 4934/4737/3962 4935/4738/3962 4933/4739/3962
f 4936/4736/3962 4938/4737/3962 4939/4738/3962 4937/4739/3962
f 4940/4736/3962 4942/4737/3962 4943/4738/3962 4941/4739/3962
f 4944/4736/3962 4946/4737/3962 4947/4738/3962 4945/4739/3962
f 4948/4736/3962 4950/4737/3962 4951/4738/3962 4949/4739/3962
f 4952/4736/3962 4954/4737/3962 4955/4738/3962 4953/4739/3962
f 4956/4736/3962 4958/4737/3962 4959/4738/3962 4957/4739/3962
f 4960/4736/3962 4962/4737/3962 4963/4738/3962 4961/4739/3962
f 4964/4736/3962 4966/4737/3962 4967/4738/3962 4965/4739/3962
f 4968/4736/3962 4970/4737/3962 4971/4738/3962 4969/4739/3962
f 4972/4736/3962 4974/4737/3962 4975/4738/3962 4973/4739/3962
f 4976/4736/3962 4978/4737/3962 4979/4738/3962 4977/4739/3962
f 4980/4736/3962 4982/4737/3962 4983/4738/3962 4981/4739/3962
f 4984/4736/3962 4986/4737/3962 4987/4738/3962 4985/4739/3962
f 4988/4736/3962 4990/4737/3962 4991/4738/3962 4989/4739/3962
f 4992/4736/3963 4994/4737/3963 4995/4738/3963 4993/4739/3963
f 4996/4736/3963 4998/4737/3963 4999/4738/3963 4997/4739/3963
f 5000/4736/3963 5002/4737/3963 5003/4738/3963 5001/4739/3963
f 5004/4736/3963 5006/4737/3963 5007/4738/3963 5005/4739/3963
f 5008/4736/3963 5010/4737/3963 5011/4738/3963 5009/4739/3963
f 5012/4736/3963 5014/4737/3963 5015/4738/3963 5013/4739/3963
f 5016/4736/3963 5018/4737/3963 5019/4738/3963 5017/4739/3963
f 5020/4736/3963 5022/4737/3963 5023/4738/3963 5021/4739/3963
f 5024/4736/3963 5026/4737/3963 5027/4738/3963 5025/4739/3963
f 5028/4736/3963 5030/4737/3963 5031/4738/3963 5029/4739/3963
f 5032/4736/3963 5034/4737/3963 5035/4738/3963 5033/4739/3963
f 5036/4736/3963 5038/4737/3963 5039/4738/3963 5037/4739/3963
f 5040/4736/3963 5042/4737/3963 5043/4738/3963 5041/4739/3963
f 5044/4736/3963 5046/4737/3963 5047/4738/3963 5045/4739/3963
f 5048/4736/3963 5050/4737/3963 5051/4738/3963 5049/4739/3963
f 5052/4736/3963 5054/4737/3963 5055/4738/3963 5053/4739/3963
f 5056/4736/3963 5058/4737/3963 5059/4738/3963 5057/4739/3963
f 5060/4736/3963 5062/4737/3963 5063/4738/3963 5061/4739/3963
f 5064/4736/3963 5066/4737/3963 5067/4738/3963 5065/4739/3963
f 5068/4736/3963 5070/4737/3963 5071/4738/3963 5069/4739/3963
f 5072/4736/3963 5074/4737/3963 5075/4738/3963 5073/4739/3963
f 5076/4736/3963 5078/4737/3963 5079/4738/3963 5077/4739/3963
f 5080/4736/3963 5082/4737/3963 5083/4738/3963 5081/4739/3963
f 5084/4736/3963 5086/4737/3963 5087/4738/3963 5085/4739/3963
f 5088/4736/3963 5090/4737/3963 5091/4738/3963 5089/4739/3963
f 5092/4736/3963 5094/4737/3963 5095/4738/3963 5093/4739/3963
f 5096/4736/3963 5098/4737/3963 5099/4738/3963 5097/4739/3963
f 5100/4736/3963 5102/4737/3963 5103/4738/3963 5101/4739/3963
f 5104/4736/3962 5106/4737/3962 5107/4738/3962 5105/4739/3962
f 5108/4736/3963 5110/4737/3963 5111/4738/3963 5109/4739/3963
f 5112/4736/3962 5114/4737/3962 5115/4738/3962 5113/4739/3962
f 5116/4736/3962 5118/4737/3962 5119/4738/3962 5117/4739/3962
f 5120/4736/3962 5122/4737/3962 5123/4738/3962 5121/4739/3962
f 5124/4736/3963 5126/4737/3963 5127/4738/3963 5125/4739/3963
f 5128/4736/3962 5130/4737/3962 5131/4738/3962 5129/4739/3962
f 5132/4736/3962 5134/4737/3962 5135/4738/3962 5133/4739/3962
f 5136/4736/3962 5138/4737/3962 5139/4738/3962 5137/4739/3962
f 5140/4736/3962 5142/4737/3962 5143/4738/3962 5141/4739/3962
f 5144/4736/3962 5146/4737/3962 5147/4738/3962 5145/4739/3962
f 5148/4736/3962 5150/4737/3962 5151/4738/3962 5149/4739/3962
f 5152/4736/3964 5154/4737/3964 5155/4738/3964 5153/4739/3964
f 5156/4736/3962 5158/4737/3962 5159/4738/3962 5157/4739/3962
f 5160/4736/3963 5162/4737/3963 5163/4738/3963 5161/4739/3963
f 5164/4736/3963 5166/4737/3963 5167/4738/3963 5165/4739/3963
f 5168/4736/3963 5170/4737/3963 5171/4738/3963 5169/4739/3963
f 5172/4736/3962 5174/4737/3962 5175/4738/3962 5173/4739/3962
f 5176/4736/3962 5178/4737/3962 5179/4738/3962 5177/4739/3962
f 5180/4736/3962 5182/4737/3962 5183/4738/3962 5181/4739/3962
f 5184/4736/3962 5186/4737/3962 5187/4738/3962 5185/4739/3962
f 5188/4736/3963 5190/4737/3963 5191/4738/3963 5189/4739/3963
f 5192/4736/3965 5194/4737/3965 5195/4738/3965 5193/4739/3965
f 5196/4736/3962 5198/4737/3962 5199/4738/3962 5197/4739/3962
f 5200/4736/3963 5202/4737/3963 5203/4738/3963 5201/4739/3963
f 5204/4736/3962 5206/4737/3962 5207/4738/3962 5205/4739/3962
f 5208/4736/3962 5210/4737/3962 5211/4738/3962 5209/4739/3962
f 5212/4736/3963 5214/4737/3963 5215/4738/3963 5213/4739/3963
f 5216/4736/3962 5218/4737/3962 5219/4738/3962 5217/4739/3962
f 5220/4736/3962 5222/4737/3962 5223/4738/3962 5221/4739/3962
f 5224/4736/3962 5226/4737/3962 5227/4738/3962 5225/4739/3962
f 5228/4736/3963 5230/4737/3963 5231/4738/3963 5229/4739/3963
f 5232/4736/3962 5234/4737/3962 5235/4738/3962 5233/4739/3962
f 5236/4736/3962 5238/4737/3962 5239/4738/3962 5237/4739/3962
f 5240/4736/3962 5242/4737/3962 5243/4738/3962 5241/4739/3962
f 5244/4736/3962 5246/4737/3962 5247/4738/3962 5245/4739/3962
f 5248/4736/3962 5250/4737/3962 5251/4738/3962 5249/4739/3962
f 5252/4736/3962 5254/4737/3962 5255/4738/3962 5253/4739/3962
f 5256/4736/3962 5258/4737/3962 5259/4738/3962 5257/4739/3962
f 5260/4736/3962 5262/4737/3962 5263/4738/3962 5261/4739/3962
f 5264/4736/3962 5266/4737/3962 5267/4738/3962 5265/4739/3962
f 5268/4736/3962 5270/4737/3962 5271/4738/3962 5269/4739/3962
f 5272/4736/3962 5274/4737/3962 5275/4738/3962 5273/4739/3962
f 5276/4736/3962 5278/4737/3962 5279/4738/3962 5277/4739/3962
f 5280/4736/3962 5282/4737/3962 5283/4738/3962 5281/4739/3962
f 5284/4736/3962 5286/4737/3962 5287/4738/3962 5285/4739/3962
f 5288/4736/3962 5290/4737/3962 5291/4738/3962 5289/4739/3962
f 5292/4736/3962 5294/4737/3962 5295/4738/3962 5293/4739/3962
f 5296/4736/3962 5298/4737/3962 5299/4738/3962 5297/4739/3962
f 5300/4736/3962 5302/4737/3962 5303/4738/3962 5301/4739/3962
f 5304/4736/3962 5306/4737/3962 5307/4738/3962 5305/4739/3962
f 5308/4736/3962 5310/4737/3962 5311/4738/3962 5309/4739/3962
f 5312/4736/3962 5314/4737/3962 5315/4738/3962 5313/4739/3962
f 5316/4736/3962 5318/4737/3962 5319/4738/3962 5317/4739/3962
f 5320/4736/3962 5322/4737/3962 5323/4738/3962 5321/4739/3962
f 5324/4736/3962 5326/4737/3962 5327/4738/3962 5325/4739/3962
f 5328/4736/3962 5330/4737/3962 5331/4738/3962 5329/4739/3962
f 5332/4736/3962 5334/4737/3962 5335/4738/3962 5333/4739/3962
f 5336/4736/3962 5338/4737/3962 5339/4738/3962 5337/4739/3962
f 5340/4736/3962 5342/4737/3962 5343/4738/3962 5341/4739/3962
f 5344/4736/3962 5346/4737/3962 5347/4738/3962 5345/4739/3962
f 5348/4736/3962 5350/4737/3962 5351/4738/3962 5349/4739/3962
f 5352/4736/3962 5354/4737/3962 5355/4738/3962 5353/4739/3962
f 5356/4736/3962 5358/4737/3962 5359/4738/3962 5357/4739/3962
f 5360/4736/3962 5362/4737/3962 5363/4738/3962 5361/4739/3962
f 5364/4736/3962 5366/4737/3962 5367/4738/3962 5365/4739/3962
f 5368/4736/3962 5370/4737/3962 5371/4738/3962 5369/4739/3962
f 5372/4736/3962 5374/4737/3962 5375/4738/3962 5373/4739/3962
f 5376/4736/3962 5378/4737/3962 5379/4738/3962 5377/4739/3962
f 5380/4736/3962 5382/4737/3962 5383/4738/3962 5381/4739/3962
f 5384/4736/3962 5386/4737/3962 5387/4738/3962 5385/4739/3962
f 5388/4736/3962 5390/4737/3962 5391/4738/3962 5389/4739/3962
f 5392/4736/3962 5394/4737/3962 5395/4738/3962 5393/4739/3962
f 5396/4736/3962 5398/4737/3962 5399/4738/3962 5397/4739/3962
f 5400/4736/3962 5402/4737/3962 5403/4738/3962 5401/4739/3962
f 5404/4736/3962 5406/4737/3962 5407/4738/3962 5405/4739/3962
f 5408/4736/3962 5410/4737/3962 5411/4738/3962 5409/4739/3962
f 5412/4736/3962 5414/4737/3962 5415/4738/3962 5413/4739/3962
f 5416/4736/3962 5418/4737/3962 5419/4738/3962 5417/4739/3962
f 5420/4736/3962 5422/4737/3962 5423/4738/3962 5421/4739/3962
f 5424/4736/3962 5426/4737/3962 5427/4738/3962 5425/4739/3962
f 5428/4736/3962 5430/4737/3962 5431/4738/3962 5429/4739/3962
f 5432/4736/3962 5434/4737/3962 5435/4738/3962 5433/4739/3962
f 5436/4736/3962 5438/4737/3962 5439/4738/3962 5437/4739/3962
f 5440/4736/3962 5442/4737/3962 5443/4738/3962 5441/4739/3962
f 5444/4736/3962 5446/4737/3962 5447/4738/3962 5445/4739/3962
f 5448/4736/3962 5450/4737/3962 5451/4738/3962 5449/4739/3962
f 5452/4736/3962 5454/4737/3962 5455/4738/3962 5453/4739/3962
f 5456/4736/3962 5458/4737/3962 5459/4738/3962 5457/4739/3962
f 5460/4736/3962 5462/4737/3962 5463/4738/3962 5461/4739/3962
f 5464/4736/3962 5466/4737/3962 5467/4738/3962 5465/4739/3962
f 5468/4736/3962 5470/4737/3962 5471/4738/3962 5469/4739/3962
f 5472/4736/3962 5474/4737/3962 5475/4738/3962 5473/4739/3962
f 5476/4736/3962 5478/4737/3962 5479/4738/3962 5477/4739/3962
f 5480/4736/3962 5482/4737/3962 5483/4738/3962 5481/4739/3962
f 5484/4736/3962 5486/4737/3962 5487/4738/3962 5485/4739/3962
f 5488/4736/3962 5490/4737/3962 5491/4738/3962 5489/4739/3962
f 5492/4736/3962 5494/4737/3962 5495/4738/3962 5493/4739/3962
f 5496/4736/3962 5498/4737/3962 5499/4738/3962 5497/4739/3962
f 5500/4736/3962 5502/4737/3962 5503/4738/3962 5501/4739/3962
f 5504/4736/3962 5506/4737/3962 5507/4738/3962 5505/4739/3962
f 5508/4736/3962 5510/4737/3962 5511/4738/3962 5509/4739/3962
f 5512/4736/3962 5514/4737/3962 5515/4738/3962 5513/4739/3962
f 5516/4736/3962 5518/4737/3962 5519/4738/3962 5517/4739/3962
f 5520/4736/3962 5522/4737/3962 5523/4738/3962 5521/4739/3962
f 5524/4736/3962 5526/4737/3962 5527/4738/3962 5525/4739/3962
f 5528/4736/3962 5530/4737/3962 5531/4738/3962 5529/4739/3962
f 5532/4736/3962 5534/4737/3962 5535/4738/3962 5533/4739/3962
f 5536/4736/3962 5538/4737/3962 5539/4738/3962 5537/4739/3962
f 5540/4736/3962 5542/4737/3962 5543/4738/3962 5541/4739/3962
f 5544/4736/3962 5546/4737/3962 5547/4738/3962 5545/4739/3962
f 5548/4736/3962 5550/4737/3962 5551/4738/3962 5549/4739/3962
f 5552/4736/3962 5554/4737/3962 5555/4738/3962 5553/4739/3962
f 5556/4736/3962 5558/4737/3962 5559/4738/3962 5557/4739/3962
f 5560/4736/3962 5562/4737/3962 5563/4738/3962 5561/4739/3962
f 5564/4736/3962 5566/4737/3962 5567/4738/3962 5565/4739/3962
f 5568/4736/3962 5570/4737/3962 5571/4738/3962 5569/4739/3962
f 5572/4736/3962 5574/4737/3962 5575/4738/3962 5573/4739/3962
f 5576/4736/3962 5578/4737/3962 5579/4738/3962 5577/4739/3962
f 5580/4736/3962 5582/4737/3962 5583/4738/3962 5581/4739/3962
f 5584/4736/3962 5586/4737/3962 5587/4738/3962 5585/4739/3962
f 5588/4736/3962 5590/4737/3962 5591/4738/3962 5589/4739/3962
f 5592/4736/3962 5594/4737/3962 5595/4738/3962 5593/4739/3962
f 5596/4736/3962 5598/4737/3962 5599/4738/3962 5597/4739/3962
f 5600/4736/3962 5602/4737/3962 5603/4738/3962 5601/4739/3962
f 5604/4736/3962 5606/4737/3962 5607/4738/3962 5605/4739/3962
f 5608/4736/3962 5610/4737/3962 5611/4738/3962 5609/4739/3962
f 5612/4736/3962 5614/4737/3962 5615/4738/3962 5613/4739/3962
f 5616/4736/3962 5618/4737/3962 5619/4738/3962 5617/4739/3962
f 5620/4736/3962 5622/4737/3962 5623/4738/3962 5621/4739/3962
f 5624/4736/3962 5626/4737/3962 5627/4738/3962 5625/4739/3962
f 5628/4736/3962 5630/4737/3962 5631/4738/3962 5629/4739/3962
f 5632/4736/3962 5634/4737/3962 5635/4738/3962 5633/4739/3962
f 5636/4736/3962 5638/4737/3962 5639/4738/3962 5637/4739/3962
f 5640/4736/3962 5642/4737/3962 5643/4738/3962 5641/4739/3962
f 5644/4736/3962 5646/4737/3962 5647/4738/3962 5645/4739/3962
f 5648/4736/3962 5650/4737/3962 5651/4738/3962 5649/4739/3962
f 5652/4736/3962 5654/4737/3962 5655/4738/3962 5653/4739/3962
f 5656/4736/3962 5658/4737/3962 5659/4738/3962 5657/4739/3962
f 5660/4736/3962 5662/4737/3962 5663/4738/3962 5661/4739/3962
f 5664/4736/3962 5666/4737/3962 5667/4738/3962 5665/4739/3962
f 5668/4736/3962 5670/4737/3962 5671/4738/3962 5669/4739/3962
f 5672/4736/3962 5674/4737/3962 5675/4738/3962 5673/4739/3962
f 5676/4736/3962 5678/4737/3962 5679/4738/3962 5677/4739/3962
f 5680/4736/3962 5682/4737/3962 5683/4738/3962 5681/4739/3962
f 5684/4736/3962 5686/4737/3962 5687/4738/3962 5685/4739/3962
f 5688/4736/3962 5690/4737/3962 5691/4738/3962 5689/4739/3962
f 5692/4736/3962 5694/4737/3962 5695/4738/3962 5693/4739/3962
f 5696/4736/3962 5698/4737/3962 5699/4738/3962 5697/4739/3962
f 5700/4736/3962 5702/4737/3962 5703/4738/3962 5701/4739/3962
f 5704/4736/3962 5706/4737/3962 5707/4738/3962 5705/4739/3962
f 5708/4736/3962 5710/4737/3962 5711/4738/3962 5709/4739/3962
f 5712/4736/3962 5714/4737/3962 5715/4738/3962 5713/4739/3962
f 5716/4736/3962 5718/4737/3962 5719/4738/3962 5717/4739/3962
f 5720/4736/3962 5722/4737/3962 5723/4738/3962 5721/4739/3962
f 5724/4736/3962 5726/4737/3962 5727/4738/3962 5725/4739/3962
f 5728/4736/3962 5730/4737/3962 5731/4738/3962 5729/4739/3962
f 5732/4736/3962 5734/4737/3962 5735/4738/3962 5733/4739/3962
f 5736/4736/3962 5738/4737/3962 5739/4738/3962 5737/4739/3962
f 5740/4736/3962 5742/4737/3962 5743/4738/3962 5741/4739/3962
f 5744/4736/3962 5746/4737/3962 5747/4738/3962 5745/4739/3962
f 5748/4736/3962 5750/4737/3962 5751/4738/3962 5749/4739/3962
f 5752/4736/3962 5754/4737/3962 5755/4738/3962 5753/4739/3962
f 5756/4736/3962 5758/4737/3962 5759/4738/3962 5757/4739/3962
f 5760/4736/3962 5762/4737/3962 5763/4738/3962 5761/4739/3962
f 5764/4736/3962 5766/4737/3962 5767/4738/3962 5765/4739/3962
f 5768/4736/3962 5770/4737/3962 5771/4738/3962 5769/4739/3962
f 5772/4736/3962 5774/4737/3962 5775/4738/3962 5773/4739/3962
f 5776/4736/3962 5778/4737/3962 5779/4738/3962 5777/4739/3962
f 5780/4736/3962 5782/4737/3962 5783/4738/3962 5781/4739/3962
f 5784/4736/3962 5786/4737/3962 5787/4738/3962 5785/4739/3962
f 5788/4736/3962 5790/4737/3962 5791/4738/3962 5789/4739/3962
f 5792/4736/3962 5794/4737/3962 5795/4738/3962 5793/4739/3962
f 5796/4736/3962 5798/4737/3962 5799/4738/3962 5797/4739/3962
f 5800/4736/3962 5802/4737/3962 5803/4738/3962 5801/4739/3962
f 5804/4736/3962 5806/4737/3962 5807/4738/3962 5805/4739/3962
f 5808/4736/3962 5810/4737/3962 5811/4738/3962 5809/4739/3962
f 5812/4736/3962 5814/4737/3962 5815/4738/3962 5813/4739/3962
f 5816/4736/3962 5818/4737/3962 5819/4738/3962 5817/4739/3962
f 5820/4736/3962 5822/4737/3962 5823/4738/3962 5821/4739/3962
f 5824/4736/3962 5826/4737/3962 5827/4738/3962 5825/4739/3962
f 5828/4736/3962 5830/4737/3962 5831/4738/3962 5829/4739/3962
f 5832/4736/3962 5834/4737/3962 5835/4738/3962 5833/4739/3962
f 5836/4736/3962 5838/4737/3962 5839/4738/3962 5837/4739/3962
f 5840/4736/3962 5842/4737/3962 5843/4738/3962 5841/4739/3962
f 5844/4736/3962 5846/4737/3962 5847/4738/3962 5845/4739/3962
f 5848/4736/3962 5850/4737/3962 5851/4738/3962 5849/4739/3962
f 5852/4736/3962 5854/4737/3962 5855/4738/3962 5853/4739/3962
f 5856/4736/3962 5858/4737/3962 5859/4738/3962 5857/4739/3962
f 5860/4736/3962 5862/4737/3962 5863/4738/3962 5861/4739/3962
f 5864/4736/3962 5866/4737/3962 5867/4738/3962 5865/4739/3962
f 5868/4736/3962 5870/4737/3962 5871/4738/3962 5869/4739/3962
f 5872/4736/3962 5874/4737/3962 5875/4738/3962 5873/4739/3962
f 5876/4736/3962 5878/4737/3962 5879/4738/3962 5877/4739/3962
f 5880/4736/3962 5882/4737/3962 5883/4738/3962 5881/4739/3962
f 5884/4736/3962 5886/4737/3962 5887/4738/3962 5885/4739/3962
f 5888/4736/3962 5890/4737/3962 5891/4738/3962 5889/4739/3962
f 5892/4736/3962 5894/4737/3962 5895/4738/3962 5893/4739/3962
f 5896/4736/3962 5898/4737/3962 5899/4738/3962 5897/4739/3962
f 5900/4736/3962 5902/4737/3962 5903/4738/3962 5901/4739/3962
f 5904/4736/3962 5906/4737/3962 5907/4738/3962 5905/4739/3962
f 5908/4736/3962 5910/4737/3962 5911/4738/3962 5909/4739/3962
f 5912/4736/3962 5914/4737/3962 5915/4738/3962 5913/4739/3962
f 5916/4736/3962 5918/4737/3962 5919/4738/3962 5917/4739/3962
f 5920/4736/3962 5922/4737/3962 5923/4738/3962 5921/4739/3962
f 5924/4736/3962 5926/4737/3962 5927/4738/3962 5925/4739/3962
f 5928/4736/3962 5930/4737/3962 5931/4738/3962 5929/4739/3962
f 5932/4736/3962 5934/4737/3962 5935/4738/3962 5933/4739/3962
f 5936/4736/3962 5938/4737/3962 5939/4738/3962 5937/4739/3962
f 5940/4736/3962 5942/4737/3962 5943/4738/3962 5941/4739/3962
f 5944/4736/3962 5946/4737/3962 5947/4738/3962 5945/4739/3962
f 5948/4736/3962 5950/4737/3962 5951/4738/3962 5949/4739/3962
f 5952/4736/3962 5954/4737/3962 5955/4738/3962 5953/4739/3962
f 5956/4736/3962 5958/4737/3962 5959/4738/3962 5957/4739/3962
f 5960/4736/3962 5962/4737/3962 5963/4738/3962 5961/4739/3962
f 5964/4736/3962 5966/4737/3962 5967/4738/3962 5965/4739/3962
f 5968/4736/3962 5970/4737/3962 5971/4738/3962 5969/4739/3962
f 5972/4736/3962 5974/4737/3962 5975/4738/3962 5973/4739/3962
f 5976/4736/3962 5978/4737/3962 5979/4738/3962 5977/4739/3962
f 5980/4736/3962 5982/4737/3962 5983/4738/3962 5981/4739/3962
f 5984/4736/3962 5986/4737/3962 5987/4738/3962 5985/4739/3962
f 5988/4736/3962 5990/4737/3962 5991/4738/3962 5989/4739/3962
f 5992/4736/3962 5994/4737/3962 5995/4738/3962 5993/4739/3962
f 5996/4736/3962 5998/4737/3962 5999/4738/3962 5997/4739/3962
f 6000/4736/3962 6002/4737/3962 6003/4738/3962 6001/4739/3962
f 6004/4736/3962 6006/4737/3962 6007/4738/3962 6005/4739/3962
f 6008/4736/3962 6010/4737/3962 6011/4738/3962 6009/4739/3962
f 6012/4736/3962 6014/4737/3962 6015/4738/3962 6013/4739/3962
f 6016/4736/3962 6018/4737/3962 6019/4738/3962 6017/4739/3962
f 6020/4736/3962 6022/4737/3962 6023/4738/3962 6021/4739/3962
f 6024/4736/3962 6026/4737/3962 6027/4738/3962 6025/4739/3962
f 6028/4736/3962 6030/4737/3962 6031/4738/3962 6029/4739/3962
f 6032/4736/3962 6034/4737/3962 6035/4738/3962 6033/4739/3962
f 6036/4736/3962 6038/4737/3962 6039/4738/3962 6037/4739/3962
f 6040/4736/3962 6042/4737/3962 6043/4738/3962 6041/4739/3962
f 6044/4736/3962 6046/4737/3962 6047/4738/3962 6045/4739/3962
f 6048/4736/3962 6050/4737/3962 6051/4738/3962 6049/4739/3962
f 6052/4736/3962 6054/4737/3962 6055/4738/3962 6053/4739/3962
f 6056/4736/3962 6058/4737/3962 6059/4738/3962 6057/4739/3962
f 6060/4736/3962 6062/4737/3962 6063/4738/3962 6061/4739/3962
f 6064/4736/3962 6066/4737/3962 6067/4738/3962 6065/4739/3962
f 6068/4736/3962 6070/4737/3962 6071/4738/3962 6069/4739/3962
f 6072/4736/3962 6074/4737/3962 6075/4738/3962 6073/4739/3962
f 6076/4736/3962 6078/4737/3962 6079/4738/3962 6077/4739/3962
f 6080/4736/3962 6082/4737/3962 6083/4738/3962 6081/4739/3962
f 6084/4736/3962 6086/4737/3962 6087/4738/3962 6085/4739/3962
f 6088/4736/3962 6090/4737/3962 6091/4738/3962 6089/4739/3962
f 6092/4736/3962 6094/4737/3962 6095/4738/3962 6093/4739/3962
f 6096/4736/3962 6098/4737/3962 6099/4738/3962 6097/4739/3962
f 6100/4736/3962 6102/4737/3962 6103/4738/3962 6101/4739/3962
f 6104/4736/3962 6106/4737/3962 6107/4738/3962 6105/4739/3962
f 6108/4736/3962 6110/4737/3962 6111/4738/3962 6109/4739/3962
f 6112/4736/3962 6114/4737/3962 6115/4738/3962 6113/4739/3962
f 6116/4736/3962 6118/4737/3962 6119/4738/3962 6117/4739/3962
f 6120/4736/3962 6122/4737/3962 6123/4738/3962 6121/4739/3962
f 6124/4736/3962 6126/4737/3962 6127/4738/3962 6125/4739/3962
f 6128/4736/3962 6130/4737/3962 6131/4738/3962 6129/4739/3962
f 6132/4736/3962 6134/4737/3962 6135/4738/3962 6133/4739/3962
f 6136/4736/3962 6138/4737/3962 6139/4738/3962 6137/4739/3962
f 6140/4736/3962 6142/4737/3962 6143/4738/3962 6141/4739/3962
f 6144/4736/3962 6146/4737/3962 6147/4738/3962 6145/4739/3962
f 6148/4736/3962 6150/4737/3962 6151/4738/3962 6149/4739/3962
f 6152/4736/3962 6154/4737/3962 6155/4738/3962 6153/4739/3962
f 6156/4736/3962 6158/4737/3962 6159/4738/3962 6157/4739/3962
f 6160/4736/3962 6162/4737/3962 6163/4738/3962 6161/4739/3962
f 6164/4736/3962 6166/4737/3962 6167/4738/3962 6165/4739/3962
f 6168/4736/3962 6170/4737/3962 6171/4738/3962 6169/4739/3962
f 6172/4736/3962 6174/4737/3962 6175/4738/3962 6173/4739/3962
f 6176/4736/3962 6178/4737/3962 6179/4738/3962 6177/4739/3962
f 6180/4736/3962 6182/4737/3962 6183/4738/3962 6181/4739/3962
f 6184/4736/3962 6186/4737/3962 6187/4738/3962 6185/4739/3962
f 6188/4736/3962 6190/4737/3962 6191/4738/3962 6189/4739/3962
f 6192/4736/3962 6194/4737/3962 6195/4738/3962 6193/4739/3962
f 6196/4736/3962 6198/4737/3962 6199/4738/3962 6197/4739/3962
f 6200/4736/3962 6202/4737/3962 6203/4738/3962 6201/4739/3962
f 6204/4736/3962 6206/4737/3962 6207/4738/3962 6205/4739/3962
f 6208/4736/3962 6210/4737/3962 6211/4738/3962 6209/4739/3962
f 6212/4736/3962 6214/4737/3962 6215/4738/3962 6213/4739/3962
f 6216/4736/3962 6218/4737/3962 6219/4738/3962 6217/4739/3962
f 6220/4736/3962 6222/4737/3962 6223/4738/3962 6221/4739/3962
f 6224/4736/3962 6226/4737/3962 6227/4738/3962 6225/4739/3962
f 6228/4736/3962 6230/4737/3962 6231/4738/3962 6229/4739/3962
f 6232/4736/3962 6234/4737/3962 6235/4738/3962 6233/4739/3962
f 6236/4736/3962 6238/4737/3962 6239/4738/3962 6237/4739/3962
f 6240/4736/3962 6242/4737/3962 6243/4738/3962 6241/4739/3962
f 6244/4736/3962 6246/4737/3962 6247/4738/3962 6245/4739/3962
f 6248/4736/3962 6250/4737/3962 6251/4738/3962 6249/4739/3962
f 6252/4736/3962 6254/4737/3962 6255/4738/3962 6253/4739/3962
f 6256/4736/3962 6258/4737/3962 6259/4738/3962 6257/4739/3962
f 6260/4736/3962 6262/4737/3962 6263/4738/3962 6261/4739/3962
f 6264/4736/3962 6266/4737/3962 6267/4738/3962 6265/4739/3962
f 6268/4736/3962 6270/4737/3962 6271/4738/3962 6269/4739/3962
f 6272/4736/3962 6274/4737/3962 6275/4738/3962 6273/4739/3962
f 6276/4736/3962 6278/4737/3962 6279/4738/3962 6277/4739/3962
f 6280/4736/3962 6282/4737/3962 6283/4738/3962 6281/4739/3962
f 6284/4736/3962 6286/4737/3962 6287/4738/3962 6285/4739/3962
f 6288/4736/3962 6290/4737/3962 6291/4738/3962 6289/4739/3962
f 6292/4736/3962 6294/4737/3962 6295/4738/3962 6293/4739/3962
f 6296/4736/3962 6298/4737/3962 6299/4738/3962 6297/4739/3962
f 6300/4736/3962 6302/4737/3962 6303/4738/3962 6301/4739/3962
f 6304/4736/3962 6306/4737/3962 6307/4738/3962 6305/4739/3962
f 6308/4736/3962 6310/4737/3962 6311/4738/3962 6309/4739/3962
f 6312/4736/3962 6314/4737/3962 6315/4738/3962 6313/4739/3962
f 6316/4736/3962 6318/4737/3962 6319/4738/3962 6317/4739/3962
f 6320/4736/3962 6322/4737/3962 6323/4738/3962 6321/4739/3962
f 6324/4736/3962 6326/4737/3962 6327/4738/3962 6325/4739/3962
f 6328/4736/3962 6330/4737/3962 6331/4738/3962 6329/4739/3962
f 6332/4736/3962 6334/4737/3962 6335/4738/3962 6333/4739/3962
f 6336/4736/3962 6338/4737/3962 6339/4738/3962 6337/4739/3962
f 6340/4736/3962 6342/4737/3962 6343/4738/3962 6341/4739/3962
f 6344/4736/3962 6346/4737/3962 6347/4738/3962 6345/4739/3962
f 6348/4736/3962 6350/4737/3962 6351/4738/3962 6349/4739/3962
f 6352/4736/3962 6354/4737/3962 6355/4738/3962 6353/4739/3962
f 6356/4736/3962 6358/4737/3962 6359/4738/3962 6357/4739/3962
f 6360/4736/3962 6362/4737/3962 6363/4738/3962 6361/4739/3962
f 6364/4736/3962 6366/4737/3962 6367/4738/3962 6365/4739/3962
f 6368/4736/3962 6370/4737/3962 6371/4738/3962 6369/4739/3962
f 6372/4736/3962 6374/4737/3962 6375/4738/3962 6373/4739/3962
f 6376/4736/3962 6378/4737/3962 6379/4738/3962 6377/4739/3962
f 6380/4736/3962 6382/4737/3962 6383/4738/3962 6381/4739/3962
f 6384/4736/3962 6386/4737/3962 6387/4738/3962 6385/4739/3962
f 6388/4736/3962 6390/4737/3962 6391/4738/3962 6389/4739/3962
f 6392/4736/3962 6394/4737/3962 6395/4738/3962 6393/4739/3962
f 6396/4736/3962 6398/4737/3962 6399/4738/3962 6397/4739/3962
f 6400/4736/3962 6402/4737/3962 6403/4738/3962 6401/4739/3962
f 6404/4736/3962 6406/4737/3962 6407/4738/3962 6405/4739/3962
f 6408/4736/3962 6410/4737/3962 6411/4738/3962 6409/4739/3962
f 6412/4736/3962 6414/4737/3962 6415/4738/3962 6413/4739/3962
f 6416/4736/3962 6418/4737/3962 6419/4738/3962 6417/4739/3962
f 6420/4736/3962 6422/4737/3962 6423/4738/3962 6421/4739/3962
f 6424/4736/3962 6426/4737/3962 6427/4738/3962 6425/4739/3962
f 6428/4736/3962 6430/4737/3962 6431/4738/3962 6429/4739/3962
f 6432/4736/3962 6434/4737/3962 6435/4738/3962 6433/4739/3962
f 6436/4736/3962 6438/4737/3962 6439/4738/3962 6437/4739/3962
f 6440/4736/3962 6442/4737/3962 6443/4738/3962 6441/4739/3962
f 6444/4736/3962 6446/4737/3962 6447/4738/3962 6445/4739/3962
f 6448/4736/3962 6450/4737/3962 6451/4738/3962 6449/4739/3962
f 6452/4736/3962 6454/4737/3962 6455/4738/3962 6453/4739/3962
f 6456/4736/3962 6458/4737/3962 6459/4738/3962 6457/4739/3962
f 6460/4736/3962 6462/4737/3962 6463/4738/3962 6461/4739/3962
f 6464/4736/3962 6466/4737/3962 6467/4738/3962 6465/4739/3962
f 6468/4736/3962 6470/4737/3962 6471/4738/3962 6469/4739/3962
f 6472/4736/3962 6474/4737/3962 6475/4738/3962 6473/4739/3962
f 6476/4736/3962 6478/4737/3962 6479/4738/3962 6477/4739/3962
f 6480/4736/3962 6482/4737/3962 6483/4738/3962 6481/4739/3962
f 6484/4736/3962 6486/4737/3962 6487/4738/3962 6485/4739/3962
f 6488/4736/3962 6490/4737/3962 6491/4738/3962 6489/4739/3962
f 6492/4736/3962 6494/4737/3962 6495/4738/3962 6493/4739/3962
f 6496/4736/3962 6498/4737/3962 6499/4738/3962 6497/4739/3962
f 6500/4736/3962 6502/4737/3962 6503/4738/3962 6501/4739/3962
f 6504/4736/3962 6506/4737/3962 6507/4738/3962 6505/4739/3962
f 6508/4736/3962 6510/4737/3962 6511/4738/3962 6509/4739/3962
f 6512/4736/3962 6514/4737/3962 6515/4738/3962 6513/4739/3962
f 6516/4736/3962 6518/4737/3962 6519/4738/3962 6517/4739/3962
f 6520/4736/3962 6522/4737/3962 6523/4738/3962 6521/4739/3962
f 6524/4736/3962 6526/4737/3962 6527/4738/3962 6525/4739/3962
f 6528/4736/3962 6530/4737/3962 6531/4738/3962 6529/4739/3962
f 6532/4736/3962 6534/4737/3962 6535/4738/3962 6533/4739/3962
f 6536/4736/3962 6538/4737/3962 6539/4738/3962 6537/4739/3962
f 6540/4736/3962 6542/4737/3962 6543/4738/3962 6541/4739/3962
f 6544/4736/3962 6546/4737/3962 6547/4738/3962 6545/4739/3962
f 6548/4736/3962 6550/4737/3962 6551/4738/3962 6549/4739/3962
f 6552/4736/3962 6554/4737/3962 6555/4738/3962 6553/4739/3962
f 6556/4736/3962 6558/4737/3962 6559/4738/3962 6557/4739/3962
f 6560/4736/3962 6562/4737/3962 6563/4738/3962 6561/4739/3962
f 6564/4736/3962 6566/4737/3962 6567/4738/3962 6565/4739/3962
f 6568/4736/3962 6570/4737/3962 6571/4738/3962 6569/4739/3962
f 6572/4736/3962 6574/4737/3962 6575/4738/3962 6573/4739/3962
f 6576/4736/3962 6578/4737/3962 6579/4738/3962 6577/4739/3962
f 6580/4736/3962 6582/4737/3962 6583/4738/3962 6581/4739/3962
f 6584/4736/3962 6586/4737/3962 6587/4738/3962 6585/4739/3962
f 6588/4736/3962 6590/4737/3962 6591/4738/3962 6589/4739/3962
f 6592/4736/3962 6594/4737/3962 6595/4738/3962 6593/4739/3962
f 6596/4736/3962 6598/4737/3962 6599/4738/3962 6597/4739/3962
f 6600/4736/3962 6602/4737/3962 6603/4738/3962 6601/4739/3962
f 6604/4736/3962 6606/4737/3962 6607/4738/3962 6605/4739/3962
f 6608/4736/3962 6610/4737/3962 6611/4738/3962 6609/4739/3962
f 6612/4736/3962 6614/4737/3962 6615/4738/3962 6613/4739/3962
f 6616/4736/3962 6618/4737/3962 6619/4738/3962 6617/4739/3962
f 6620/4736/3962 6622/4737/3962 6623/4738/3962 6621/4739/3962
f 6624/4736/3962 6626/4737/3962 6627/4738/3962 6625/4739/3962
f 6628/4736/3962 6630/4737/3962 6631/4738/3962 6629/4739/3962
f 6632/4736/3962 6634/4737/3962 6635/4738/3962 6633/4739/3962
f 6636/4736/3962 6638/4737/3962 6639/4738/3962 6637/4739/3962
f 6640/4736/3962 6642/4737/3962 6643/4738/3962 6641/4739/3962
f 6644/4736/3962 6646/4737/3962 6647/4738/3962 6645/4739/3962
f 6648/4736/3962 6650/4737/3962 6651/4738/3962 6649/4739/3962
f 6652/4736/3962 6654/4737/3962 6655/4738/3962 6653/4739/3962
f 6656/4736/3962 6658/4737/3962 6659/4738/3962 6657/4739/3962
f 6660/4736/3962 6662/4737/3962 6663/4738/3962 6661/4739/3962
f 6664/4736/3962 6666/4737/3962 6667/4738/3962 6665/4739/3962
f 6668/4736/3962 6670/4737/3962 6671/4738/3962 6669/4739/3962
f 6672/4736/3962 6674/4737/3962 6675/4738/3962 6673/4739/3962
f 6676/4736/3962 6678/4737/3962 6679/4738/3962 6677/4739/3962
f 6680/4736/3962 6682/4737/3962 6683/4738/3962 6681/4739/3962
f 6684/4736/3962 6686/4737/3962 6687/4738/3962 6685/4739/3962
f 6688/4736/3962 6690/4737/3962 6691/4738/3962 6689/4739/3962
f 6692/4736/3962 6694/4737/3962 6695/4738/3962 6693/4739/3962
f 6696/4736/3962 6698/4737/3962 6699/4738/3962 6697/4739/3962
f 6700/4736/3962 6702/4737/3962 6703/4738/3962 6701/4739/3962
f 6704/4736/3962 6706/4737/3962 6707/4738/3962 6705/4739/3962
f 6708/4736/3962 6710/4737/3962 6711/4738/3962 6709/4739/3962
f 6712/4736/3963 6714/4737/3963 6715/4738/3963 6713/4739/3963
f 6716/4736/3963 6718/4737/3963 6719/4738/3963 6717/4739/3963
f 6720/4736/3963 6722/4737/3963 6723/4738/3963 6721/4739/3963
f 6724/4736/3963 6726/4737/3963 6727/4738/3963 6725/4739/3963
f 6728/4736/3963 6730/4737/3963 6731/4738/3963 6729/4739/3963
f 6732/4736/3963 6734/4737/3963 6735/4738/3963 6733/4739/3963
f 6736/4736/3963 6738/4737/3963 6739/4738/3963 6737/4739/3963
f 6740/4736/3963 6742/4737/3963 6743/4738/3963 6741/4739/3963
f 6744/4736/3963 6746/4737/3963 6747/4738/3963 6745/4739/3963
f 6748/4736/3963 6750/4737/3963 6751/4738/3963 6749/4739/3963
f 6752/4736/3963 6754/4737/3963 6755/4738/3963 6753/4739/3963
f 6756/4736/3963 6758/4737/3963 6759/4738/3963 6757/4739/3963
f 6760/4736/3963 6762/4737/3963 6763/4738/3963 6761/4739/3963
f 6764/4736/3963 6766/4737/3963 6767/4738/3963 6765/4739/3963
f 6768/4736/3963 6770/4737/3963 6771/4738/3963 6769/4739/3963
f 6772/4736/3963 6774/4737/3963 6775/4738/3963 6773/4739/3963
f 6776/4736/3963 6778/4737/3963 6779/4738/3963 6777/4739/3963
f 6780/4736/3963 6782/4737/3963 6783/4738/3963 6781/4739/3963
f 6784/4736/3963 6786/4737/3963 6787/4738/3963 6785/4739/3963
f 6788/4736/3963 6790/4737/3963 6791/4738/3963 6789/4739/3963
f 6792/4736/3963 6794/4737/3963 6795/4738/3963 6793/4739/3963
f 6796/4736/3963 6798/4737/3963 6799/4738/3963 6797/4739/3963
f 6800/4736/3963 6802/4737/3963 6803/4738/3963 6801/4739/3963
f 6804/4736/3962 6806/4737/3962 6807/4738/3962 6805/4739/3962
f 6808/4736/3962 6810/4737/3962 6811/4738/3962 6809/4739/3962
f 6812/4736/3962 6814/4737/3962 6815/4738/3962 6813/4739/3962
f 6816/4736/3962 6818/4737/3962 6819/4738/3962 6817/4739/3962
f 6820/4736/3962 6822/4737/3962 6823/4738/3962 6821/4739/3962
f 6824/4736/3962 6826/4737/3962 6827/4738/3962 6825/4739/3962
f 6828/4736/3962 6830/4737/3962 6831/4738/3962 6829/4739/3962
f 6832/4736/3962 6834/4737/3962 6835/4738/3962 6833/4739/3962
f 6836/4736/3962 6838/4737/3962 6839/4738/3962 6837/4739/3962
f 6840/4736/3962 6842/4737/3962 6843/4738/3962 6841/4739/3962
f 6844/4736/3962 6846/4737/3962 6847/4738/3962 6845/4739/3962
f 6848/4736/3962 6850/4737/3962 6851/4738/3962 6849/4739/3962
f 6852/4736/3962 6854/4737/3962 6855/4738/3962 6853/4739/3962
f 6856/4736/3962 6858/4737/3962 6859/4738/3962 6857/4739/3962
f 6860/4736/3962 6862/4737/3962 6863/4738/3962 6861/4739/3962
f 6864/4736/3962 6866/4737/3962 6867/4738/3962 6865/4739/3962
f 6868/4736/3962 6870/4737/3962 6871/4738/3962 6869/4739/3962
f 6872/4736/3962 6874/4737/3962 6875/4738/3962 6873/4739/3962
f 6876/4736/3962 6878/4737/3962 6879/4738/3962 6877/4739/3962
f 6880/4736/3962 6882/4737/3962 6883/4738/3962 6881/4739/3962
f 6884/4736/3962 6886/4737/3962 6887/4738/3962 6885/4739/3962
f 6888/4736/3962 6890/4737/3962 6891/4738/3962 6889/4739/3962
f 6892/4736/3962 6894/4737/3962 6895/4738/3962 6893/4739/3962
f 6896/4736/3962 6898/4737/3962 6899/4738/3962 6897/4739/3962
f 6900/4736/3962 6902/4737/3962 6903/4738/3962 6901/4739/3962
f 6904/4736/3962 6906/4737/3962 6907/4738/3962 6905/4739/3962
f 6908/4736/3962 6910/4737/3962 6911/4738/3962 6909/4739/3962
f 6912/4736/3962 6914/4737/3962 6915/4738/3962 6913/4739/3962
f 6916/4736/3962 6918/4737/3962 6919/4738/3962 6917/4739/3962
f 6920/4736/3962 6922/4737/3962 6923/4738/3962 6921/4739/3962
f 6924/4736/3962 6926/4737/3962 6927/4738/3962 6925/4739/3962
f 6928/4736/3962 6930/4737/3962 6931/4738/3962 6929/4739/3962
f 6932/4736/3962 6934/4737/3962 6935/4738/3962 6933/4739/3962
f 6936/4736/3962 6938/4737/3962 6939/4738/3962 6937/4739/3962
f 6940/4736/3962 6942/4737/3962 6943/4738/3962 6941/4739/3962
f 6944/4736/3962 6946/4737/3962 6947/4738/3962 6945/4739/3962
f 6948/4736/3962 6950/4737/3962 6951/4738/3962 6949/4739/3962
f 6952/4736/3962 6954/4737/3962 6955/4738/3962 6953/4739/3962
f 6956/4736/3963 6958/4737/3963 6959/4738/3963 6957/4739/3963
f 6960/4736/3963 6962/4737/3963 6963/4738/3963 6961/4739/3963
f 6964/4736/3963 6966/4737/3963 6967/4738/3963 6965/4739/3963
f 6968/4736/3963 6970/4737/3963 6971/4738/3963 6969/4739/3963
f 6972/4736/3963 6974/4737/3963 6975/4738/3963 6973/4739/3963
f 6976/4736/3963 6978/4737/3963 6979/4738/3963 6977/4739/3963
f 6980/4736/3963 6982/4737/3963 6983/4738/3963 6981/4739/3963
f 6984/4736/3963 6986/4737/3963 6987/4738/3963 6985/4739/3963
f 6988/4736/3963 6990/4737/3963 6991/4738/3963 6989/4739/3963
f 6992/4736/3963 6994/4737/3963 6995/4738/3963 6993/4739/3963
f 6996/4736/3963 6998/4737/3963 6999/4738/3963 6997/4739/3963
f 7000/4736/3963 7002/4737/3963 7003/4738/3963 7001/4739/3963
f 7004/4736/3963 7006/4737/3963 7007/4738/3963 7005/4739/3963
f 7008/4736/3963 7010/4737/3963 7011/4738/3963 7009/4739/3963
f 7012/4736/3963 7014/4737/3963 7015/4738/3963 7013/4739/3963
f 7016/4736/3963 7018/4737/3963 7019/4738/3963 7017/4739/3963
f 7020/4736/3963 7022/4737/3963 7023/4738/3963 7021/4739/3963
f 7024/4736/3963 7026/4737/3963 7027/4738/3963 7025/4739/3963
f 7028/4736/3962 7030/4737/3962 7031/4738/3962 7029/4739/3962
f 7032/4736/3962 7034/4737/3962 7035/4738/3962 7033/4739/3962
f 7036/4736/3962 7038/4737/3962 7039/4738/3962 7037/4739/3962
f 7040/4736/3962 7042/4737/3962 7043/4738/3962 7041/4739/3962
f 7044/4736/3962 7046/4737/3962 7047/4738/3962 7045/4739/3962
f 7048/4736/3962 7050/4737/3962 7051/4738/3962 7049/4739/3962
f 7052/4736/3962 7054/4737/3962 7055/4738/3962 7053/4739/3962
f 7056/4736/3962 7058/4737/3962 7059/4738/3962 7057/4739/3962
f 7060/4736/3962 7062/4737/3962 7063/4738/3962 7061/4739/3962
f 7064/4736/3962 7066/4737/3962 7067/4738/3962 7065/4739/3962
f 7068/4736/3962 7070/4737/3962 7071/4738/3962 7069/4739/3962
f 7072/4736/3962 7074/4737/3962 7075/4738/3962 7073/4739/3962
f 7076/4736/3962 7078/4737/3962 7079/4738/3962 7077/4739/3962
f 7080/4736/3962 7082/4737/3962 7083/4738/3962 7081/4739/3962
f 7084/4736/3962 7086/4737/3962 7087/4738/3962 7085/4739/3962
f 7088/4736/3962 7090/4737/3962 7091/4738/3962 7089/4739/3962
f 7092/4736/3962 7094/4737/3962 7095/4738/3962 7093/4739/3962
f 7096/4736/3962 7098/4737/3962 7099/4738/3962 7097/4739/3962
f 7100/4736/3962 7102/4737/3962 7103/4738/3962 7101/4739/3962
f 7104/4736/3962 7106/4737/3962 7107/4738/3962 7105/4739/3962
f 7108/4736/3962 7110/4737/3962 7111/4738/3962 7109/4739/3962
f 7112/4736/3963 7114/4737/3963 7115/4738/3963 7113/4739/3963
f 7116/4736/3962 7118/4737/3962 7119/4738/3962 7117/4739/3962
f 7120/4736/3962 7122/4737/3962 7123/4738/3962 7121/4739/3962
f 7124/4736/3962 7126/4737/3962 7127/4738/3962 7125/4739/3962
f 7128/4736/3962 7130/4737/3962 7131/4738/3962 7129/4739/3962
f 7132/4736/3962 7134/4737/3962 7135/4738/3962 7133/4739/3962
f 7136/4736/3962 7138/4737/3962 7139/4738/3962 7137/4739/3962
f 7140/4736/3962 7142/4737/3962 7143/4738/3962 7141/4739/3962
f 7144/4736/3962 7146/4737/3962 7147/4738/3962 7145/4739/3962
f 7148/4736/3962 7150/4737/3962 7151/4738/3962 7149/4739/3962
f 7152/4736/3962 7154/4737/3962 7155/4738/3962 7153/4739/3962
f 7156/4736/3962 7158/4737/3962 7159/4738/3962 7157/4739/3962
f 7160/4736/3966 7162/4737/3966 7163/4738/3966 7161/4739/3966
f 7164/4736/3962 7166/4737/3962 7167/4738/3962 7165/4739/3962
f 7168/4736/3962 7170/4737/3962 7171/4738/3962 7169/4739/3962
f 7172/4736/3962 7174/4737/3962 7175/4738/3962 7173/4739/3962
f 7176/4736/3962 7178/4737/3962 7179/4738/3962 7177/4739/3962
f 7180/4736/3962 7182/4737/3962 7183/4738/3962 7181/4739/3962
f 7184/4736/3962 7186/4737/3962 7187/4738/3962 7185/4739/3962
f 7188/4736/3962 7190/4737/3962 7191/4738/3962 7189/4739/3962
f 7192/4736/3962 7194/4737/3962 7195/4738/3962 7193/4739/3962
f 7196/4736/3962 7198/4737/3962 7199/4738/3962 7197/4739/3962
f 7200/4736/3962 7202/4737/3962 7203/4738/3962 7201/4739/3962
f 7204/4736/3962 7206/4737/3962 7207/4738/3962 7205/4739/3962
f 7208/4736/3962 7210/4737/3962 7211/4738/3962 7209/4739/3962
f 7212/4736/3962 7214/4737/3962 7215/4738/3962 7213/4739/3962
f 7216/4736/3962 7218/4737/3962 7219/4738/3962 7217/4739/3962
f 7220/4736/3962 7222/4737/3962 7223/4738/3962 7221/4739/3962
f 7224/4736/3962 7226/4737/3962 7227/4738/3962 7225/4739/3962
f 7228/4736/3962 7230/4737/3962 7231/4738/3962 7229/4739/3962
f 7232/4736/3962 7234/4737/3962 7235/4738/3962 7233/4739/3962
f 7236/4736/3962 7238/4737/3962 7239/4738/3962 7237/4739/3962
f 7240/4736/3962 7242/4737/3962 7243/4738/3962 7241/4739/3962
f 7244/4736/3962 7246/4737/3962 7247/4738/3962 7245/4739/3962
f 7248/4736/3962 7250/4737/3962 7251/4738/3962 7249/4739/3962
f 7252/4736/3962 7254/4737/3962 7255/4738/3962 7253/4739/3962
f 7256/4736/3962 7258/4737/3962 7259/4738/3962 7257/4739/3962
f 7260/4736/3962 7262/4737/3962 7263/4738/3962 7261/4739/3962
f 7264/4736/3962 7266/4737/3962 7267/4738/3962 7265/4739/3962
f 7268/4736/3962 7270/4737/3962 7271/4738/3962 7269/4739/3962
f 7272/4736/3962 7274/4737/3962 7275/4738/3962 7273/4739/3962
f 7276/4736/3962 7278/4737/3962 7279/4738/3962 7277/4739/3962
f 7280/4736/3962 7282/4737/3962 7283/4738/3962 7281/4739/3962
f 7284/4736/3962 7286/4737/3962 7287/4738/3962 7285/4739/3962
f 7288/4736/3962 7290/4737/3962 7291/4738/3962 7289/4739/3962
f 7292/4736/3962 7294/4737/3962 7295/4738/3962 7293/4739/3962
f 7296/4736/3962 7298/4737/3962 7299/4738/3962 7297/4739/3962
f 7300/4736/3962 7302/4737/3962 7303/4738/3962 7301/4739/3962
f 7304/4736/3962 7306/4737/3962 7307/4738/3962 7305/4739/3962
f 7308/4736/3962 7310/4737/3962 7311/4738/3962 7309/4739/3962
f 7312/4736/3962 7314/4737/3962 7315/4738/3962 7313/4739/3962
f 7316/4736/3962 7318/4737/3962 7319/4738/3962 7317/4739/3962
f 7320/4736/3962 7322/4737/3962 7323/4738/3962 7321/4739/3962
f 7324/4736/3962 7326/4737/3962 7327/4738/3962 7325/4739/3962
f 7328/4736/3962 7330/4737/3962 7331/4738/3962 7329/4739/3962
f 7332/4736/3962 7334/4737/3962 7335/4738/3962 7333/4739/3962
f 7336/4736/3962 7338/4737/3962 7339/4738/3962 7337/4739/3962
f 7340/4736/3962 7342/4737/3962 7343/4738/3962 7341/4739/3962
f 7344/4736/3962 7346/4737/3962 7347/4738/3962 7345/4739/3962
f 7348/4736/3962 7350/4737/3962 7351/4738/3962 7349/4739/3962
f 7352/4736/3962 7354/4737/3962 7355/4738/3962 7353/4739/3962
f 7356/4736/3962 7358/4737/3962 7359/4738/3962 7357/4739/3962
f 7360/4736/3962 7362/4737/3962 7363/4738/3962 7361/4739/3962
f 7364/4736/3962 7366/4737/3962 7367/4738/3962 7365/4739/3962
f 7368/4736/3962 7370/4737/3962 7371/4738/3962 7369/4739/3962
f 7372/4736/3962 7374/4737/3962 7375/4738/3962 7373/4739/3962
f 7376/4736/3962 7378/4737/3962 7379/4738/3962 7377/4739/3962
f 7380/4736/3962 7382/4737/3962 7383/4738/3962 7381/4739/3962
f 7384/4736/3962 7386/4737/3962 7387/4738/3962 7385/4739/3962
f 7388/4736/3962 7390/4737/3962 7391/4738/3962 7389/4739/3962
f 7392/4736/3962 7394/4737/3962 7395/4738/3962 7393/4739/3962
f 7396/4736/3962 7398/4737/3962 7399/4738/3962 7397/4739/3962
f 7400/4736/3962 7402/4737/3962 7403/4738/3962 7401/4739/3962
f 7404/4736/3962 7406/4737/3962 7407/4738/3962 7405/4739/3962
f 7408/4736/3962 7410/4737/3962 7411/4738/3962 7409/4739/3962
f 7412/4736/3962 7414/4737/3962 7415/4738/3962 7413/4739/3962
f 7416/4736/3962 7418/4737/3962 7419/4738/3962 7417/4739/3962
